# C27 sheetFrac route, 2026-09-25. Every testdocs page at mean sat <= 0.06 and sheetFrac > 0.01 (production order: renderGrey, then thumbnail), picture = isPicture. Only picture=true pages change output. greyKB/colourKB: the page's picture JPEG at rebuildDPI, q 0.6, both encoders flatten uses (not the published MRC size).
doc	page	sat	sheet	picture	greyKB	colourKB	deltaKB
1954 - Why.pdf	p4	0.0392	0.01326	true	269.7	283.5	+13.8
1954 - Why.pdf	p5	0.0369	0.01907	false	-	-	-
1954 - Why.pdf	p6	0.0428	0.02203	true	237.6	252.2	+14.6
1954 - Why.pdf	p7	0.0412	0.02783	true	254.1	268.6	+14.5
1954 - Why.pdf	p8	0.0424	0.02613	false	-	-	-
1954 - Why.pdf	p9	0.0412	0.02595	false	-	-	-
JAH Review.pdf	p1	0.0160	0.01865	false	-	-	-
Westad_2005_The Global Cold War_Cambridge University Press.pdf	p1	0.0160	0.01867	false	-	-	-
2013 - Silicon Valley Program Transcript.pdf	p1	0.0507	0.04662	false	-	-	-
2013 - Silicon Valley Program Transcript.pdf	p2	0.0498	0.04517	false	-	-	-
2013 - Silicon Valley Program Transcript.pdf	p3	0.0498	0.04517	false	-	-	-
2013 - Silicon Valley Program Transcript.pdf	p4	0.0498	0.04517	false	-	-	-
2013 - Silicon Valley Program Transcript.pdf	p5	0.0498	0.04517	false	-	-	-
2013 - Silicon Valley Program Transcript.pdf	p6	0.0499	0.04518	false	-	-	-
2013 - Silicon Valley Program Transcript.pdf	p7	0.0499	0.04517	false	-	-	-
2013 - Silicon Valley Program Transcript.pdf	p8	0.0498	0.04516	false	-	-	-
2013 - Silicon Valley Program Transcript.pdf	p9	0.0498	0.04517	false	-	-	-
2013 - Silicon Valley Program Transcript.pdf	p10	0.0498	0.04515	false	-	-	-
2013 - Silicon Valley Program Transcript.pdf	p11	0.0498	0.04517	false	-	-	-
2013 - Silicon Valley Program Transcript.pdf	p12	0.0498	0.04517	false	-	-	-
2013 - Silicon Valley Program Transcript.pdf	p13	0.0498	0.04517	false	-	-	-
2013 - Silicon Valley Program Transcript.pdf	p14	0.0498	0.04517	false	-	-	-
2013 - Silicon Valley Program Transcript.pdf	p15	0.0498	0.04516	false	-	-	-
2013 - Silicon Valley Program Transcript.pdf	p16	0.0498	0.04516	false	-	-	-
2013 - Silicon Valley Program Transcript.pdf	p17	0.0498	0.04517	false	-	-	-
2013 - Silicon Valley Program Transcript.pdf	p18	0.0498	0.04514	false	-	-	-
2013 - Silicon Valley Program Transcript.pdf	p19	0.0498	0.04515	false	-	-	-
2013 - Silicon Valley Program Transcript.pdf	p20	0.0498	0.04511	false	-	-	-
2013 - Silicon Valley Program Transcript.pdf	p21	0.0498	0.04513	false	-	-	-
2013 - Silicon Valley Program Transcript.pdf	p22	0.0498	0.04513	false	-	-	-
2013 - Silicon Valley Program Transcript.pdf	p23	0.0498	0.04513	false	-	-	-
2013 - Silicon Valley Program Transcript.pdf	p24	0.0498	0.04513	false	-	-	-
2013 - Silicon Valley Program Transcript.pdf	p25	0.0498	0.04512	false	-	-	-
2013 - Silicon Valley Program Transcript.pdf	p26	0.0498	0.04512	false	-	-	-
2013 - Silicon Valley Program Transcript.pdf	p27	0.0498	0.04513	false	-	-	-
2013 - Silicon Valley Program Transcript.pdf	p28	0.0498	0.04510	false	-	-	-
2013 - Silicon Valley Program Transcript.pdf	p29	0.0498	0.04511	false	-	-	-
2013 - Silicon Valley Program Transcript.pdf	p30	0.0498	0.04511	false	-	-	-
2013 - Silicon Valley Program Transcript.pdf	p31	0.0498	0.04513	false	-	-	-
2013 - Silicon Valley Program Transcript.pdf	p32	0.0498	0.04513	false	-	-	-
2013 - Silicon Valley Program Transcript.pdf	p33	0.0498	0.04513	false	-	-	-
2013 - Silicon Valley Program Transcript.pdf	p34	0.0498	0.04513	false	-	-	-
2013 - Silicon Valley Program Transcript.pdf	p35	0.0498	0.04512	false	-	-	-
2013 - Silicon Valley Program Transcript.pdf	p36	0.0497	0.04512	false	-	-	-
2013 - Silicon Valley Program Transcript.pdf	p37	0.0498	0.04513	false	-	-	-
2013 - Silicon Valley Program Transcript.pdf	p38	0.0496	0.04510	false	-	-	-
_1973_Committee Against Racism_.pdf	p1	0.0065	0.01010	false	-	-	-
1935_Title Page.pdf	p1	0.0075	0.01063	false	-	-	-
Fisch et al. - 2019 - The New Titans of Wall Street A Theoretical Framework for Passive Investors.pdf	p1	0.0191	0.02186	false	-	-	-
Price_1958_The Small Business Tax Revision of 1958.pdf	p1	0.0088	0.01169	false	-	-	-
Robin_Stephens_1996_Against the Grain_Social Text.pdf	p1	0.0103	0.01266	false	-	-	-
Surani et al. - AI for Scaling Legal Reform Mapping and Redacting Racial Covenants in Santa Clara County.pdf	p5	0.0201	0.02795	false	-	-	-
Surani et al. - AI for Scaling Legal Reform Mapping and Redacting Racial Covenants in Santa Clara County.pdf	p7	0.0073	0.01008	false	-	-	-
Surani et al. - AI for Scaling Legal Reform Mapping and Redacting Racial Covenants in Santa Clara County.pdf	p16	0.0479	0.03003	true	429.3	498.0	+68.7
Surani et al. - AI for Scaling Legal Reform Mapping and Redacting Racial Covenants in Santa Clara County.pdf	p22	0.0216	0.03233	false	-	-	-
Surani et al. - AI for Scaling Legal Reform Mapping and Redacting Racial Covenants in Santa Clara County.pdf	p27	0.0102	0.01477	false	-	-	-
Surani et al. - AI for Scaling Legal Reform Mapping and Redacting Racial Covenants in Santa Clara County.pdf	p32	0.0117	0.01987	false	-	-	-
Surani et al. - AI for Scaling Legal Reform Mapping and Redacting Racial Covenants in Santa Clara County.pdf	p36	0.0473	0.02916	false	-	-	-
_1985_Issue 2_New Perspectives.pdf	p1	0.0088	0.01169	false	-	-	-
Black_0000_The Scandal of Educational Testing.pdf	p3	0.0386	0.03727	true	520.0	534.3	+14.3
Davis_2005_Optimism of the Will_Nation.pdf	p1	0.0114	0.01167	true	305.5	317.1	+11.6
Ehrenreich_2000_Maid to order_Harper's Magazine.pdf	p4	0.0424	0.05774	true	528.9	558.4	+29.4
Ehrenreich_2000_Maid to order_Harper's Magazine.pdf	p5	0.0369	0.06198	true	597.5	625.6	+28.1
Ehrenreich_2000_Maid to order_Harper's Magazine.pdf	p8	0.0219	0.02095	true	542.0	566.6	+24.6
Ehrenreich_2000_Maid to order_Harper's Magazine.pdf	p9	0.0231	0.03063	true	536.1	562.3	+26.2
HarpersMagazine-1938-05-0019577.pdf	p3	0.0363	0.01916	false	-	-	-
HarpersMagazine-1938-05-0019577.pdf	p4	0.0355	0.02017	false	-	-	-
HarpersMagazine-1938-05-0019577.pdf	p5	0.0536	0.05292	false	-	-	-
HarpersMagazine-1938-05-0019577.pdf	p9	0.0463	0.03854	false	-	-	-
AI 2027.pdf	p1	0.0496	0.05091	false	-	-	-
AI 2027.pdf	p4	0.0056	0.01411	false	-	-	-
AI 2027.pdf	p8	0.0192	0.03199	false	-	-	-
AI 2027.pdf	p11	0.0061	0.01096	true	1052.9	1114.9	+61.9
AI 2027.pdf	p18	0.0059	0.01003	false	-	-	-
AI 2027.pdf	p21	0.0066	0.01132	false	-	-	-
AI 2027.pdf	p23	0.0121	0.01207	false	-	-	-
AI 2027.pdf	p24	0.0129	0.01298	false	-	-	-
AI 2027.pdf	p26	0.0157	0.01591	false	-	-	-
AI 2027.pdf	p27	0.0247	0.02492	false	-	-	-
AI 2027.pdf	p28	0.0478	0.04823	false	-	-	-
AI 2027.pdf	p30	0.0486	0.04920	false	-	-	-
AI 2027.pdf	p32	0.0068	0.01023	false	-	-	-
AI 2027.pdf	p34	0.0137	0.02220	false	-	-	-
AI 2027.pdf	p35	0.0077	0.01289	false	-	-	-
AI 2027.pdf	p37	0.0085	0.01387	false	-	-	-
AI 2027.pdf	p38	0.0166	0.02894	false	-	-	-
AI 2027.pdf	p39	0.0092	0.01598	false	-	-	-
AI 2027.pdf	p40	0.0095	0.01643	false	-	-	-
AI 2027.pdf	p41	0.0213	0.03703	false	-	-	-
AI 2027.pdf	p42	0.0383	0.06423	false	-	-	-
AI 2027.pdf	p43	0.0352	0.05931	false	-	-	-
Levy and Temin - 2007 - Inequality and Institutions in 20th Century Americ.pdf	p12	0.0167	0.01102	false	-	-	-
Levy and Temin - 2007 - Inequality and Institutions in 20th Century Americ.pdf	p14	0.0161	0.01119	false	-	-	-
Levy and Temin - 2007 - Inequality and Institutions in 20th Century Americ.pdf	p15	0.0159	0.01282	false	-	-	-
Levy and Temin - 2007 - Inequality and Institutions in 20th Century Americ.pdf	p16	0.0173	0.01288	false	-	-	-
Levy and Temin - 2007 - Inequality and Institutions in 20th Century Americ.pdf	p18	0.0179	0.01354	false	-	-	-
Levy and Temin - 2007 - Inequality and Institutions in 20th Century Americ.pdf	p21	0.0147	0.01133	false	-	-	-
Levy and Temin - 2007 - Inequality and Institutions in 20th Century Americ.pdf	p23	0.0148	0.01146	false	-	-	-
Levy and Temin - 2007 - Inequality and Institutions in 20th Century Americ.pdf	p24	0.0161	0.01126	false	-	-	-
Levy and Temin - 2007 - Inequality and Institutions in 20th Century Americ.pdf	p27	0.0150	0.01189	false	-	-	-
Levy and Temin - 2007 - Inequality and Institutions in 20th Century Americ.pdf	p28	0.0158	0.01028	false	-	-	-
Levy and Temin - 2007 - Inequality and Institutions in 20th Century Americ.pdf	p29	0.0153	0.01227	false	-	-	-
Levy and Temin - 2007 - Inequality and Institutions in 20th Century Americ.pdf	p31	0.0150	0.01301	false	-	-	-
Levy and Temin - 2007 - Inequality and Institutions in 20th Century Americ.pdf	p32	0.0166	0.01165	false	-	-	-
Levy and Temin - 2007 - Inequality and Institutions in 20th Century Americ.pdf	p33	0.0149	0.01157	false	-	-	-
Levy and Temin - 2007 - Inequality and Institutions in 20th Century Americ.pdf	p34	0.0167	0.01142	false	-	-	-
Levy and Temin - 2007 - Inequality and Institutions in 20th Century Americ.pdf	p35	0.0180	0.01542	false	-	-	-
Levy and Temin - 2007 - Inequality and Institutions in 20th Century Americ.pdf	p36	0.0164	0.01100	false	-	-	-
Levy and Temin - 2007 - Inequality and Institutions in 20th Century Americ.pdf	p38	0.0162	0.01139	false	-	-	-
Levy and Temin - 2007 - Inequality and Institutions in 20th Century Americ.pdf	p39	0.0164	0.01394	false	-	-	-
Levy and Temin - 2007 - Inequality and Institutions in 20th Century Americ.pdf	p40	0.0177	0.01312	false	-	-	-
Levy and Temin - 2007 - Inequality and Institutions in 20th Century Americ.pdf	p41	0.0155	0.01255	false	-	-	-
Levy and Temin - 2007 - Inequality and Institutions in 20th Century Americ.pdf	p42	0.0168	0.01227	false	-	-	-
Levy and Temin - 2007 - Inequality and Institutions in 20th Century Americ.pdf	p43	0.0156	0.01414	false	-	-	-
Levy and Temin - 2007 - Inequality and Institutions in 20th Century Americ.pdf	p44	0.0169	0.01231	false	-	-	-
Levy and Temin - 2007 - Inequality and Institutions in 20th Century Americ.pdf	p45	0.0145	0.01204	false	-	-	-
Levy and Temin - 2007 - Inequality and Institutions in 20th Century Americ.pdf	p46	0.0159	0.01061	false	-	-	-
Levy and Temin - 2007 - Inequality and Institutions in 20th Century Americ.pdf	p47	0.0148	0.01106	false	-	-	-
Levy and Temin - 2007 - Inequality and Institutions in 20th Century Americ.pdf	p48	0.0162	0.01115	false	-	-	-
Levy and Temin - 2007 - Inequality and Institutions in 20th Century Americ.pdf	p49	0.0164	0.01447	false	-	-	-
Levy and Temin - 2007 - Inequality and Institutions in 20th Century Americ.pdf	p51	0.0159	0.01292	false	-	-	-
Levy and Temin - 2007 - Inequality and Institutions in 20th Century Americ.pdf	p52	0.0190	0.01486	false	-	-	-
Levy and Temin - 2007 - Inequality and Institutions in 20th Century Americ.pdf	p53	0.0166	0.01410	false	-	-	-
Levy and Temin - 2007 - Inequality and Institutions in 20th Century Americ.pdf	p54	0.0183	0.01420	false	-	-	-
Levy and Temin - 2007 - Inequality and Institutions in 20th Century Americ.pdf	p55	0.0156	0.01344	false	-	-	-
Levy and Temin - 2007 - Inequality and Institutions in 20th Century Americ.pdf	p56	0.0163	0.01211	false	-	-	-
Levy and Temin - 2007 - Inequality and Institutions in 20th Century Americ.pdf	p57	0.0163	0.01450	false	-	-	-
Levy and Temin - 2007 - Inequality and Institutions in 20th Century Americ.pdf	p59	0.0155	0.01255	false	-	-	-
Schwaller - 2026 - Silicon Valley Landscapes Architecture and the Soft Power of Big Tech.pdf	p30	0.0305	0.04943	true	916.5	974.3	+57.8
Schwaller - 2026 - Silicon Valley Landscapes Architecture and the Soft Power of Big Tech.pdf	p37	0.0356	0.04522	true	788.3	847.4	+59.1
Schwaller - 2026 - Silicon Valley Landscapes Architecture and the Soft Power of Big Tech.pdf	p50	0.0481	0.07021	true	854.0	921.7	+67.7
Schwaller - 2026 - Silicon Valley Landscapes Architecture and the Soft Power of Big Tech.pdf	p52	0.0403	0.05267	true	985.6	1058.7	+73.1
Schwaller - 2026 - Silicon Valley Landscapes Architecture and the Soft Power of Big Tech.pdf	p56	0.0535	0.07588	true	825.3	877.0	+51.7
Schwaller - 2026 - Silicon Valley Landscapes Architecture and the Soft Power of Big Tech.pdf	p57	0.0276	0.03246	true	835.7	888.6	+52.9
Schwaller - 2026 - Silicon Valley Landscapes Architecture and the Soft Power of Big Tech.pdf	p58	0.0305	0.04025	true	950.6	1020.2	+69.7
Schwaller - 2026 - Silicon Valley Landscapes Architecture and the Soft Power of Big Tech.pdf	p62	0.0252	0.04519	true	540.5	575.5	+35.0
Schwaller - 2026 - Silicon Valley Landscapes Architecture and the Soft Power of Big Tech.pdf	p63	0.0169	0.02175	true	812.9	862.4	+49.5
Schwaller - 2026 - Silicon Valley Landscapes Architecture and the Soft Power of Big Tech.pdf	p66	0.0401	0.06534	true	763.3	825.8	+62.4
Schwaller - 2026 - Silicon Valley Landscapes Architecture and the Soft Power of Big Tech.pdf	p68	0.0437	0.06231	true	871.8	943.3	+71.5
Schwaller - 2026 - Silicon Valley Landscapes Architecture and the Soft Power of Big Tech.pdf	p70	0.0433	0.07144	true	806.0	867.8	+61.9
Schwaller - 2026 - Silicon Valley Landscapes Architecture and the Soft Power of Big Tech.pdf	p78	0.0390	0.07017	true	987.1	1050.2	+63.1
Schwaller - 2026 - Silicon Valley Landscapes Architecture and the Soft Power of Big Tech.pdf	p80	0.0505	0.07821	true	985.3	1058.8	+73.5
Schwaller - 2026 - Silicon Valley Landscapes Architecture and the Soft Power of Big Tech.pdf	p83	0.0245	0.03359	true	900.8	960.0	+59.2
Schwaller - 2026 - Silicon Valley Landscapes Architecture and the Soft Power of Big Tech.pdf	p85	0.0415	0.04879	true	835.9	900.5	+64.6
Schwaller - 2026 - Silicon Valley Landscapes Architecture and the Soft Power of Big Tech.pdf	p88	0.0258	0.03332	true	770.2	823.2	+53.0
Schwaller - 2026 - Silicon Valley Landscapes Architecture and the Soft Power of Big Tech.pdf	p95	0.0222	0.03352	true	579.2	615.0	+35.8
Schwaller - 2026 - Silicon Valley Landscapes Architecture and the Soft Power of Big Tech.pdf	p96	0.0284	0.04892	true	895.7	962.7	+67.0
Schwaller - 2026 - Silicon Valley Landscapes Architecture and the Soft Power of Big Tech.pdf	p99	0.0387	0.05136	true	792.6	850.6	+58.0
Schwaller - 2026 - Silicon Valley Landscapes Architecture and the Soft Power of Big Tech.pdf	p101	0.0374	0.06367	true	823.8	890.3	+66.5
Schwaller - 2026 - Silicon Valley Landscapes Architecture and the Soft Power of Big Tech.pdf	p102	0.0271	0.02682	true	912.1	981.9	+69.7
Schwaller - 2026 - Silicon Valley Landscapes Architecture and the Soft Power of Big Tech.pdf	p104	0.0295	0.04078	true	901.5	966.1	+64.6
Schwaller - 2026 - Silicon Valley Landscapes Architecture and the Soft Power of Big Tech.pdf	p108	0.0209	0.02902	true	858.3	914.0	+55.7
Schwaller - 2026 - Silicon Valley Landscapes Architecture and the Soft Power of Big Tech.pdf	p110	0.0441	0.07586	true	790.0	850.7	+60.7
Schwaller - 2026 - Silicon Valley Landscapes Architecture and the Soft Power of Big Tech.pdf	p113	0.0321	0.05932	true	830.0	889.8	+59.8
Schwaller - 2026 - Silicon Valley Landscapes Architecture and the Soft Power of Big Tech.pdf	p114	0.0258	0.03116	true	872.7	935.1	+62.4
Schwaller - 2026 - Silicon Valley Landscapes Architecture and the Soft Power of Big Tech.pdf	p117	0.0293	0.05002	true	880.6	942.0	+61.4
Schwaller - 2026 - Silicon Valley Landscapes Architecture and the Soft Power of Big Tech.pdf	p123	0.0497	0.08323	true	788.7	844.4	+55.7
Schwaller - 2026 - Silicon Valley Landscapes Architecture and the Soft Power of Big Tech.pdf	p125	0.0388	0.05969	true	894.5	960.0	+65.6
Schwaller - 2026 - Silicon Valley Landscapes Architecture and the Soft Power of Big Tech.pdf	p129	0.0168	0.02870	true	891.5	947.1	+55.6
Schwaller - 2026 - Silicon Valley Landscapes Architecture and the Soft Power of Big Tech.pdf	p130	0.0209	0.02469	true	875.5	932.7	+57.2
Schwaller - 2026 - Silicon Valley Landscapes Architecture and the Soft Power of Big Tech.pdf	p132	0.0264	0.04535	true	915.4	975.2	+59.8
Schwaller - 2026 - Silicon Valley Landscapes Architecture and the Soft Power of Big Tech.pdf	p134	0.0592	0.08519	true	859.8	933.1	+73.3
Schwaller - 2026 - Silicon Valley Landscapes Architecture and the Soft Power of Big Tech.pdf	p135	0.0359	0.04122	true	751.0	810.3	+59.3
Schwaller - 2026 - Silicon Valley Landscapes Architecture and the Soft Power of Big Tech.pdf	p136	0.0270	0.04562	true	872.3	937.4	+65.1
Schwaller - 2026 - Silicon Valley Landscapes Architecture and the Soft Power of Big Tech.pdf	p138	0.0301	0.04350	true	865.2	928.2	+63.0
Schwaller - 2026 - Silicon Valley Landscapes Architecture and the Soft Power of Big Tech.pdf	p140	0.0425	0.08081	true	797.1	850.9	+53.8
Schwaller - 2026 - Silicon Valley Landscapes Architecture and the Soft Power of Big Tech.pdf	p142	0.0306	0.04719	true	951.6	1010.2	+58.6
Schwaller - 2026 - Silicon Valley Landscapes Architecture and the Soft Power of Big Tech.pdf	p143	0.0336	0.06305	true	852.2	914.1	+62.0
Schwaller - 2026 - Silicon Valley Landscapes Architecture and the Soft Power of Big Tech.pdf	p145	0.0310	0.06111	true	947.5	1012.0	+64.5
Schwaller - 2026 - Silicon Valley Landscapes Architecture and the Soft Power of Big Tech.pdf	p147	0.0372	0.05716	true	797.7	852.0	+54.3
Schwaller - 2026 - Silicon Valley Landscapes Architecture and the Soft Power of Big Tech.pdf	p148	0.0212	0.02721	true	644.3	678.4	+34.0
Schwaller - 2026 - Silicon Valley Landscapes Architecture and the Soft Power of Big Tech.pdf	p150	0.0204	0.03540	true	952.5	1001.8	+49.3
Schwaller - 2026 - Silicon Valley Landscapes Architecture and the Soft Power of Big Tech.pdf	p151	0.0273	0.04529	true	111.9	117.1	+5.2
Schwaller - 2026 - Silicon Valley Landscapes Architecture and the Soft Power of Big Tech.pdf	p156	0.0598	0.10300	true	927.8	991.5	+63.7
Schwaller - 2026 - Silicon Valley Landscapes Architecture and the Soft Power of Big Tech.pdf	p157	0.0201	0.02553	true	608.6	643.1	+34.6
Schwaller - 2026 - Silicon Valley Landscapes Architecture and the Soft Power of Big Tech.pdf	p159	0.0466	0.07176	true	947.8	1021.9	+74.1
Schwaller - 2026 - Silicon Valley Landscapes Architecture and the Soft Power of Big Tech.pdf	p161	0.0432	0.07342	true	777.5	837.2	+59.7
Schwaller - 2026 - Silicon Valley Landscapes Architecture and the Soft Power of Big Tech.pdf	p169	0.0441	0.08691	true	505.7	557.8	+52.1
Schwaller - 2026 - Silicon Valley Landscapes Architecture and the Soft Power of Big Tech.pdf	p170	0.0431	0.07965	true	823.5	881.2	+57.7
Schwaller - 2026 - Silicon Valley Landscapes Architecture and the Soft Power of Big Tech.pdf	p171	0.0341	0.03640	true	792.3	845.2	+53.0
Schwaller - 2026 - Silicon Valley Landscapes Architecture and the Soft Power of Big Tech.pdf	p173	0.0154	0.02132	true	240.5	250.8	+10.3
Schwaller - 2026 - Silicon Valley Landscapes Architecture and the Soft Power of Big Tech.pdf	p174	0.0358	0.05788	true	947.9	1012.5	+64.5
Schwaller - 2026 - Silicon Valley Landscapes Architecture and the Soft Power of Big Tech.pdf	p175	0.0149	0.02323	true	396.8	420.6	+23.8
Schwaller - 2026 - Silicon Valley Landscapes Architecture and the Soft Power of Big Tech.pdf	p176	0.0294	0.02893	true	455.1	484.9	+29.9
Schwaller - 2026 - Silicon Valley Landscapes Architecture and the Soft Power of Big Tech.pdf	p181	0.0437	0.08334	true	708.4	757.3	+48.9
Schwaller - 2026 - Silicon Valley Landscapes Architecture and the Soft Power of Big Tech.pdf	p183	0.0349	0.07034	true	860.2	912.7	+52.5
Schwaller - 2026 - Silicon Valley Landscapes Architecture and the Soft Power of Big Tech.pdf	p184	0.0510	0.08869	true	903.1	964.6	+61.5
Schwaller - 2026 - Silicon Valley Landscapes Architecture and the Soft Power of Big Tech.pdf	p187	0.0345	0.05568	true	954.5	1009.1	+54.5
Schwaller - 2026 - Silicon Valley Landscapes Architecture and the Soft Power of Big Tech.pdf	p188	0.0330	0.06764	true	903.0	956.0	+53.0
Schwaller - 2026 - Silicon Valley Landscapes Architecture and the Soft Power of Big Tech.pdf	p189	0.0384	0.05653	true	1042.8	1100.5	+57.7
Schwaller - 2026 - Silicon Valley Landscapes Architecture and the Soft Power of Big Tech.pdf	p191	0.0186	0.02818	true	712.1	748.2	+36.1
Schwaller - 2026 - Silicon Valley Landscapes Architecture and the Soft Power of Big Tech.pdf	p192	0.0247	0.03600	true	642.7	678.1	+35.4
Schwaller - 2026 - Silicon Valley Landscapes Architecture and the Soft Power of Big Tech.pdf	p193	0.0370	0.05957	true	273.5	288.1	+14.6
Schwaller - 2026 - Silicon Valley Landscapes Architecture and the Soft Power of Big Tech.pdf	p194	0.0377	0.06828	true	949.6	1008.7	+59.1
Schwaller - 2026 - Silicon Valley Landscapes Architecture and the Soft Power of Big Tech.pdf	p199	0.0253	0.04083	true	807.8	854.7	+46.9
Schwaller - 2026 - Silicon Valley Landscapes Architecture and the Soft Power of Big Tech.pdf	p206	0.0548	0.07060	true	760.4	815.4	+55.1
Schwaller - 2026 - Silicon Valley Landscapes Architecture and the Soft Power of Big Tech.pdf	p211	0.0479	0.05912	true	834.0	899.2	+65.2
Schwaller - 2026 - Silicon Valley Landscapes Architecture and the Soft Power of Big Tech.pdf	p214	0.0409	0.04471	true	983.6	1050.1	+66.5
Schwaller - 2026 - Silicon Valley Landscapes Architecture and the Soft Power of Big Tech.pdf	p215	0.0387	0.06011	true	802.5	860.4	+57.9
Schwaller - 2026 - Silicon Valley Landscapes Architecture and the Soft Power of Big Tech.pdf	p217	0.0301	0.04229	true	771.9	830.2	+58.3
Schwaller - 2026 - Silicon Valley Landscapes Architecture and the Soft Power of Big Tech.pdf	p220	0.0288	0.02265	true	819.8	872.3	+52.4
Schwaller - 2026 - Silicon Valley Landscapes Architecture and the Soft Power of Big Tech.pdf	p222	0.0290	0.04838	true	812.8	868.3	+55.5
Schwaller - 2026 - Silicon Valley Landscapes Architecture and the Soft Power of Big Tech.pdf	p224	0.0564	0.10000	true	865.3	924.4	+59.1
Schwaller - 2026 - Silicon Valley Landscapes Architecture and the Soft Power of Big Tech.pdf	p229	0.0390	0.05137	true	866.8	923.7	+56.9
Schwaller - 2026 - Silicon Valley Landscapes Architecture and the Soft Power of Big Tech.pdf	p230	0.0452	0.03668	true	695.6	741.4	+45.8
Schwaller - 2026 - Silicon Valley Landscapes Architecture and the Soft Power of Big Tech.pdf	p233	0.0403	0.05309	true	906.6	977.4	+70.8
Schwaller - 2026 - Silicon Valley Landscapes Architecture and the Soft Power of Big Tech.pdf	p238	0.0428	0.06324	true	897.0	964.2	+67.1
Schwaller - 2026 - Silicon Valley Landscapes Architecture and the Soft Power of Big Tech.pdf	p241	0.0517	0.06178	true	893.1	961.9	+68.8
Schwaller - 2026 - Silicon Valley Landscapes Architecture and the Soft Power of Big Tech.pdf	p242	0.0439	0.05012	true	886.5	953.7	+67.2
Schwaller - 2026 - Silicon Valley Landscapes Architecture and the Soft Power of Big Tech.pdf	p244	0.0496	0.07066	true	821.8	889.1	+67.3
Schwaller - 2026 - Silicon Valley Landscapes Architecture and the Soft Power of Big Tech.pdf	p246	0.0516	0.06440	false	-	-	-
Schwaller - 2026 - Silicon Valley Landscapes Architecture and the Soft Power of Big Tech.pdf	p251	0.0399	0.07171	true	801.9	856.8	+54.9
Schwaller - 2026 - Silicon Valley Landscapes Architecture and the Soft Power of Big Tech.pdf	p253	0.0529	0.07953	true	832.0	903.0	+71.1
Schwaller - 2026 - Silicon Valley Landscapes Architecture and the Soft Power of Big Tech.pdf	p254	0.0264	0.03477	true	993.7	1057.2	+63.5
Schwaller - 2026 - Silicon Valley Landscapes Architecture and the Soft Power of Big Tech.pdf	p257	0.0401	0.04569	true	763.3	824.5	+61.2
Schwaller - 2026 - Silicon Valley Landscapes Architecture and the Soft Power of Big Tech.pdf	p260	0.0260	0.03971	true	815.1	873.5	+58.4
Schwaller - 2026 - Silicon Valley Landscapes Architecture and the Soft Power of Big Tech.pdf	p264	0.0151	0.01646	true	795.9	846.7	+50.7
Schwaller - 2026 - Silicon Valley Landscapes Architecture and the Soft Power of Big Tech.pdf	p265	0.0460	0.05647	true	845.0	901.8	+56.8
