document	page	otsu	ink	tone	sat	lost	extent	cover	cells	factor	route	paleC	besideInk	paleTall	inkTall	unionTall	bandOnly	bandTall	satFrac	satFloor	satPx	satN	topPx	topShare	topRun	edgeN	edgeShare	sheetFrac
1881 - Harry Wilcox	p4	125	0.145	0.140	0.062	0.1982	0.00796	0.00915	2010750	2	picture	333751	89872	1033	893	1033	1149	1149	0.08178	0.25000	13574	167	10310	0.75954	2	27	0.81472	0.01515
1881 - Harry Wilcox	p7	126	0.133	0.103	0.068	0.0841	0.48119	0.03969	1775610	2	picture	143119	56606	1004	1086	1086	1086	1086	0.09028	0.25000	14836	133	11899	0.80204	2	33	0.96960	0.00274
1954 - Why	p4	139	0.102	0.144	0.039	0.0017	0.00000	0.00000	887616	1	picture	1475	30591	8	187	187	14	189	0.01360	0.25000	2035	226	124	0.06093	5	3	0.02555	0.01326
1954 - Why	p7	139	0.104	0.148	0.041	0.0032	0.00029	0.00021	887616	1	picture	2855	28324	257	188	257	392	392	0.02831	0.25000	4235	303	294	0.06942	3	1	0.01677	0.02783
1976 - Regis McKenna Papers - Early Career, 1965-1981	p4	129	0.144	0.063	0.063	0.1958	0.04492	0.02053	1991115	2	picture	197072	38377	835	247	835	1498	1498	0.07025	0.25000	225540	2103	178219	0.79019	4	43	0.96112	0.00273
1976 - Regis McKenna Papers - Early Career, 1965-1981	p7	131	0.181	0.234	0.105	0.1488	0.02922	0.01401	1957062	2	picture	589368	77786	1486	1042	1486	1486	1486	0.15669	0.25000	494380	4561	151871	0.30719	89	7	0.49031	0.07987
2013 - Silicon Valley Program Transcript	p13	166	0.090	0.018	0.050	0.0033	0.00000	0.00000	3256058	1	1-bit	92743	53704	82	115	115	116	116	0.04517	0.25000	6757	2	6756	0.99985	3	0	0.00000	0.04517
2013 - Silicon Valley Program Transcript	p26	166	0.097	0.020	0.050	0.0033	0.00000	0.00000	3256058	1	1-bit	92743	60868	82	115	115	116	116	0.04512	0.25000	6750	2	6749	0.99985	3	0	0.00000	0.04512
2024 - Class Action lawsuit re need blind admissions	p26	156	0.042	0.017	0.003	0.0001	0.00000	0.00000	1612948	1	1-bit	546	31320	2	22	22	19	23	0.00429	0.25000	642	29	86	0.13396	3	0	0.00000	0.00429
2024 - Class Action lawsuit re need blind admissions	p51	155	0.048	0.019	0.003	0.0000	0.00000	0.00000	1612948	1	1-bit	716	35283	2	22	22	19	24	0.00430	0.25000	643	28	86	0.13375	3	0	0.00000	0.00430
AI 2027	p24	149	0.079	0.021	0.013	0.0000	0.00000	0.00000	1803480	1	1-bit	80	51317	5	42	42	16	46	0.01298	0.25000	2000	199	135	0.06750	27	0	0.00000	0.01298
AI 2027	p48	137	0.047	0.008	0.001	0.0000	0.00000	0.00000	1665475	2	1-bit	0	22448	0	26	26	18	26	0.00005	0.25000	7	7	1	0.14286	1	0	0.00000	0.00005
Albanese_1997_Senate Will Examine Stock Option Bill	p2	162	0.128	0.077	0.063	0.0800	0.00046	0.00025	714546	2	picture	20319	53061	126	933	933	364	933	0.06853	0.25000	4538	32	2538	0.55928	13	0	0.00000	0.06853
Albanese_1997_Senate Will Examine Stock Option Bill	p3	149	0.013	0.005	0.000	0.0009	0.00000	0.00000	659736	1	1-bit	0	6443	0	16	16	15	18	0.00000	0.25000	0	0	0	0.00000	0	0	0.00000	0.00000
Atkinson_1939_Atkinson on firings_	p2	118	0.096	0.160	0.061	0.1098	0.00944	0.00776	3844260	1	picture	324089	208759	585	71	585	808	808	0.03324	0.25000	51450	4099	41227	0.80130	20	1	0.80130	0.00660
Atkinson_1939_Atkinson on firings_	p3	130	0.102	0.157	0.045	0.0808	0.00053	0.00218	3844260	1	picture	324902	220500	510	80	510	787	916	0.01066	0.25000	16503	3339	7577	0.45913	6	1	0.45913	0.00577
Black_0000_The Scandal of Educational Testing	p2	156	0.231	0.113	0.000	0.0076	0.00000	0.00000	1089786	1	picture	27148	105330	156	415	415	168	417	0.00000	0.25000	0	0	0	0.00000	0	0	0.00000	0.00000
Black_0000_The Scandal of Educational Testing	p3	159	0.174	0.105	0.039	0.0073	0.00000	0.00000	1087104	1	picture	27093	108578	110	453	453	370	458	0.03727	0.25000	3751	12	1409	0.37563	7	0	0.00000	0.03727
Davis_2005_Optimism of the Will_Nation	p2	138	0.135	0.034	0.001	0.0034	0.00000	0.00000	1523676	2	picture	28539	59823	261	1421	1421	287	1421	0.00068	0.25000	96	1	96	1.00000	3	0	0.00000	0.00068
Davis_2005_Optimism of the Will_Nation	p4	138	0.115	0.030	0.004	0.0000	0.00000	0.00000	1523676	2	1-bit	22	59265	8	118	118	108	119	0.00252	0.25000	356	2	185	0.51966	5	0	0.00000	0.00252
Ehrenreich_2000_Maid to order_Harper's Magazine	p5	189	0.151	0.097	0.037	0.0331	0.00000	0.00000	2697800	1	picture	28839	125339	289	564	564	386	566	0.06198	0.25000	8680	121	3617	0.41671	3	0	0.00000	0.06198
Ehrenreich_2000_Maid to order_Harper's Magazine	p9	192	0.145	0.106	0.023	0.0221	0.00000	0.00000	2722188	1	picture	25390	125930	96	512	512	232	512	0.03063	0.25000	4336	209	1447	0.33372	5	0	0.00000	0.03063
Ford_1941_Speech_	p3	116	0.053	0.149	0.045	0.0074	0.00036	0.00074	3844260	1	picture	39640	89967	264	202	264	275	368	0.01116	0.25000	17279	3047	7109	0.41142	3	12	0.56143	0.00490
Ford_1941_Speech_	p5	126	0.092	0.336	0.057	0.0788	0.00069	0.00361	3844260	1	picture	164541	93164	340	56	340	415	452	0.04082	0.25000	63184	3073	55743	0.88223	27	4	0.89016	0.00448
Glazer_2002_Higher Ed_New Republic	p1	160	0.165	0.095	0.012	0.0708	0.00000	0.00000	2651760	1	picture	11589	274875	42	1905	1905	220	1905	0.00550	0.25000	758	70	297	0.39182	51	0	0.00000	0.00550
Glazer_2002_Higher Ed_New Republic	p2	150	0.009	0.003	0.000	0.0003	0.00000	0.00000	659736	1	1-bit	0	4084	0	14	14	15	19	0.00000	0.25000	0	0	0	0.00000	0	0	0.00000	0.00000
HarpersMagazine-1938-05-0019577	p4	172	0.139	0.094	0.036	0.1355	0.00265	0.00134	1683248	1	1-bit	4655	155060	638	26	638	663	663	0.02017	0.25000	1762	1290	6	0.00341	1	0	0.00000	0.02017
HarpersMagazine-1938-05-0019577	p7	174	0.143	0.096	0.017	0.0870	0.00000	0.00000	1661108	1	1-bit	2378	153589	14	27	27	29	34	0.00042	0.25000	36	33	2	0.05556	2	0	0.00000	0.00042
Kelly_2014_Orders of Magnitude_TLS	p2	148	0.133	0.032	0.001	0.0000	0.00000	0.00000	2750370	2	1-bit	12	106648	9	90	90	61	90	0.00000	0.25000	0	0	0	0.00000	0	0	0.00000	0.00000
Kelly_2014_Orders of Magnitude_TLS	p3	164	0.191	0.150	0.101	0.0156	0.00000	0.00000	1068056	2	picture	168722	58743	438	442	442	443	443	0.12654	0.25000	32242	275	13324	0.41325	7	0	0.00000	0.12654
Kristol_1960_High, Low, and Modern_Encounter	p4	139	0.113	0.024	0.003	0.0007	0.00000	0.00000	1152375	2	1-bit	0	3790	0	38	38	13	38	0.00177	0.25000	189	67	9	0.04762	2	0	0.00000	0.00177
Kristol_1960_High, Low, and Modern_Encounter	p7	145	0.113	0.033	0.003	0.0003	0.00000	0.00000	1140935	2	1-bit	0	9423	0	38	38	16	38	0.00173	0.25000	183	72	14	0.07650	2	0	0.00000	0.00173
Levy and Temin - 2007 - Inequality and Institutions in 20th Century Americ	p23	131	0.041	0.002	0.015	0.0119	0.00000	0.00000	1412444	2	1-bit	17	6393	2	22	22	13	23	0.01146	0.25000	1494	1046	5	0.00335	1	0	0.00000	0.01146
Levy and Temin - 2007 - Inequality and Institutions in 20th Century Americ	p45	133	0.040	0.003	0.015	0.0096	0.00000	0.00000	1412444	2	1-bit	21	6945	0	22	22	15	22	0.01204	0.25000	1569	1077	5	0.00319	1	0	0.00000	0.01204
Merriam_1920_Daughter of Pan_The Montanan (The Frontier)	p1	137	0.166	0.226	0.086	0.0001	0.00000	0.00000	3844260	1	picture	1641	110900	9	1499	1499	34	1533	0.07147	0.25000	110633	187	106464	0.96232	67	17	0.99740	0.00019
Riesman - 1954 - Individualism reconsidered, and other essays	p9	135	0.142	0.488	0.080	0.0974	0.00000	0.00000	468438	3	picture	24651	32146	352	212	352	374	374	0.01678	0.25000	964	22	679	0.70436	14	5	0.19917	0.01344
Riesman - 1954 - Individualism reconsidered, and other essays	p17	103	0.108	0.277	0.091	0.0750	0.00000	0.00000	967302	2	picture	3079	63237	23	19	23	68	68	0.03888	0.25000	2286	42	1136	0.49694	3	18	0.96325	0.00143
Schwaller - 2026 - Silicon Valley Landscapes Architecture and the Soft Power of Big Tech	p101	157	0.133	0.064	0.037	0.0007	0.00000	0.00000	1727880	2	picture	70779	34187	130	459	459	187	460	0.06367	0.25000	9525	124	3464	0.36367	6	0	0.00000	0.06367
Schwaller - 2026 - Silicon Valley Landscapes Architecture and the Soft Power of Big Tech	p201	138	0.057	0.011	0.000	0.0000	0.00000	0.00000	1611504	2	1-bit	0	20821	0	22	22	17	22	0.00000	0.25000	0	0	0	0.00000	0	0	0.00000	0.00000
Senate, Democratic Leadership	p10	142	0.053	0.012	0.002	0.0002	0.00000	0.00000	2139904	1	1-bit	462	35044	33	25	33	36	36	0.00297	0.25000	444	25	92	0.20721	4	0	0.00000	0.00297
Senate, Democratic Leadership	p19	142	0.043	0.010	0.002	0.0002	0.00000	0.00000	2139904	1	1-bit	462	26842	33	25	33	36	36	0.00297	0.25000	444	25	92	0.20721	4	0	0.00000	0.00297
Stanford_1891_Jane Stanford opening day speech (undelivered)	p2	182	0.049	0.152	0.041	0.0246	0.00000	0.00000	1055307	1	picture	2976	23734	15	15	15	19	27	0.00052	0.25000	51	14	15	0.29412	3	8	0.54902	0.00024
Stanford_1891_Jane Stanford opening day speech (undelivered)	p3	179	0.056	0.146	0.042	0.0320	0.00000	0.00000	1094548	1	picture	6888	30474	63	74	74	78	78	0.00784	0.25000	795	13	397	0.49937	11	1	0.01761	0.00770
Surani et al. - AI for Scaling Legal Reform Mapping and Redacting Racial Covenants in Santa Clara County	p13	141	0.063	0.018	0.014	0.0056	0.00000	0.00000	1039360	2	1-bit	49703	43690	46	26	46	50	50	0.00106	0.25000	158	25	41	0.25949	3	0	0.00000	0.00106
Surani et al. - AI for Scaling Legal Reform Mapping and Redacting Racial Covenants in Santa Clara County	p25	138	0.079	0.017	0.002	0.0000	0.00000	0.00000	1611504	2	1-bit	0	42541	0	23	23	19	23	0.00270	0.25000	404	53	48	0.11881	2	0	0.00000	0.00270
_1939_Former students to Board re Merriam_	p7	137	0.079	0.353	0.073	0.1771	0.00201	0.00833	3844260	1	picture	1008645	165303	875	64	875	1376	1376	0.02397	0.25000	37113	3211	9202	0.24795	9	6	0.38989	0.01463
_1939_Former students to Board re Merriam_	p13	114	0.057	0.122	0.062	0.1705	0.21864	0.12637	3844260	1	picture	578089	124308	566	37	566	619	690	0.03423	0.25000	52984	3301	38125	0.71956	25	3	0.71963	0.00960
_1967_Yearly Increase of 15% Expected by Ampex_Boxoffice (Archive 1920-2000); New York	p1	163	0.116	0.085	0.064	0.0384	0.00112	0.00050	1397655	1	picture	29413	101323	539	1339	1339	1257	1340	0.00236	0.25000	351	27	159	0.45299	1	0	0.00000	0.00236
_1973_Committee Against Racism_	p2	149	0.167	0.066	0.001	0.0000	0.00000	0.00000	1615510	1	picture	70	155501	9	17	17	18	18	0.00197	0.25000	295	6	84	0.28475	3	0	0.00000	0.00197
_1973_Committee Against Racism_	p3	151	0.158	0.064	0.002	0.0000	0.00000	0.00000	1612948	1	picture	56	129682	12	17	17	18	18	0.00330	0.25000	494	10	88	0.17814	4	0	0.00000	0.00330
