doc	pages	digitalN	page	rawAnnots	surfacedN	nilN	subtypes	clause	pageMark	docMark	outlineN	allPass	splice
1954 - Why.pdf	10	1	1	2	2	0	Link,Link	none	no	no	0	no	yes
Boltanski_2006_On justification_Princeton University Press.pdf	203	1	203	0	0	0	-	none	no	no	0	no	yes
Cohen_1990_Making a New Deal_Cambridge University Press.pdf	8	1	1	4	4	0	Link,Link,Link,Link	none	no	no	2	no	no
JAH Review.pdf	3	1	1	4	4	0	Link,Link,Link,Link	none	no	no	2	no	no
Keyssar_2000_The Right to Vote_Basic Books.pdf	3	1	1	5	5	0	Link,Link,Link,Link,Link	none	no	no	2	no	no
Morgan_1975_American Slavery, American Freedom_Norton.pdf	3	1	1	5	5	0	Link,Link,Link,Link,Link	none	no	no	2	no	no
Mudge_2018_Leftism Reinvented_Harvard University Press.pdf	372	19	67	0	0	0	-	none	no	no	3	no	no
Mudge_2018_Leftism Reinvented_Harvard University Press.pdf	372	19	68	0	0	0	-	none	no	no	3	no	no
Mudge_2018_Leftism Reinvented_Harvard University Press.pdf	372	19	91	0	0	0	-	none	no	no	3	no	no
Mudge_2018_Leftism Reinvented_Harvard University Press.pdf	372	19	92	0	0	0	-	none	no	no	3	no	no
Mudge_2018_Leftism Reinvented_Harvard University Press.pdf	372	19	93	0	0	0	-	none	no	no	3	no	no
Mudge_2018_Leftism Reinvented_Harvard University Press.pdf	372	19	94	0	0	0	-	none	no	no	3	no	no
Mudge_2018_Leftism Reinvented_Harvard University Press.pdf	372	19	95	0	0	0	-	none	no	no	3	no	no
Mudge_2018_Leftism Reinvented_Harvard University Press.pdf	372	19	96	0	0	0	-	none	no	no	3	no	no
Mudge_2018_Leftism Reinvented_Harvard University Press.pdf	372	19	146	0	0	0	-	none	no	no	3	no	no
Mudge_2018_Leftism Reinvented_Harvard University Press.pdf	372	19	147	0	0	0	-	none	no	no	3	no	no
Mudge_2018_Leftism Reinvented_Harvard University Press.pdf	372	19	148	0	0	0	-	none	no	no	3	no	no
Mudge_2018_Leftism Reinvented_Harvard University Press.pdf	372	19	171	0	0	0	-	none	no	no	3	no	no
Mudge_2018_Leftism Reinvented_Harvard University Press.pdf	372	19	172	0	0	0	-	none	no	no	3	no	no
Mudge_2018_Leftism Reinvented_Harvard University Press.pdf	372	19	199	0	0	0	-	none	no	no	3	no	no
Mudge_2018_Leftism Reinvented_Harvard University Press.pdf	372	19	200	0	0	0	-	none	no	no	3	no	no
Mudge_2018_Leftism Reinvented_Harvard University Press.pdf	372	19	205	0	0	0	-	none	no	no	3	no	no
Mudge_2018_Leftism Reinvented_Harvard University Press.pdf	372	19	206	0	0	0	-	none	no	no	3	no	no
Mudge_2018_Leftism Reinvented_Harvard University Press.pdf	372	19	223	0	0	0	-	none	no	no	3	no	no
Mudge_2018_Leftism Reinvented_Harvard University Press.pdf	372	19	224	0	0	0	-	none	no	no	3	no	no
Westad_2005_The Global Cold War_Cambridge University Press.pdf	3	1	1	4	4	0	Link,Link,Link,Link	none	no	no	2	no	no
Canby_1929_Comment on Several Subjects.pdf	4	3	2	0	0	0	-	none	no	yes	0	no	no
Canby_1929_Comment on Several Subjects.pdf	4	3	3	2	2	0	Highlight,Highlight	subtype	yes	yes	0	no	no
Canby_1929_Comment on Several Subjects.pdf	4	3	4	17	17	0	Highlight,Underline,FreeText,Highlight,Highlight,Highlight,Text,Highlight,Highlight,Underline,FreeText,Highlight,Underline,Highlight,Underline,Text,Highlight	subtype	yes	yes	0	no	no
Falasca-Zamponi_2004_The »Culture« of Personality.pdf	29	1	5	0	0	0	-	none	no	no	0	no	yes
Findlay_1992_Stanford Industrial Park_University of California Press.pdf	62	22	1	0	0	0	-	none	no	no	0	no	yes
Findlay_1992_Stanford Industrial Park_University of California Press.pdf	62	22	4	0	0	0	-	none	no	no	0	no	yes
Findlay_1992_Stanford Industrial Park_University of California Press.pdf	62	22	7	0	0	0	-	none	no	no	0	no	yes
Findlay_1992_Stanford Industrial Park_University of California Press.pdf	62	22	8	0	0	0	-	none	no	no	0	no	yes
Findlay_1992_Stanford Industrial Park_University of California Press.pdf	62	22	10	0	0	0	-	none	no	no	0	no	yes
Findlay_1992_Stanford Industrial Park_University of California Press.pdf	62	22	12	0	0	0	-	none	no	no	0	no	yes
Findlay_1992_Stanford Industrial Park_University of California Press.pdf	62	22	14	0	0	0	-	none	no	no	0	no	yes
Findlay_1992_Stanford Industrial Park_University of California Press.pdf	62	22	18	0	0	0	-	none	no	no	0	no	yes
Findlay_1992_Stanford Industrial Park_University of California Press.pdf	62	22	22	0	0	0	-	none	no	no	0	no	yes
Findlay_1992_Stanford Industrial Park_University of California Press.pdf	62	22	24	0	0	0	-	none	no	no	0	no	yes
Findlay_1992_Stanford Industrial Park_University of California Press.pdf	62	22	26	0	0	0	-	none	no	no	0	no	yes
Findlay_1992_Stanford Industrial Park_University of California Press.pdf	62	22	29	0	0	0	-	none	no	no	0	no	yes
Findlay_1992_Stanford Industrial Park_University of California Press.pdf	62	22	31	0	0	0	-	none	no	no	0	no	yes
Findlay_1992_Stanford Industrial Park_University of California Press.pdf	62	22	33	0	0	0	-	none	no	no	0	no	yes
Findlay_1992_Stanford Industrial Park_University of California Press.pdf	62	22	35	0	0	0	-	none	no	no	0	no	yes
Findlay_1992_Stanford Industrial Park_University of California Press.pdf	62	22	36	0	0	0	-	none	no	no	0	no	yes
Findlay_1992_Stanford Industrial Park_University of California Press.pdf	62	22	43	0	0	0	-	none	no	no	0	no	yes
Findlay_1992_Stanford Industrial Park_University of California Press.pdf	62	22	45	0	0	0	-	none	no	no	0	no	yes
Findlay_1992_Stanford Industrial Park_University of California Press.pdf	62	22	46	0	0	0	-	none	no	no	0	no	yes
Findlay_1992_Stanford Industrial Park_University of California Press.pdf	62	22	47	0	0	0	-	none	no	no	0	no	yes
Findlay_1992_Stanford Industrial Park_University of California Press.pdf	62	22	48	0	0	0	-	none	no	no	0	no	yes
Findlay_1992_Stanford Industrial Park_University of California Press.pdf	62	22	61	0	0	0	-	none	no	no	0	no	yes
Kazin_1955_The Writer and the .pdf	16	3	1	0	0	0	-	none	no	yes	0	no	no
Kazin_1955_The Writer and the .pdf	16	3	4	0	0	0	-	none	no	yes	0	no	no
Kazin_1955_The Writer and the .pdf	16	3	6	2	2	0	Highlight,Highlight	subtype	yes	yes	0	no	no
Riesman_1992_My Education in Soc 2 and My Efforts to Adapt It in the Harvard Setting_.pdf	40	6	10	0	0	0	-	none	no	no	0	no	yes
Riesman_1992_My Education in Soc 2 and My Efforts to Adapt It in the Harvard Setting_.pdf	40	6	11	0	0	0	-	none	no	no	0	no	yes
Riesman_1992_My Education in Soc 2 and My Efforts to Adapt It in the Harvard Setting_.pdf	40	6	18	0	0	0	-	none	no	no	0	no	yes
Riesman_1992_My Education in Soc 2 and My Efforts to Adapt It in the Harvard Setting_.pdf	40	6	19	0	0	0	-	none	no	no	0	no	yes
Riesman_1992_My Education in Soc 2 and My Efforts to Adapt It in the Harvard Setting_.pdf	40	6	26	0	0	0	-	none	no	no	0	no	yes
Riesman_1992_My Education in Soc 2 and My Efforts to Adapt It in the Harvard Setting_.pdf	40	6	27	0	0	0	-	none	no	no	0	no	yes
full chapter.pdf	32	23	2	0	0	0	-	none	no	no	0	no	yes
full chapter.pdf	32	23	3	0	0	0	-	none	no	no	0	no	yes
full chapter.pdf	32	23	4	0	0	0	-	none	no	no	0	no	yes
full chapter.pdf	32	23	6	0	0	0	-	none	no	no	0	no	yes
full chapter.pdf	32	23	8	0	0	0	-	none	no	no	0	no	yes
full chapter.pdf	32	23	9	0	0	0	-	none	no	no	0	no	yes
full chapter.pdf	32	23	10	0	0	0	-	none	no	no	0	no	yes
full chapter.pdf	32	23	11	0	0	0	-	none	no	no	0	no	yes
full chapter.pdf	32	23	12	0	0	0	-	none	no	no	0	no	yes
full chapter.pdf	32	23	14	0	0	0	-	none	no	no	0	no	yes
full chapter.pdf	32	23	15	0	0	0	-	none	no	no	0	no	yes
full chapter.pdf	32	23	16	0	0	0	-	none	no	no	0	no	yes
full chapter.pdf	32	23	17	0	0	0	-	none	no	no	0	no	yes
full chapter.pdf	32	23	19	0	0	0	-	none	no	no	0	no	yes
full chapter.pdf	32	23	21	0	0	0	-	none	no	no	0	no	yes
full chapter.pdf	32	23	23	0	0	0	-	none	no	no	0	no	yes
full chapter.pdf	32	23	24	0	0	0	-	none	no	no	0	no	yes
full chapter.pdf	32	23	25	0	0	0	-	none	no	no	0	no	yes
full chapter.pdf	32	23	27	0	0	0	-	none	no	no	0	no	yes
full chapter.pdf	32	23	28	0	0	0	-	none	no	no	0	no	yes
full chapter.pdf	32	23	29	0	0	0	-	none	no	no	0	no	yes
full chapter.pdf	32	23	30	0	0	0	-	none	no	no	0	no	yes
full chapter.pdf	32	23	31	0	0	0	-	none	no	no	0	no	yes
Henry Morgenthau papers.pdf	201	2	188	0	0	0	-	none	no	no	0	no	yes
Henry Morgenthau papers.pdf	201	2	189	0	0	0	-	none	no	no	0	no	yes
Intellectual History Newsletter -- Forum on Menand.pdf	45	6	1	0	0	0	-	none	no	no	44	no	no
Intellectual History Newsletter -- Forum on Menand.pdf	45	6	3	0	0	0	-	none	no	no	44	no	no
Intellectual History Newsletter -- Forum on Menand.pdf	45	6	13	0	0	0	-	none	no	no	44	no	no
Intellectual History Newsletter -- Forum on Menand.pdf	45	6	20	0	0	0	-	none	no	no	44	no	no
Intellectual History Newsletter -- Forum on Menand.pdf	45	6	26	0	0	0	-	none	no	no	44	no	no
Intellectual History Newsletter -- Forum on Menand.pdf	45	6	39	0	0	0	-	none	no	no	44	no	no
Riesman_1973_THEMES OF WORK AND PLAY IN THE STRUCTURE OF FREUD S THOUGHT_.pdf	30	1	27	0	0	0	-	none	no	no	0	no	yes
Stiglitz1975(onPasinetti1974).pdf	3	1	1	3	3	0	Link,Link,Link	none	no	no	2	no	no
1935_Title Page.pdf	3	1	1	2	2	0	Link,Link	none	no	no	0	no	yes
Baker_2000_The Supply-Side Effect of a Stock Market Crash.pdf	12	1	1	1	1	0	Link	none	no	no	2	no	no
Batzell - Free Labor, Capitalism and the Antislavery Origins of Chinese Labor Exclusion in 1870s California.pdf	54	51	1	2	2	0	Link,Link	none	no	no	0	no	yes
Batzell - Free Labor, Capitalism and the Antislavery Origins of Chinese Labor Exclusion in 1870s California.pdf	54	51	2	4	4	0	Link,Link,Link,Link	none	no	no	0	no	yes
Batzell - Free Labor, Capitalism and the Antislavery Origins of Chinese Labor Exclusion in 1870s California.pdf	54	51	3	3	3	0	Link,Link,Link	none	no	no	0	no	yes
Batzell - Free Labor, Capitalism and the Antislavery Origins of Chinese Labor Exclusion in 1870s California.pdf	54	51	4	2	2	0	Link,Link	none	no	no	0	no	yes
Batzell - Free Labor, Capitalism and the Antislavery Origins of Chinese Labor Exclusion in 1870s California.pdf	54	51	5	2	2	0	Link,Link	none	no	no	0	no	yes
Batzell - Free Labor, Capitalism and the Antislavery Origins of Chinese Labor Exclusion in 1870s California.pdf	54	51	6	5	5	0	Link,Link,Link,Link,Link	none	no	no	0	no	yes
Batzell - Free Labor, Capitalism and the Antislavery Origins of Chinese Labor Exclusion in 1870s California.pdf	54	51	7	1	1	0	Link	none	no	no	0	no	yes
Batzell - Free Labor, Capitalism and the Antislavery Origins of Chinese Labor Exclusion in 1870s California.pdf	54	51	8	3	3	0	Link,Link,Link	none	no	no	0	no	yes
Batzell - Free Labor, Capitalism and the Antislavery Origins of Chinese Labor Exclusion in 1870s California.pdf	54	51	10	5	5	0	Link,Link,Link,Link,Link	none	no	no	0	no	yes
Batzell - Free Labor, Capitalism and the Antislavery Origins of Chinese Labor Exclusion in 1870s California.pdf	54	51	11	7	7	0	Link,Link,Link,Link,Link,Link,Link	none	no	no	0	no	yes
Batzell - Free Labor, Capitalism and the Antislavery Origins of Chinese Labor Exclusion in 1870s California.pdf	54	51	12	6	6	0	Link,Link,Link,Link,Link,Link	none	no	no	0	no	yes
Batzell - Free Labor, Capitalism and the Antislavery Origins of Chinese Labor Exclusion in 1870s California.pdf	54	51	13	4	4	0	Link,Link,Link,Link	none	no	no	0	no	yes
Batzell - Free Labor, Capitalism and the Antislavery Origins of Chinese Labor Exclusion in 1870s California.pdf	54	51	14	4	4	0	Link,Link,Link,Link	none	no	no	0	no	yes
Batzell - Free Labor, Capitalism and the Antislavery Origins of Chinese Labor Exclusion in 1870s California.pdf	54	51	15	5	5	0	Link,Link,Link,Link,Link	none	no	no	0	no	yes
Batzell - Free Labor, Capitalism and the Antislavery Origins of Chinese Labor Exclusion in 1870s California.pdf	54	51	16	5	5	0	Link,Link,Link,Link,Link	none	no	no	0	no	yes
Batzell - Free Labor, Capitalism and the Antislavery Origins of Chinese Labor Exclusion in 1870s California.pdf	54	51	17	3	3	0	Link,Link,Link	none	no	no	0	no	yes
Batzell - Free Labor, Capitalism and the Antislavery Origins of Chinese Labor Exclusion in 1870s California.pdf	54	51	18	5	5	0	Link,Link,Link,Link,Link	none	no	no	0	no	yes
Batzell - Free Labor, Capitalism and the Antislavery Origins of Chinese Labor Exclusion in 1870s California.pdf	54	51	19	4	4	0	Link,Link,Link,Link	none	no	no	0	no	yes
Batzell - Free Labor, Capitalism and the Antislavery Origins of Chinese Labor Exclusion in 1870s California.pdf	54	51	20	4	4	0	Link,Link,Link,Link	none	no	no	0	no	yes
Batzell - Free Labor, Capitalism and the Antislavery Origins of Chinese Labor Exclusion in 1870s California.pdf	54	51	21	3	3	0	Link,Link,Link	none	no	no	0	no	yes
Batzell - Free Labor, Capitalism and the Antislavery Origins of Chinese Labor Exclusion in 1870s California.pdf	54	51	23	4	4	0	Link,Link,Link,Link	none	no	no	0	no	yes
Batzell - Free Labor, Capitalism and the Antislavery Origins of Chinese Labor Exclusion in 1870s California.pdf	54	51	24	5	5	0	Link,Link,Link,Link,Link	none	no	no	0	no	yes
Batzell - Free Labor, Capitalism and the Antislavery Origins of Chinese Labor Exclusion in 1870s California.pdf	54	51	25	3	3	0	Link,Link,Link	none	no	no	0	no	yes
Batzell - Free Labor, Capitalism and the Antislavery Origins of Chinese Labor Exclusion in 1870s California.pdf	54	51	26	4	4	0	Link,Link,Link,Link	none	no	no	0	no	yes
Batzell - Free Labor, Capitalism and the Antislavery Origins of Chinese Labor Exclusion in 1870s California.pdf	54	51	27	5	5	0	Link,Link,Link,Link,Link	none	no	no	0	no	yes
Batzell - Free Labor, Capitalism and the Antislavery Origins of Chinese Labor Exclusion in 1870s California.pdf	54	51	28	4	4	0	Link,Link,Link,Link	none	no	no	0	no	yes
Batzell - Free Labor, Capitalism and the Antislavery Origins of Chinese Labor Exclusion in 1870s California.pdf	54	51	29	5	5	0	Link,Link,Link,Link,Link	none	no	no	0	no	yes
Batzell - Free Labor, Capitalism and the Antislavery Origins of Chinese Labor Exclusion in 1870s California.pdf	54	51	30	7	7	0	Link,Link,Link,Link,Link,Link,Link	none	no	no	0	no	yes
Batzell - Free Labor, Capitalism and the Antislavery Origins of Chinese Labor Exclusion in 1870s California.pdf	54	51	32	6	6	0	Link,Link,Link,Link,Link,Link	none	no	no	0	no	yes
Batzell - Free Labor, Capitalism and the Antislavery Origins of Chinese Labor Exclusion in 1870s California.pdf	54	51	33	8	8	0	Link,Link,Link,Link,Link,Link,Link,Link	none	no	no	0	no	yes
Batzell - Free Labor, Capitalism and the Antislavery Origins of Chinese Labor Exclusion in 1870s California.pdf	54	51	34	5	5	0	Link,Link,Link,Link,Link	none	no	no	0	no	yes
Batzell - Free Labor, Capitalism and the Antislavery Origins of Chinese Labor Exclusion in 1870s California.pdf	54	51	35	8	8	0	Link,Link,Link,Link,Link,Link,Link,Link	none	no	no	0	no	yes
Batzell - Free Labor, Capitalism and the Antislavery Origins of Chinese Labor Exclusion in 1870s California.pdf	54	51	36	6	6	0	Link,Link,Link,Link,Link,Link	none	no	no	0	no	yes
Batzell - Free Labor, Capitalism and the Antislavery Origins of Chinese Labor Exclusion in 1870s California.pdf	54	51	37	7	7	0	Link,Link,Link,Link,Link,Link,Link	none	no	no	0	no	yes
Batzell - Free Labor, Capitalism and the Antislavery Origins of Chinese Labor Exclusion in 1870s California.pdf	54	51	38	8	8	0	Link,Link,Link,Link,Link,Link,Link,Link	none	no	no	0	no	yes
Batzell - Free Labor, Capitalism and the Antislavery Origins of Chinese Labor Exclusion in 1870s California.pdf	54	51	39	4	4	0	Link,Link,Link,Link	none	no	no	0	no	yes
Batzell - Free Labor, Capitalism and the Antislavery Origins of Chinese Labor Exclusion in 1870s California.pdf	54	51	40	2	2	0	Link,Link	none	no	no	0	no	yes
Batzell - Free Labor, Capitalism and the Antislavery Origins of Chinese Labor Exclusion in 1870s California.pdf	54	51	41	2	2	0	Link,Link	none	no	no	0	no	yes
Batzell - Free Labor, Capitalism and the Antislavery Origins of Chinese Labor Exclusion in 1870s California.pdf	54	51	42	7	7	0	Link,Link,Link,Link,Link,Link,Link	none	no	no	0	no	yes
Batzell - Free Labor, Capitalism and the Antislavery Origins of Chinese Labor Exclusion in 1870s California.pdf	54	51	43	3	3	0	Link,Link,Link	none	no	no	0	no	yes
Batzell - Free Labor, Capitalism and the Antislavery Origins of Chinese Labor Exclusion in 1870s California.pdf	54	51	44	2	2	0	Link,Link	none	no	no	0	no	yes
Batzell - Free Labor, Capitalism and the Antislavery Origins of Chinese Labor Exclusion in 1870s California.pdf	54	51	45	7	7	0	Link,Link,Link,Link,Link,Link,Link	none	no	no	0	no	yes
Batzell - Free Labor, Capitalism and the Antislavery Origins of Chinese Labor Exclusion in 1870s California.pdf	54	51	46	7	7	0	Link,Link,Link,Link,Link,Link,Link	none	no	no	0	no	yes
Batzell - Free Labor, Capitalism and the Antislavery Origins of Chinese Labor Exclusion in 1870s California.pdf	54	51	47	7	7	0	Link,Link,Link,Link,Link,Link,Link	none	no	no	0	no	yes
Batzell - Free Labor, Capitalism and the Antislavery Origins of Chinese Labor Exclusion in 1870s California.pdf	54	51	48	5	5	0	Link,Link,Link,Link,Link	none	no	no	0	no	yes
Batzell - Free Labor, Capitalism and the Antislavery Origins of Chinese Labor Exclusion in 1870s California.pdf	54	51	49	6	6	0	Link,Link,Link,Link,Link,Link	none	no	no	0	no	yes
Batzell - Free Labor, Capitalism and the Antislavery Origins of Chinese Labor Exclusion in 1870s California.pdf	54	51	50	6	6	0	Link,Link,Link,Link,Link,Link	none	no	no	0	no	yes
Batzell - Free Labor, Capitalism and the Antislavery Origins of Chinese Labor Exclusion in 1870s California.pdf	54	51	51	4	4	0	Link,Link,Link,Link	none	no	no	0	no	yes
Batzell - Free Labor, Capitalism and the Antislavery Origins of Chinese Labor Exclusion in 1870s California.pdf	54	51	52	7	7	0	Link,Link,Link,Link,Link,Link,Link	none	no	no	0	no	yes
Batzell - Free Labor, Capitalism and the Antislavery Origins of Chinese Labor Exclusion in 1870s California.pdf	54	51	53	4	4	0	Link,Link,Link,Link	none	no	no	0	no	yes
Batzell - Free Labor, Capitalism and the Antislavery Origins of Chinese Labor Exclusion in 1870s California.pdf	54	51	54	5	5	0	Link,Link,Link,Link,Link	none	no	no	0	no	yes
Burke - The Expansion of American Higher Education.pdf	24	1	1	3	3	0	Link,Link,Link	none	no	no	0	no	yes
Collins_1971_Functional and Conflict Theories of Educational Stratification_American Sociological Review.pdf	19	1	1	0	0	0	-	none	no	no	2	no	no
Donahue - 2001 - Time to Get Serious About Talent Management.pdf	3	1	3	0	0	0	-	none	no	no	0	no	yes
Fisch et al. - 2019 - The New Titans of Wall Street A Theoretical Framework for Passive Investors.pdf	57	1	1	0	0	0	-	none	no	no	2	no	no
Lemieux et al. - Performance Pay and Wage Inequality.pdf	50	1	1	0	0	0	-	none	no	no	2	no	no
Price_1958_The Small Business Tax Revision of 1958.pdf	37	1	1	3	3	0	Link,Link,Link	none	no	no	0	no	yes
Robin_Stephens_1996_Against the Grain_Social Text.pdf	32	1	1	4	4	0	Link,Link,Link,Link	none	no	no	2	no	no
Sanders_2001_BEHAVIORAL RESPONSES OF CEOs TO STOCK OWNERSHIP AND STOCK OPTION PAY.pdf	17	1	17	0	0	0	-	none	no	no	0	no	yes
Surani et al. - AI for Scaling Legal Reform Mapping and Redacting Racial Covenants in Santa Clara County.pdf	37	25	1	1	1	0	Link	none	no	no	18	no	no
Surani et al. - AI for Scaling Legal Reform Mapping and Redacting Racial Covenants in Santa Clara County.pdf	37	25	2	46	46	0	Link,Link,Link,Link,Link,Link,Link,Link,Link,Link,Link,Link,Link,Link,Link,Link,Link,Link,Link,Link,Link,Link,Link,Link,Link,Link,Link,Link,Link,Link,Link,Link,Link,Link,Link,Link,Link,Link,Link,Link,Link,Link,Link,Link,Link,Link	none	no	no	18	no	no
Surani et al. - AI for Scaling Legal Reform Mapping and Redacting Racial Covenants in Santa Clara County.pdf	37	25	4	24	24	0	Link,Link,Link,Link,Link,Link,Link,Link,Link,Link,Link,Link,Link,Link,Link,Link,Link,Link,Link,Link,Link,Link,Link,Link	none	no	no	18	no	no
Surani et al. - AI for Scaling Legal Reform Mapping and Redacting Racial Covenants in Santa Clara County.pdf	37	25	6	23	23	0	Link,Link,Link,Link,Link,Link,Link,Link,Link,Link,Link,Link,Link,Link,Link,Link,Link,Link,Link,Link,Link,Link,Link	none	no	no	18	no	no
Surani et al. - AI for Scaling Legal Reform Mapping and Redacting Racial Covenants in Santa Clara County.pdf	37	25	7	23	23	0	Link,Link,Link,Link,Link,Link,Link,Link,Link,Link,Link,Link,Link,Link,Link,Link,Link,Link,Link,Link,Link,Link,Link	none	no	no	18	no	no
Surani et al. - AI for Scaling Legal Reform Mapping and Redacting Racial Covenants in Santa Clara County.pdf	37	25	8	9	9	0	Link,Link,Link,Link,Link,Link,Link,Link,Link	none	no	no	18	no	no
Surani et al. - AI for Scaling Legal Reform Mapping and Redacting Racial Covenants in Santa Clara County.pdf	37	25	9	11	11	0	Link,Link,Link,Link,Link,Link,Link,Link,Link,Link,Link	none	no	no	18	no	no
Surani et al. - AI for Scaling Legal Reform Mapping and Redacting Racial Covenants in Santa Clara County.pdf	37	25	11	4	4	0	Link,Link,Link,Link	none	no	no	18	no	no
Surani et al. - AI for Scaling Legal Reform Mapping and Redacting Racial Covenants in Santa Clara County.pdf	37	25	12	2	2	0	Link,Link	none	no	no	18	no	no
Surani et al. - AI for Scaling Legal Reform Mapping and Redacting Racial Covenants in Santa Clara County.pdf	37	25	14	6	6	0	Link,Link,Link,Link,Link,Link	none	no	no	18	no	no
Surani et al. - AI for Scaling Legal Reform Mapping and Redacting Racial Covenants in Santa Clara County.pdf	37	25	17	18	18	0	Link,Link,Link,Link,Link,Link,Link,Link,Link,Link,Link,Link,Link,Link,Link,Link,Link,Link	none	no	no	18	no	no
Surani et al. - AI for Scaling Legal Reform Mapping and Redacting Racial Covenants in Santa Clara County.pdf	37	25	18	14	14	0	Link,Link,Link,Link,Link,Link,Link,Link,Link,Link,Link,Link,Link,Link	none	no	no	18	no	no
Surani et al. - AI for Scaling Legal Reform Mapping and Redacting Racial Covenants in Santa Clara County.pdf	37	25	20	1	1	0	Link	none	no	no	18	no	no
Surani et al. - AI for Scaling Legal Reform Mapping and Redacting Racial Covenants in Santa Clara County.pdf	37	25	21	8	8	0	Link,Link,Link,Link,Link,Link,Link,Link	none	no	no	18	no	no
Surani et al. - AI for Scaling Legal Reform Mapping and Redacting Racial Covenants in Santa Clara County.pdf	37	25	22	0	0	0	-	none	no	no	18	no	no
Surani et al. - AI for Scaling Legal Reform Mapping and Redacting Racial Covenants in Santa Clara County.pdf	37	25	24	15	15	0	Link,Link,Link,Link,Link,Link,Link,Link,Link,Link,Link,Link,Link,Link,Link	none	no	no	18	no	no
Surani et al. - AI for Scaling Legal Reform Mapping and Redacting Racial Covenants in Santa Clara County.pdf	37	25	25	18	18	0	Link,Link,Link,Link,Link,Link,Link,Link,Link,Link,Link,Link,Link,Link,Link,Link,Link,Link	none	no	no	18	no	no
Surani et al. - AI for Scaling Legal Reform Mapping and Redacting Racial Covenants in Santa Clara County.pdf	37	25	26	10	10	0	Link,Link,Link,Link,Link,Link,Link,Link,Link,Link	none	no	no	18	no	no
Surani et al. - AI for Scaling Legal Reform Mapping and Redacting Racial Covenants in Santa Clara County.pdf	37	25	27	9	9	0	Link,Link,Link,Link,Link,Link,Link,Link,Link	none	no	no	18	no	no
Surani et al. - AI for Scaling Legal Reform Mapping and Redacting Racial Covenants in Santa Clara County.pdf	37	25	28	4	4	0	Link,Link,Link,Link	none	no	no	18	no	no
Surani et al. - AI for Scaling Legal Reform Mapping and Redacting Racial Covenants in Santa Clara County.pdf	37	25	29	3	3	0	Link,Link,Link	none	no	no	18	no	no
Surani et al. - AI for Scaling Legal Reform Mapping and Redacting Racial Covenants in Santa Clara County.pdf	37	25	33	2	2	0	Link,Link	none	no	no	18	no	no
Surani et al. - AI for Scaling Legal Reform Mapping and Redacting Racial Covenants in Santa Clara County.pdf	37	25	34	0	0	0	-	none	no	no	18	no	no
Surani et al. - AI for Scaling Legal Reform Mapping and Redacting Racial Covenants in Santa Clara County.pdf	37	25	35	0	0	0	-	none	no	no	18	no	no
Surani et al. - AI for Scaling Legal Reform Mapping and Redacting Racial Covenants in Santa Clara County.pdf	37	25	37	0	0	0	-	none	no	no	18	no	no
Wells_2015_A Long View of Shareholder Power.pdf	67	1	1	0	0	0	-	none	no	no	0	no	yes
Wilson_1975_Review of The Welfare State and Equality_Journal of Economic Literature.pdf	4	1	1	0	0	0	-	none	no	no	2	no	no
Xin Qu et al_2018_Executive stock option vesting conditions, corporate governance and CEO.pdf	32	1	1	0	0	0	-	none	no	no	0	no	yes
_1985_Issue 2_New Perspectives.pdf	29	1	1	3	3	0	Link,Link,Link	none	no	no	0	no	yes
Davis_2005_Optimism of the Will_Nation.pdf	5	3	2	3	3	0	Highlight,Highlight,Highlight	subtype	yes	yes	0	no	no
Davis_2005_Optimism of the Will_Nation.pdf	5	3	3	3	3	0	Highlight,Underline,Highlight	subtype	yes	yes	0	no	no
Davis_2005_Optimism of the Will_Nation.pdf	5	3	4	2	2	0	Highlight,Highlight	subtype	yes	yes	0	no	no
Kelly_2014_Orders of Magnitude_TLS.pdf	3	2	1	15	15	0	Highlight,Highlight,Highlight,Underline,Highlight,Stamp,Underline,Stamp,Highlight,Stamp,Highlight,Stamp,Highlight,Highlight,Stamp	subtype	yes	yes	0	no	no
Kelly_2014_Orders of Magnitude_TLS.pdf	3	2	2	10	10	0	Highlight,Highlight,Underline,Highlight,Highlight,Highlight,Highlight,Highlight,Underline,Highlight	subtype	yes	yes	0	no	no
_1958_Executive Pay_Nation's Business (pre-1986); Washington.pdf	6	1	6	0	0	0	-	none	no	no	0	no	yes
_1973_Other 67 -- No Title_Newsday (1940-1988), Nassau ed.; Long Island, N.Y..pdf	4	1	1	0	0	0	-	none	no	no	0	no	yes
1958_E.pdf	50	1	1	0	0	0	-	none	no	no	0	no	yes
AI 2027.pdf	71	32	5	22	22	0	Link,Link,Link,Link,Link,Link,Link,Link,Link,Link,Link,Link,Link,Link,Link,Link,Link,Link,Link,Link,Link,Link	none	no	no	4	no	no
AI 2027.pdf	71	32	7	21	21	0	Link,Link,Link,Link,Link,Link,Link,Link,Link,Link,Link,Link,Link,Link,Link,Link,Link,Link,Link,Link,Link	none	no	no	4	no	no
AI 2027.pdf	71	32	19	12	12	0	Link,Link,Link,Link,Link,Link,Link,Link,Link,Link,Link,Link	none	no	no	4	no	no
AI 2027.pdf	71	32	20	9	9	0	Link,Link,Link,Link,Link,Link,Link,Link,Link	none	no	no	4	no	no
AI 2027.pdf	71	32	22	9	9	0	Link,Link,Link,Link,Link,Link,Link,Link,Link	none	no	no	4	no	no
AI 2027.pdf	71	32	25	2	2	0	Link,Link	none	no	no	4	no	no
AI 2027.pdf	71	32	29	5	5	0	Link,Link,Link,Link,Link	none	no	no	4	no	no
AI 2027.pdf	71	32	31	9	9	0	Link,Link,Link,Link,Link,Link,Link,Link,Link	none	no	no	4	no	no
AI 2027.pdf	71	32	33	11	11	0	Link,Link,Link,Link,Link,Link,Link,Link,Link,Link,Link	none	no	no	4	no	no
AI 2027.pdf	71	32	36	5	5	0	Link,Link,Link,Link,Link	none	no	no	4	no	no
AI 2027.pdf	71	32	44	6	6	0	Link,Link,Link,Link,Link,Link	none	no	no	4	no	no
AI 2027.pdf	71	32	45	5	5	0	Link,Link,Link,Link,Link	none	no	no	4	no	no
AI 2027.pdf	71	32	46	1	1	0	Link	none	no	no	4	no	no
AI 2027.pdf	71	32	48	3	3	0	Link,Link,Link	none	no	no	4	no	no
AI 2027.pdf	71	32	52	8	8	0	Link,Link,Link,Link,Link,Link,Link,Link	none	no	no	4	no	no
AI 2027.pdf	71	32	53	5	5	0	Link,Link,Link,Link,Link	none	no	no	4	no	no
AI 2027.pdf	71	32	55	6	6	0	Link,Link,Link,Link,Link,Link	none	no	no	4	no	no
AI 2027.pdf	71	32	56	5	5	0	Link,Link,Link,Link,Link	none	no	no	4	no	no
AI 2027.pdf	71	32	57	5	5	0	Link,Link,Link,Link,Link	none	no	no	4	no	no
AI 2027.pdf	71	32	58	9	9	0	Link,Link,Link,Link,Link,Link,Link,Link,Link	none	no	no	4	no	no
AI 2027.pdf	71	32	59	4	4	0	Link,Link,Link,Link	none	no	no	4	no	no
AI 2027.pdf	71	32	60	6	6	0	Link,Link,Link,Link,Link,Link	none	no	no	4	no	no
AI 2027.pdf	71	32	61	4	4	0	Link,Link,Link,Link	none	no	no	4	no	no
AI 2027.pdf	71	32	62	8	8	0	Link,Link,Link,Link,Link,Link,Link,Link	none	no	no	4	no	no
AI 2027.pdf	71	32	63	15	15	0	Link,Link,Link,Link,Link,Link,Link,Link,Link,Link,Link,Link,Link,Link,Link	none	no	no	4	no	no
AI 2027.pdf	71	32	64	5	5	0	Link,Link,Link,Link,Link	none	no	no	4	no	no
AI 2027.pdf	71	32	65	3	3	0	Link,Link,Link	none	no	no	4	no	no
AI 2027.pdf	71	32	67	12	12	0	Link,Link,Link,Link,Link,Link,Link,Link,Link,Link,Link,Link	none	no	no	4	no	no
AI 2027.pdf	71	32	68	13	13	0	Link,Link,Link,Link,Link,Link,Link,Link,Link,Link,Link,Link,Link	none	no	no	4	no	no
AI 2027.pdf	71	32	69	7	7	0	Link,Link,Link,Link,Link,Link,Link	none	no	no	4	no	no
AI 2027.pdf	71	32	70	7	7	0	Link,Link,Link,Link,Link,Link,Link	none	no	no	4	no	no
AI 2027.pdf	71	32	71	0	0	0	-	none	no	no	4	no	no
Ries_Marshall_1955_web.pdf	107	1	1	0	0	0	-	none	no	no	0	no	yes
Schwaller - 2026 - Silicon Valley Landscapes Architecture and the Soft Power of Big Tech.pdf	300	167	1	0	0	0	-	none	no	no	0	no	yes
Schwaller - 2026 - Silicon Valley Landscapes Architecture and the Soft Power of Big Tech.pdf	300	167	3	0	0	0	-	none	no	no	0	no	yes
Schwaller - 2026 - Silicon Valley Landscapes Architecture and the Soft Power of Big Tech.pdf	300	167	4	0	0	0	-	none	no	no	0	no	yes
Schwaller - 2026 - Silicon Valley Landscapes Architecture and the Soft Power of Big Tech.pdf	300	167	5	0	0	0	-	none	no	no	0	no	yes
Schwaller - 2026 - Silicon Valley Landscapes Architecture and the Soft Power of Big Tech.pdf	300	167	7	0	0	0	-	none	no	no	0	no	yes
Schwaller - 2026 - Silicon Valley Landscapes Architecture and the Soft Power of Big Tech.pdf	300	167	9	0	0	0	-	none	no	no	0	no	yes
Schwaller - 2026 - Silicon Valley Landscapes Architecture and the Soft Power of Big Tech.pdf	300	167	10	0	0	0	-	none	no	no	0	no	yes
Schwaller - 2026 - Silicon Valley Landscapes Architecture and the Soft Power of Big Tech.pdf	300	167	11	0	0	0	-	none	no	no	0	no	yes
Schwaller - 2026 - Silicon Valley Landscapes Architecture and the Soft Power of Big Tech.pdf	300	167	12	0	0	0	-	none	no	no	0	no	yes
Schwaller - 2026 - Silicon Valley Landscapes Architecture and the Soft Power of Big Tech.pdf	300	167	13	0	0	0	-	none	no	no	0	no	yes
Schwaller - 2026 - Silicon Valley Landscapes Architecture and the Soft Power of Big Tech.pdf	300	167	14	0	0	0	-	none	no	no	0	no	yes
Schwaller - 2026 - Silicon Valley Landscapes Architecture and the Soft Power of Big Tech.pdf	300	167	16	0	0	0	-	none	no	no	0	no	yes
Schwaller - 2026 - Silicon Valley Landscapes Architecture and the Soft Power of Big Tech.pdf	300	167	17	0	0	0	-	none	no	no	0	no	yes
Schwaller - 2026 - Silicon Valley Landscapes Architecture and the Soft Power of Big Tech.pdf	300	167	18	0	0	0	-	none	no	no	0	no	yes
Schwaller - 2026 - Silicon Valley Landscapes Architecture and the Soft Power of Big Tech.pdf	300	167	19	0	0	0	-	none	no	no	0	no	yes
Schwaller - 2026 - Silicon Valley Landscapes Architecture and the Soft Power of Big Tech.pdf	300	167	20	0	0	0	-	none	no	no	0	no	yes
Schwaller - 2026 - Silicon Valley Landscapes Architecture and the Soft Power of Big Tech.pdf	300	167	22	0	0	0	-	none	no	no	0	no	yes
Schwaller - 2026 - Silicon Valley Landscapes Architecture and the Soft Power of Big Tech.pdf	300	167	23	0	0	0	-	none	no	no	0	no	yes
Schwaller - 2026 - Silicon Valley Landscapes Architecture and the Soft Power of Big Tech.pdf	300	167	25	0	0	0	-	none	no	no	0	no	yes
Schwaller - 2026 - Silicon Valley Landscapes Architecture and the Soft Power of Big Tech.pdf	300	167	26	0	0	0	-	none	no	no	0	no	yes
Schwaller - 2026 - Silicon Valley Landscapes Architecture and the Soft Power of Big Tech.pdf	300	167	27	0	0	0	-	none	no	no	0	no	yes
Schwaller - 2026 - Silicon Valley Landscapes Architecture and the Soft Power of Big Tech.pdf	300	167	28	0	0	0	-	none	no	no	0	no	yes
Schwaller - 2026 - Silicon Valley Landscapes Architecture and the Soft Power of Big Tech.pdf	300	167	29	0	0	0	-	none	no	no	0	no	yes
Schwaller - 2026 - Silicon Valley Landscapes Architecture and the Soft Power of Big Tech.pdf	300	167	31	0	0	0	-	none	no	no	0	no	yes
Schwaller - 2026 - Silicon Valley Landscapes Architecture and the Soft Power of Big Tech.pdf	300	167	32	0	0	0	-	none	no	no	0	no	yes
Schwaller - 2026 - Silicon Valley Landscapes Architecture and the Soft Power of Big Tech.pdf	300	167	33	0	0	0	-	none	no	no	0	no	yes
Schwaller - 2026 - Silicon Valley Landscapes Architecture and the Soft Power of Big Tech.pdf	300	167	34	0	0	0	-	none	no	no	0	no	yes
Schwaller - 2026 - Silicon Valley Landscapes Architecture and the Soft Power of Big Tech.pdf	300	167	36	0	0	0	-	none	no	no	0	no	yes
Schwaller - 2026 - Silicon Valley Landscapes Architecture and the Soft Power of Big Tech.pdf	300	167	38	0	0	0	-	none	no	no	0	no	yes
Schwaller - 2026 - Silicon Valley Landscapes Architecture and the Soft Power of Big Tech.pdf	300	167	39	0	0	0	-	none	no	no	0	no	yes
Schwaller - 2026 - Silicon Valley Landscapes Architecture and the Soft Power of Big Tech.pdf	300	167	41	0	0	0	-	none	no	no	0	no	yes
Schwaller - 2026 - Silicon Valley Landscapes Architecture and the Soft Power of Big Tech.pdf	300	167	42	0	0	0	-	none	no	no	0	no	yes
Schwaller - 2026 - Silicon Valley Landscapes Architecture and the Soft Power of Big Tech.pdf	300	167	44	0	0	0	-	none	no	no	0	no	yes
Schwaller - 2026 - Silicon Valley Landscapes Architecture and the Soft Power of Big Tech.pdf	300	167	46	0	0	0	-	none	no	no	0	no	yes
Schwaller - 2026 - Silicon Valley Landscapes Architecture and the Soft Power of Big Tech.pdf	300	167	47	0	0	0	-	none	no	no	0	no	yes
Schwaller - 2026 - Silicon Valley Landscapes Architecture and the Soft Power of Big Tech.pdf	300	167	48	0	0	0	-	none	no	no	0	no	yes
Schwaller - 2026 - Silicon Valley Landscapes Architecture and the Soft Power of Big Tech.pdf	300	167	49	0	0	0	-	none	no	no	0	no	yes
Schwaller - 2026 - Silicon Valley Landscapes Architecture and the Soft Power of Big Tech.pdf	300	167	51	0	0	0	-	none	no	no	0	no	yes
Schwaller - 2026 - Silicon Valley Landscapes Architecture and the Soft Power of Big Tech.pdf	300	167	53	0	0	0	-	none	no	no	0	no	yes
Schwaller - 2026 - Silicon Valley Landscapes Architecture and the Soft Power of Big Tech.pdf	300	167	55	0	0	0	-	none	no	no	0	no	yes
Schwaller - 2026 - Silicon Valley Landscapes Architecture and the Soft Power of Big Tech.pdf	300	167	59	0	0	0	-	none	no	no	0	no	yes
Schwaller - 2026 - Silicon Valley Landscapes Architecture and the Soft Power of Big Tech.pdf	300	167	61	0	0	0	-	none	no	no	0	no	yes
Schwaller - 2026 - Silicon Valley Landscapes Architecture and the Soft Power of Big Tech.pdf	300	167	65	0	0	0	-	none	no	no	0	no	yes
Schwaller - 2026 - Silicon Valley Landscapes Architecture and the Soft Power of Big Tech.pdf	300	167	67	0	0	0	-	none	no	no	0	no	yes
Schwaller - 2026 - Silicon Valley Landscapes Architecture and the Soft Power of Big Tech.pdf	300	167	69	0	0	0	-	none	no	no	0	no	yes
Schwaller - 2026 - Silicon Valley Landscapes Architecture and the Soft Power of Big Tech.pdf	300	167	71	0	0	0	-	none	no	no	0	no	yes
Schwaller - 2026 - Silicon Valley Landscapes Architecture and the Soft Power of Big Tech.pdf	300	167	72	0	0	0	-	none	no	no	0	no	yes
Schwaller - 2026 - Silicon Valley Landscapes Architecture and the Soft Power of Big Tech.pdf	300	167	74	0	0	0	-	none	no	no	0	no	yes
Schwaller - 2026 - Silicon Valley Landscapes Architecture and the Soft Power of Big Tech.pdf	300	167	75	0	0	0	-	none	no	no	0	no	yes
Schwaller - 2026 - Silicon Valley Landscapes Architecture and the Soft Power of Big Tech.pdf	300	167	76	0	0	0	-	none	no	no	0	no	yes
Schwaller - 2026 - Silicon Valley Landscapes Architecture and the Soft Power of Big Tech.pdf	300	167	77	0	0	0	-	none	no	no	0	no	yes
Schwaller - 2026 - Silicon Valley Landscapes Architecture and the Soft Power of Big Tech.pdf	300	167	79	0	0	0	-	none	no	no	0	no	yes
Schwaller - 2026 - Silicon Valley Landscapes Architecture and the Soft Power of Big Tech.pdf	300	167	82	0	0	0	-	none	no	no	0	no	yes
Schwaller - 2026 - Silicon Valley Landscapes Architecture and the Soft Power of Big Tech.pdf	300	167	84	0	0	0	-	none	no	no	0	no	yes
Schwaller - 2026 - Silicon Valley Landscapes Architecture and the Soft Power of Big Tech.pdf	300	167	87	0	0	0	-	none	no	no	0	no	yes
Schwaller - 2026 - Silicon Valley Landscapes Architecture and the Soft Power of Big Tech.pdf	300	167	89	0	0	0	-	none	no	no	0	no	yes
Schwaller - 2026 - Silicon Valley Landscapes Architecture and the Soft Power of Big Tech.pdf	300	167	90	0	0	0	-	none	no	no	0	no	yes
Schwaller - 2026 - Silicon Valley Landscapes Architecture and the Soft Power of Big Tech.pdf	300	167	92	0	0	0	-	none	no	no	0	no	yes
Schwaller - 2026 - Silicon Valley Landscapes Architecture and the Soft Power of Big Tech.pdf	300	167	93	0	0	0	-	none	no	no	0	no	yes
Schwaller - 2026 - Silicon Valley Landscapes Architecture and the Soft Power of Big Tech.pdf	300	167	94	0	0	0	-	none	no	no	0	no	yes
Schwaller - 2026 - Silicon Valley Landscapes Architecture and the Soft Power of Big Tech.pdf	300	167	97	0	0	0	-	none	no	no	0	no	yes
Schwaller - 2026 - Silicon Valley Landscapes Architecture and the Soft Power of Big Tech.pdf	300	167	100	0	0	0	-	none	no	no	0	no	yes
Schwaller - 2026 - Silicon Valley Landscapes Architecture and the Soft Power of Big Tech.pdf	300	167	103	0	0	0	-	none	no	no	0	no	yes
Schwaller - 2026 - Silicon Valley Landscapes Architecture and the Soft Power of Big Tech.pdf	300	167	105	0	0	0	-	none	no	no	0	no	yes
Schwaller - 2026 - Silicon Valley Landscapes Architecture and the Soft Power of Big Tech.pdf	300	167	106	0	0	0	-	none	no	no	0	no	yes
Schwaller - 2026 - Silicon Valley Landscapes Architecture and the Soft Power of Big Tech.pdf	300	167	109	0	0	0	-	none	no	no	0	no	yes
Schwaller - 2026 - Silicon Valley Landscapes Architecture and the Soft Power of Big Tech.pdf	300	167	111	0	0	0	-	none	no	no	0	no	yes
Schwaller - 2026 - Silicon Valley Landscapes Architecture and the Soft Power of Big Tech.pdf	300	167	112	0	0	0	-	none	no	no	0	no	yes
Schwaller - 2026 - Silicon Valley Landscapes Architecture and the Soft Power of Big Tech.pdf	300	167	115	0	0	0	-	none	no	no	0	no	yes
Schwaller - 2026 - Silicon Valley Landscapes Architecture and the Soft Power of Big Tech.pdf	300	167	118	0	0	0	-	none	no	no	0	no	yes
Schwaller - 2026 - Silicon Valley Landscapes Architecture and the Soft Power of Big Tech.pdf	300	167	121	0	0	0	-	none	no	no	0	no	yes
Schwaller - 2026 - Silicon Valley Landscapes Architecture and the Soft Power of Big Tech.pdf	300	167	124	0	0	0	-	none	no	no	0	no	yes
Schwaller - 2026 - Silicon Valley Landscapes Architecture and the Soft Power of Big Tech.pdf	300	167	126	0	0	0	-	none	no	no	0	no	yes
Schwaller - 2026 - Silicon Valley Landscapes Architecture and the Soft Power of Big Tech.pdf	300	167	127	0	0	0	-	none	no	no	0	no	yes
Schwaller - 2026 - Silicon Valley Landscapes Architecture and the Soft Power of Big Tech.pdf	300	167	128	0	0	0	-	none	no	no	0	no	yes
Schwaller - 2026 - Silicon Valley Landscapes Architecture and the Soft Power of Big Tech.pdf	300	167	131	0	0	0	-	none	no	no	0	no	yes
Schwaller - 2026 - Silicon Valley Landscapes Architecture and the Soft Power of Big Tech.pdf	300	167	133	0	0	0	-	none	no	no	0	no	yes
Schwaller - 2026 - Silicon Valley Landscapes Architecture and the Soft Power of Big Tech.pdf	300	167	137	0	0	0	-	none	no	no	0	no	yes
Schwaller - 2026 - Silicon Valley Landscapes Architecture and the Soft Power of Big Tech.pdf	300	167	139	0	0	0	-	none	no	no	0	no	yes
Schwaller - 2026 - Silicon Valley Landscapes Architecture and the Soft Power of Big Tech.pdf	300	167	144	0	0	0	-	none	no	no	0	no	yes
Schwaller - 2026 - Silicon Valley Landscapes Architecture and the Soft Power of Big Tech.pdf	300	167	146	0	0	0	-	none	no	no	0	no	yes
Schwaller - 2026 - Silicon Valley Landscapes Architecture and the Soft Power of Big Tech.pdf	300	167	149	0	0	0	-	none	no	no	0	no	yes
Schwaller - 2026 - Silicon Valley Landscapes Architecture and the Soft Power of Big Tech.pdf	300	167	150	0	0	0	-	none	no	no	0	no	yes
Schwaller - 2026 - Silicon Valley Landscapes Architecture and the Soft Power of Big Tech.pdf	300	167	151	0	0	0	-	none	no	no	0	no	yes
Schwaller - 2026 - Silicon Valley Landscapes Architecture and the Soft Power of Big Tech.pdf	300	167	152	0	0	0	-	none	no	no	0	no	yes
Schwaller - 2026 - Silicon Valley Landscapes Architecture and the Soft Power of Big Tech.pdf	300	167	153	0	0	0	-	none	no	no	0	no	yes
Schwaller - 2026 - Silicon Valley Landscapes Architecture and the Soft Power of Big Tech.pdf	300	167	154	0	0	0	-	none	no	no	0	no	yes
Schwaller - 2026 - Silicon Valley Landscapes Architecture and the Soft Power of Big Tech.pdf	300	167	155	0	0	0	-	none	no	no	0	no	yes
Schwaller - 2026 - Silicon Valley Landscapes Architecture and the Soft Power of Big Tech.pdf	300	167	158	0	0	0	-	none	no	no	0	no	yes
Schwaller - 2026 - Silicon Valley Landscapes Architecture and the Soft Power of Big Tech.pdf	300	167	160	0	0	0	-	none	no	no	0	no	yes
Schwaller - 2026 - Silicon Valley Landscapes Architecture and the Soft Power of Big Tech.pdf	300	167	162	0	0	0	-	none	no	no	0	no	yes
Schwaller - 2026 - Silicon Valley Landscapes Architecture and the Soft Power of Big Tech.pdf	300	167	163	0	0	0	-	none	no	no	0	no	yes
Schwaller - 2026 - Silicon Valley Landscapes Architecture and the Soft Power of Big Tech.pdf	300	167	164	0	0	0	-	none	no	no	0	no	yes
Schwaller - 2026 - Silicon Valley Landscapes Architecture and the Soft Power of Big Tech.pdf	300	167	166	0	0	0	-	none	no	no	0	no	yes
Schwaller - 2026 - Silicon Valley Landscapes Architecture and the Soft Power of Big Tech.pdf	300	167	167	0	0	0	-	none	no	no	0	no	yes
Schwaller - 2026 - Silicon Valley Landscapes Architecture and the Soft Power of Big Tech.pdf	300	167	172	0	0	0	-	none	no	no	0	no	yes
Schwaller - 2026 - Silicon Valley Landscapes Architecture and the Soft Power of Big Tech.pdf	300	167	182	0	0	0	-	none	no	no	0	no	yes
Schwaller - 2026 - Silicon Valley Landscapes Architecture and the Soft Power of Big Tech.pdf	300	167	190	0	0	0	-	none	no	no	0	no	yes
Schwaller - 2026 - Silicon Valley Landscapes Architecture and the Soft Power of Big Tech.pdf	300	167	198	0	0	0	-	none	no	no	0	no	yes
Schwaller - 2026 - Silicon Valley Landscapes Architecture and the Soft Power of Big Tech.pdf	300	167	200	0	0	0	-	none	no	no	0	no	yes
Schwaller - 2026 - Silicon Valley Landscapes Architecture and the Soft Power of Big Tech.pdf	300	167	201	0	0	0	-	none	no	no	0	no	yes
Schwaller - 2026 - Silicon Valley Landscapes Architecture and the Soft Power of Big Tech.pdf	300	167	203	0	0	0	-	none	no	no	0	no	yes
Schwaller - 2026 - Silicon Valley Landscapes Architecture and the Soft Power of Big Tech.pdf	300	167	204	0	0	0	-	none	no	no	0	no	yes
Schwaller - 2026 - Silicon Valley Landscapes Architecture and the Soft Power of Big Tech.pdf	300	167	205	0	0	0	-	none	no	no	0	no	yes
Schwaller - 2026 - Silicon Valley Landscapes Architecture and the Soft Power of Big Tech.pdf	300	167	207	0	0	0	-	none	no	no	0	no	yes
Schwaller - 2026 - Silicon Valley Landscapes Architecture and the Soft Power of Big Tech.pdf	300	167	209	0	0	0	-	none	no	no	0	no	yes
Schwaller - 2026 - Silicon Valley Landscapes Architecture and the Soft Power of Big Tech.pdf	300	167	210	0	0	0	-	none	no	no	0	no	yes
Schwaller - 2026 - Silicon Valley Landscapes Architecture and the Soft Power of Big Tech.pdf	300	167	216	0	0	0	-	none	no	no	0	no	yes
Schwaller - 2026 - Silicon Valley Landscapes Architecture and the Soft Power of Big Tech.pdf	300	167	218	0	0	0	-	none	no	no	0	no	yes
Schwaller - 2026 - Silicon Valley Landscapes Architecture and the Soft Power of Big Tech.pdf	300	167	219	0	0	0	-	none	no	no	0	no	yes
Schwaller - 2026 - Silicon Valley Landscapes Architecture and the Soft Power of Big Tech.pdf	300	167	221	0	0	0	-	none	no	no	0	no	yes
Schwaller - 2026 - Silicon Valley Landscapes Architecture and the Soft Power of Big Tech.pdf	300	167	223	0	0	0	-	none	no	no	0	no	yes
Schwaller - 2026 - Silicon Valley Landscapes Architecture and the Soft Power of Big Tech.pdf	300	167	225	0	0	0	-	none	no	no	0	no	yes
Schwaller - 2026 - Silicon Valley Landscapes Architecture and the Soft Power of Big Tech.pdf	300	167	227	0	0	0	-	none	no	no	0	no	yes
Schwaller - 2026 - Silicon Valley Landscapes Architecture and the Soft Power of Big Tech.pdf	300	167	228	0	0	0	-	none	no	no	0	no	yes
Schwaller - 2026 - Silicon Valley Landscapes Architecture and the Soft Power of Big Tech.pdf	300	167	231	0	0	0	-	none	no	no	0	no	yes
Schwaller - 2026 - Silicon Valley Landscapes Architecture and the Soft Power of Big Tech.pdf	300	167	232	0	0	0	-	none	no	no	0	no	yes
Schwaller - 2026 - Silicon Valley Landscapes Architecture and the Soft Power of Big Tech.pdf	300	167	234	0	0	0	-	none	no	no	0	no	yes
Schwaller - 2026 - Silicon Valley Landscapes Architecture and the Soft Power of Big Tech.pdf	300	167	236	0	0	0	-	none	no	no	0	no	yes
Schwaller - 2026 - Silicon Valley Landscapes Architecture and the Soft Power of Big Tech.pdf	300	167	237	0	0	0	-	none	no	no	0	no	yes
Schwaller - 2026 - Silicon Valley Landscapes Architecture and the Soft Power of Big Tech.pdf	300	167	239	0	0	0	-	none	no	no	0	no	yes
Schwaller - 2026 - Silicon Valley Landscapes Architecture and the Soft Power of Big Tech.pdf	300	167	240	0	0	0	-	none	no	no	0	no	yes
Schwaller - 2026 - Silicon Valley Landscapes Architecture and the Soft Power of Big Tech.pdf	300	167	243	0	0	0	-	none	no	no	0	no	yes
Schwaller - 2026 - Silicon Valley Landscapes Architecture and the Soft Power of Big Tech.pdf	300	167	245	0	0	0	-	none	no	no	0	no	yes
Schwaller - 2026 - Silicon Valley Landscapes Architecture and the Soft Power of Big Tech.pdf	300	167	247	0	0	0	-	none	no	no	0	no	yes
Schwaller - 2026 - Silicon Valley Landscapes Architecture and the Soft Power of Big Tech.pdf	300	167	248	0	0	0	-	none	no	no	0	no	yes
Schwaller - 2026 - Silicon Valley Landscapes Architecture and the Soft Power of Big Tech.pdf	300	167	250	0	0	0	-	none	no	no	0	no	yes
Schwaller - 2026 - Silicon Valley Landscapes Architecture and the Soft Power of Big Tech.pdf	300	167	252	0	0	0	-	none	no	no	0	no	yes
Schwaller - 2026 - Silicon Valley Landscapes Architecture and the Soft Power of Big Tech.pdf	300	167	255	0	0	0	-	none	no	no	0	no	yes
Schwaller - 2026 - Silicon Valley Landscapes Architecture and the Soft Power of Big Tech.pdf	300	167	256	0	0	0	-	none	no	no	0	no	yes
Schwaller - 2026 - Silicon Valley Landscapes Architecture and the Soft Power of Big Tech.pdf	300	167	259	0	0	0	-	none	no	no	0	no	yes
Schwaller - 2026 - Silicon Valley Landscapes Architecture and the Soft Power of Big Tech.pdf	300	167	261	0	0	0	-	none	no	no	0	no	yes
Schwaller - 2026 - Silicon Valley Landscapes Architecture and the Soft Power of Big Tech.pdf	300	167	263	0	0	0	-	none	no	no	0	no	yes
Schwaller - 2026 - Silicon Valley Landscapes Architecture and the Soft Power of Big Tech.pdf	300	167	266	0	0	0	-	none	no	no	0	no	yes
Schwaller - 2026 - Silicon Valley Landscapes Architecture and the Soft Power of Big Tech.pdf	300	167	267	0	0	0	-	none	no	no	0	no	yes
Schwaller - 2026 - Silicon Valley Landscapes Architecture and the Soft Power of Big Tech.pdf	300	167	269	0	0	0	-	none	no	no	0	no	yes
Schwaller - 2026 - Silicon Valley Landscapes Architecture and the Soft Power of Big Tech.pdf	300	167	270	0	0	0	-	none	no	no	0	no	yes
Schwaller - 2026 - Silicon Valley Landscapes Architecture and the Soft Power of Big Tech.pdf	300	167	271	0	0	0	-	none	no	no	0	no	yes
Schwaller - 2026 - Silicon Valley Landscapes Architecture and the Soft Power of Big Tech.pdf	300	167	272	0	0	0	-	none	no	no	0	no	yes
Schwaller - 2026 - Silicon Valley Landscapes Architecture and the Soft Power of Big Tech.pdf	300	167	273	0	0	0	-	none	no	no	0	no	yes
Schwaller - 2026 - Silicon Valley Landscapes Architecture and the Soft Power of Big Tech.pdf	300	167	274	0	0	0	-	none	no	no	0	no	yes
Schwaller - 2026 - Silicon Valley Landscapes Architecture and the Soft Power of Big Tech.pdf	300	167	275	0	0	0	-	none	no	no	0	no	yes
Schwaller - 2026 - Silicon Valley Landscapes Architecture and the Soft Power of Big Tech.pdf	300	167	276	0	0	0	-	none	no	no	0	no	yes
Schwaller - 2026 - Silicon Valley Landscapes Architecture and the Soft Power of Big Tech.pdf	300	167	277	0	0	0	-	none	no	no	0	no	yes
Schwaller - 2026 - Silicon Valley Landscapes Architecture and the Soft Power of Big Tech.pdf	300	167	278	0	0	0	-	none	no	no	0	no	yes
Schwaller - 2026 - Silicon Valley Landscapes Architecture and the Soft Power of Big Tech.pdf	300	167	279	0	0	0	-	none	no	no	0	no	yes
Schwaller - 2026 - Silicon Valley Landscapes Architecture and the Soft Power of Big Tech.pdf	300	167	280	0	0	0	-	none	no	no	0	no	yes
Schwaller - 2026 - Silicon Valley Landscapes Architecture and the Soft Power of Big Tech.pdf	300	167	281	0	0	0	-	none	no	no	0	no	yes
Schwaller - 2026 - Silicon Valley Landscapes Architecture and the Soft Power of Big Tech.pdf	300	167	282	0	0	0	-	none	no	no	0	no	yes
Schwaller - 2026 - Silicon Valley Landscapes Architecture and the Soft Power of Big Tech.pdf	300	167	283	0	0	0	-	none	no	no	0	no	yes
Schwaller - 2026 - Silicon Valley Landscapes Architecture and the Soft Power of Big Tech.pdf	300	167	284	0	0	0	-	none	no	no	0	no	yes
Schwaller - 2026 - Silicon Valley Landscapes Architecture and the Soft Power of Big Tech.pdf	300	167	285	0	0	0	-	none	no	no	0	no	yes
Schwaller - 2026 - Silicon Valley Landscapes Architecture and the Soft Power of Big Tech.pdf	300	167	286	0	0	0	-	none	no	no	0	no	yes
Schwaller - 2026 - Silicon Valley Landscapes Architecture and the Soft Power of Big Tech.pdf	300	167	287	0	0	0	-	none	no	no	0	no	yes
Schwaller - 2026 - Silicon Valley Landscapes Architecture and the Soft Power of Big Tech.pdf	300	167	288	0	0	0	-	none	no	no	0	no	yes
Schwaller - 2026 - Silicon Valley Landscapes Architecture and the Soft Power of Big Tech.pdf	300	167	289	0	0	0	-	none	no	no	0	no	yes
Schwaller - 2026 - Silicon Valley Landscapes Architecture and the Soft Power of Big Tech.pdf	300	167	290	0	0	0	-	none	no	no	0	no	yes
Schwaller - 2026 - Silicon Valley Landscapes Architecture and the Soft Power of Big Tech.pdf	300	167	291	0	0	0	-	none	no	no	0	no	yes
Schwaller - 2026 - Silicon Valley Landscapes Architecture and the Soft Power of Big Tech.pdf	300	167	292	0	0	0	-	none	no	no	0	no	yes
Schwaller - 2026 - Silicon Valley Landscapes Architecture and the Soft Power of Big Tech.pdf	300	167	293	0	0	0	-	none	no	no	0	no	yes
Schwaller - 2026 - Silicon Valley Landscapes Architecture and the Soft Power of Big Tech.pdf	300	167	294	0	0	0	-	none	no	no	0	no	yes
Schwaller - 2026 - Silicon Valley Landscapes Architecture and the Soft Power of Big Tech.pdf	300	167	295	0	0	0	-	none	no	no	0	no	yes
Schwaller - 2026 - Silicon Valley Landscapes Architecture and the Soft Power of Big Tech.pdf	300	167	296	0	0	0	-	none	no	no	0	no	yes
Schwaller - 2026 - Silicon Valley Landscapes Architecture and the Soft Power of Big Tech.pdf	300	167	297	0	0	0	-	none	no	no	0	no	yes
Schwaller - 2026 - Silicon Valley Landscapes Architecture and the Soft Power of Big Tech.pdf	300	167	298	0	0	0	-	none	no	no	0	no	yes
Schwaller - 2026 - Silicon Valley Landscapes Architecture and the Soft Power of Big Tech.pdf	300	167	299	0	0	0	-	none	no	no	0	no	yes
Schwaller - 2026 - Silicon Valley Landscapes Architecture and the Soft Power of Big Tech.pdf	300	167	300	0	0	0	-	none	no	no	0	no	yes
