doc	pages	embeddedText	hasDigitalText	digitalPages	first3
1954 - Why.pdf	10	yes	no	1	p1
Berle_1940_New directions in the new world,_Harper.pdf	31	yes	no	0	
Boltanski_2006_On justification_Princeton University Press.pdf	203	yes	no	1	p203
Casey_1954_1954 pay almanac,.pdf	10	yes	no	0	
Cohen_1990_Making a New Deal_Cambridge University Press.pdf	8	yes	no	1	p1
Countryman - 2006 - Up south  civil rights and Black power in Philadelphia.pdf	436	yes	no	0	
Eurich_Academy for Educational Development._1968_Campus 1980; the shape of the future in American higher education_Delacorte Press.pdf	30	yes	no	0	
Friedman_1962_Capitalism and freedom_University of Chicago Press.pdf	226	yes	no	0	
Gowan and Demos - 1964 - The education and guidance of the ablest.pdf	6	no	no	0	
Guilford_Psychometric Methods.pdf	6	yes	no	0	
Hayek_1978_The constitution of liberty_University of Chicago Press.pdf	574	yes	no	0	
Himanen_2001_The hacker ethic and the spirit of the information age_Random House.pdf	255	yes	no	0	
Ibson_2006_Picturing men.pdf	263	yes	no	0	
JAH Review.pdf	3	yes	no	1	p1
Keyssar_2000_The Right to Vote_Basic Books.pdf	3	yes	no	1	p1
LaVaque-Manty_2009_The Playing Fields of Eton_University of Michigan Press.pdf	81	yes	no	0	
Mintzberg - 1973 - The nature of managerial work.pdf	119	yes	no	0	
Mitchell_1958_Stanford University, 1916-1941_Stanford Unoversity Press.pdf	12	yes	no	0	
Morgan_1975_American Slavery, American Freedom_Norton.pdf	3	yes	no	1	p1
Mudge_2018_Leftism Reinvented_Harvard University Press.pdf	372	yes	no	19	p67;p68;p91
Nedelsky_1990_Private property and the limits of American constitutionalism_University of Chicago Press.pdf	7	yes	no	0	
New York Stock Exchange_1956_Stock ownership plans for employees.pdf	146	yes	no	0	
Noble_1977_America by design.pdf	414	yes	no	0	
Riesman - 1954 - Individualism reconsidered, and other essays.pdf	25	yes	no	0	
Schumpeter_1955_Imperialism ; Social classes_World.pdf	191	yes	no	0	
Shows and Burton - 1972 - Microeconomics.pdf	18	yes	no	0	
UN-OCred.pdf	40	yes	no	0	
Westad_2005_The Global Cold War_Cambridge University Press.pdf	3	yes	no	1	p1
_2010_New Materialisms_Duke University Press.pdf	22	yes	no	0	
Allen_2011_The Origins of Political Philosophy_Oxford University Press.pdf	29	yes	no	0	
Berger_2013_Toward a Third Industrial Divide_.pdf	24	yes	no	0	
Broadhead - 1994 - Regionalism and the Upper Class.pdf	13	yes	no	0	
Canby_1915_Current Literature and the Colleges_Harper & Brothers.pdf	25	yes	no	0	
Canby_1929_Comment on Several Subjects.pdf	4	yes	yes	3	p2;p3;p4
Falasca-Zamponi_2004_The »Culture« of Personality.pdf	29	yes	no	1	p5
Findlay_1992_Stanford Industrial Park_University of California Press.pdf	62	yes	no	22	p1;p4;p7
Geiger et al_2018_American higher education in the postwar era, 1945-1970.pdf	26	yes	no	0	
Gilroy - 2000 - Getting In.pdf	22	yes	no	0	
Gregory-Huddleston_1994_Culture conflict with growth_University Press of America.pdf	6	yes	no	0	
Hobsbawm and Ranger - 1992 - The Invention of tradition.pdf	324	yes	no	0	
Hyman_2012_Rethinking the Postwar Corporation_Oxford University Press.pdf	15	yes	no	0	
Kazin_1955_The Writer and the .pdf	16	yes	no	3	p1;p4;p6
Krippner__The political economy of financial exuberance_Emerald Group Publishing Limited.pdf	40	yes	no	0	
Kristol_1962_SOCIAL SCIENCES AND LAW_.pdf	29	yes	no	0	
Lloyd-Jones_Smith_1938_Selection and Admissions.pdf	23	yes	no	0	
Maclean_2008_Southern Dominance in Borrowed Language_School for Advanced Research Press.pdf	10	yes	no	0	
Merriam, H. G_1948_Does the Northwest Believe in Itself_Macmillan Co.pdf	23	yes	no	0	
Miller_1952_The Business Elite in Business Bureaucracies_Harvard University Press.pdf	31	yes	no	0	
Moyn_2014_Imaginary Intellectual History_Oxford University Press, 2014 (2015-03-31 16-01-49).pdf	25	yes	no	0	
National Association for the Advancement of Colored People - 1993 - Papers of the NAACP. Pt. 15 Ser. A Segration and discrimination, complaints and responses, 1940 - 1.pdf	65	yes	no	0	
O'Brien_1955_The Area of Admissions in Higher Education_.pdf	37	yes	no	0	
Phillips-Fein_Zelizer_2012_What's good for business _Oxford University Press.pdf	15	yes	no	0	
Riesman_1992_My Education in Soc 2 and My Efforts to Adapt It in the Harvard Setting_.pdf	40	yes	no	6	p10;p11;p18
Schaar, handwritten notes.pdf	11	yes	no	0	
Strickland and Ambrose - 1985 - The Baby Boom, Prosperity, and the Changing Worlds.pdf	56	yes	no	0	
_1945_Postwar Economic Policy and Planning_.pdf	150	yes	no	0	
full chapter.pdf	32	yes	no	23	p2;p3;p4
(F) Dickens.pdf	8	no	no	0	
1881 - Harry Wilcox.pdf	9	no	no	0	
1976 - Regis McKenna Papers - Early Career, 1965-1981.pdf	9	no	no	0	
2008_Hoagland oral history.pdf	15	yes	no	0	
2008_McIntyre oral history.pdf	18	yes	no	0	
2013 - Silicon Valley Program Transcript.pdf	38	yes	no	0	
2015_Gibbs oral history.pdf	71	yes	no	0	
2017_Bunnell oral history, athletics.pdf	69	yes	no	0	
2024 - Class Action lawsuit re need blind admissions.pdf	75	yes	no	0	
Atkinson_1939_Atkinson on firings_.pdf	3	no	no	0	
Ford_1941_Speech_.pdf	6	no	no	0	
Freud_Fetishism.pdf	7	yes	no	0	
Galison_1998_Trading Zone_.pdf	14	yes	no	0	
Geiger oral history.pdf	99	yes	no	0	
Henry Morgenthau papers.pdf	201	yes	no	2	p188;p189
Herbert Marks papers.pdf	15	no	no	0	
Intellectual History Newsletter -- Forum on Menand.pdf	45	yes	no	6	p1;p3;p13
Lyons oral history.pdf	114	yes	no	0	
Nogales oral history.pdf	46	yes	no	0	
October_2,_1960_(Page_24_of_25.pdf	1	yes	no	0	
RIESMAN_1942_American Law Institute Proceedings_.pdf	10	yes	no	0	
Riesman_1964_From inner-directed to other- directed_.pdf	18	yes	no	0	
Riesman_1964_The New Education_.pdf	12	yes	no	0	
Riesman_1973_THEMES OF WORK AND PLAY IN THE STRUCTURE OF FREUD S THOUGHT_.pdf	30	yes	no	1	p27
Senate, Democratic Leadership.pdf	27	yes	no	0	
Stanford_1891_Jane Stanford opening day speech (undelivered).pdf	4	yes	no	0	
Stiglitz1975(onPasinetti1974).pdf	3	yes	no	1	p1
_1939_Former students to Board re Merriam_.pdf	18	no	no	0	
_1953_99 Cong_ 2.pdf	31	yes	no	0	
_1953_99 Cong_.pdf	32	yes	no	0	
_1953_Conspicuous Production_.pdf	3	yes	no	0	
_1960_Organization and operation of the Small Business Administration_.pdf	73	yes	no	0	
_1973_Committee Against Racism_.pdf	4	yes	no	0	
_1979_Ideology of American Neo-Conservatism_.pdf	16	no	no	0	
ppf_description.pdf	5	yes	no	0	
w5093.pdf	64	yes	no	0	
1935_Title Page.pdf	3	yes	no	1	p1
1944_Options picking up.pdf	3	yes	no	0	
Albanese_1997_Senate Will Examine Stock Option Bill.pdf	3	yes	no	0	
Baker_2000_The Supply-Side Effect of a Stock Market Crash.pdf	12	yes	no	1	p1
Batzell - Free Labor, Capitalism and the Antislavery Origins of Chinese Labor Exclusion in 1870s California.pdf	54	yes	yes	51	p1;p2;p3
Borges_The Lottery in Babylon.pdf	5	yes	no	0	
Burke - The Expansion of American Higher Education.pdf	24	yes	no	1	p1
Collins_1971_Functional and Conflict Theories of Educational Stratification_American Sociological Review.pdf	19	yes	no	1	p1
Crystal_2000_Option grants leave CEOs with sinking feeling.pdf	1	no	no	0	
Donahue - 2001 - Time to Get Serious About Talent Management.pdf	3	yes	no	1	p3
Eyal-Cohen - Why Is Small Business the Chief Business of Congress.pdf	59	yes	no	0	
Fisch et al. - 2019 - The New Titans of Wall Street A Theoretical Framework for Passive Investors.pdf	57	yes	no	1	p1
Har - THE NECKLACE OF KALI..pdf	1	yes	no	0	
Jones et al_2010_The Productivity Effects of Stock Option Schemes.pdf	15	yes	no	0	
Kristol_1970_When virtue loses all her loveliness --some reflections on capitalism and_.pdf	13	yes	no	0	
Lemieux et al. - Performance Pay and Wage Inequality.pdf	50	yes	no	1	p1
Litt_1974_Liberty Above Equality The Counterreformation in Higher Education Policy_The American Behavioral Scientist (pre-1986); Thousand Oaks.pdf	24	yes	no	0	
Longenecker et al_1987_Behind The Mask_The Academy of Management Executive; Mississippi State.pdf	11	yes	no	0	
Lowell - The Government of Dependencies.pdf	14	yes	no	0	
McWilliams_1933_Provincialism_The Frontier and Midland.pdf	15	yes	no	0	
Merriam_1920_Daughter of Pan_The Montanan (The Frontier).pdf	1	no	no	0	
Price_1958_The Small Business Tax Revision of 1958.pdf	37	yes	no	1	p1
Riesman_1942_Democracy and Defamation_Columbia Law Review (2017-04-04 13-44-43).pdf	55	yes	no	0	
Riesman_1949_Men, Women, and Marriage_Nation.pdf	3	yes	no	0	
Riesman_1958_Who Will and Who Should Pay for Higher Education_The School Review.pdf	15	yes	no	0	
Riesman_1976_Thoughts on the Graduate Experience_Change.pdf	7	yes	no	0	
Ripley_1889_The Teaching of the English Language and Literature_Education.pdf	16	yes	no	0	
Robin_Stephens_1996_Against the Grain_Social Text.pdf	32	yes	no	1	p1
Sanders_2001_BEHAVIORAL RESPONSES OF CEOs TO STOCK OWNERSHIP AND STOCK OPTION PAY.pdf	17	yes	no	1	p17
Scott_TK_The Scientific Selection of Salesmen.pdf	13	yes	no	0	
Surani et al. - AI for Scaling Legal Reform Mapping and Redacting Racial Covenants in Santa Clara County.pdf	37	yes	no	25	p1;p2;p4
Wells_2015_A Long View of Shareholder Power.pdf	67	yes	no	1	p1
Wilson_1975_Review of The Welfare State and Equality_Journal of Economic Literature.pdf	4	yes	no	1	p1
Xin Qu et al_2018_Executive stock option vesting conditions, corporate governance and CEO.pdf	32	yes	no	1	p1
_1985_Issue 2_New Perspectives.pdf	29	yes	no	1	p1
oster - Engagement of Anne Foster To Tucson Man Announced.pdf	1	yes	no	0	
1947_Corporation Tax Study Due By House Body.pdf	4	yes	no	0	
Astin__The Challenge of Open Admissions by Alexander W_UNZ.org.pdf	3	yes	no	0	
Black_0000_The Scandal of Educational Testing.pdf	3	yes	no	0	
Bullitt_1959_The Future American Class System_Horizon.pdf	8	yes	no	0	
Davis_2005_Optimism of the Will_Nation.pdf	5	yes	yes	3	p2;p3;p4
Ehrenreich_2000_Maid to order_Harper's Magazine.pdf	13	yes	no	0	
Glazer_2002_Higher Ed_New Republic.pdf	2	yes	no	0	
Glazer_2003_Kith and Kin_Commentary; New York.pdf	3	yes	no	0	
HarpersMagazine-1938-05-0019577.pdf	10	yes	no	0	
Kelly_2014_Orders of Magnitude_TLS.pdf	3	yes	yes	2	p1;p2
Kristol_1960_High, Low, and Modern_Encounter.pdf	10	yes	no	0	
Lasky et al. - 1949 - Letters from readers.pdf	3	yes	no	0	
Lemann, Nicholas_1977_Success In America_Washington Monthly.pdf	5	yes	no	0	
Lipset_Luethy_1955_European traditions and American sociology_Commentary (pre-1986); New York.pdf	5	yes	no	0	
Luethy_1955_Social mobility again--And elites_Commentary (pre-1986); New York.pdf	4	yes	no	0	
Marth_1982_Why Unions Lose At Many Companies_Nation's Business (pre-1986); Washington.pdf	2	yes	no	0	
Merriam_1913_Clutter of Things_The Independent.pdf	2	yes	no	0	
Part Two.pdf	35	yes	no	0	
Peters_1989_Tilting at Windmilss_Washington Monthly.pdf	4	yes	no	0	
Sherman_1986_elite institutions_The Public Interest; New York.pdf	6	yes	no	0	
Stone_1965_England’s Revolution_The New York Review of Books.pdf	4	yes	no	0	
_1958_Executive Pay_Nation's Business (pre-1986); Washington.pdf	6	yes	no	1	p6
_1967_Yearly Increase of 15% Expected by Ampex_Boxoffice (Archive 1920-2000); New York.pdf	1	yes	no	0	
_1977_What We're About_Washington Monthly.pdf	3	yes	no	0	
1976_Results of Trading in Stock Options.pdf	1	yes	no	0	
Berendzen_1981_The Soaring Lesson of America in Space_Newsday (1940-1990), Nassau ed.; Long Island, N.Y..pdf	1	yes	no	0	
Gitlin_2000_How Our Crowd Got Lonely_New York Times.pdf	1	yes	no	0	
Glazer_2003_Neoconservatives, Then and Now_New York Times.pdf	1	yes	no	0	
JOURNAL_1969_Giving the Boss a Raise_Wall Street Journal (1923 - Current file); New York, N.Y..pdf	1	yes	no	0	
Williams_1958_DEMOCRACY OR MERITOCRACY_The Manchester Guardian (1901-1959); Manchester (UK).pdf	1	yes	no	0	
Zipkin_2000_Management.pdf	2	yes	no	0	
_1926_Clapp defends Cox_Billings Gazette.pdf	1	yes	no	0	
_1926_Cox resigns, following most severe public criticism that ever has been_Anaconda Standard.pdf	1	yes	no	0	
_1926_English dept summer school_Havre Daily News Promoter.pdf	1	yes	no	0	
_1928_Creative writing a featured course at Summer School_Helena Daily Independent.pdf	1	yes	no	0	
_1931_Again, press most excited about Frontier's history section_Helena Daily Independent.pdf	1	yes	no	0	
_1939_Kalispell resident offering private creative writing courses, out of her home_Kalispell Daily Inter Lake.pdf	1	yes	no	0	
_1941_Fiedler's hiring at UM announced_Helena Independent.pdf	1	yes	no	0	
_1950_Comic_Independent Record.pdf	1	yes	no	0	
_1973_Other 67 -- No Title_Newsday (1940-1988), Nassau ed.; Long Island, N.Y..pdf	4	yes	no	1	p1
___ 2.pdf	1	yes	no	0	
___ 3.pdf	1	yes	no	0	
___ 4.pdf	1	yes	no	0	
___ 5.pdf	1	yes	no	0	
___.pdf	1	yes	no	0	
1957_Allied Chemical & Dye Corporation Annual Report -- 1957.pdf	35	yes	no	0	
1958_CiT Financial Corporation Annual Report -- 1958.pdf	41	yes	no	0	
1958_E.pdf	50	yes	no	1	p1
1958_General Foods Corporation Annual Report -- 1958.pdf	28	yes	no	0	
1958_The Anaconda Company Annual Report -- 1958.pdf	34	yes	no	0	
1958_The Goodyear Tire & Rubber Company Annual Report -- 1958.pdf	43	yes	no	0	
AI 2027.pdf	71	yes	no	32	p5;p7;p19
Autor et al_2020_Extending the Race between Education and Technology.pdf	20	yes	no	0	
Hoxby_1997_How the Changing Market Structure of U_National Bureau of Economic Research.pdf	80	yes	no	0	
Kremer_Maskin_1996_Wage Inequality and Segregation by Skill_National Bureau of Economic Research.pdf	63	yes	no	0	
Levy and Temin - 2007 - Inequality and Institutions in 20th Century Americ.pdf	66	yes	no	0	
Temin_1997_The American Business Elite in Historical Perspective.pdf	49	yes	no	0	
_1950_Fairchild Camera and Instrument Corporation Annual Report -- 1950_ProQuest Annual Reports.pdf	24	yes	no	0	
_1953_Fairchild Camera and Instrument Corporation Annual Report -- 1953_ProQuest Annual Reports.pdf	25	yes	no	0	
_1958_Small Business Investment Act_.pdf	28	yes	no	0	
_1961_Fairchild Camera and Instrument Corporation Annual Report -- 1961_ProQuest Annual Reports.pdf	38	yes	no	0	
_1963_Fairchild Camera and Instrument Corporation Annual Report -- 1963_ProQuest Annual Reports.pdf	34	yes	no	0	
_1966_Fairchild Camera and Instrument Corporation Annual Report -- 1966_ProQuest Annual Reports.pdf	30	yes	no	0	
_1967_Fairchild Camera and Instrument Corporation Annual Report -- 1967_ProQuest Annual Reports.pdf	22	yes	no	0	
_1971_Fairchild Camera and Instrument Corporation Annual Report -- 1971_ProQuest Annual Reports.pdf	19	yes	no	0	
_1976_Fairchild Camera and Instrument Corporation Annual Report -- 1976_ProQuest Annual Reports.pdf	39	yes	no	0	
w7787 2.pdf	30	yes	no	0	
w7787.pdf	30	yes	no	0	
Anderson_1997_Legacy of the American Frontier_California State University, Fresno.pdf	160	yes	no	0	
BOYD_The Relative Prognostic Value of Selected Criteria in Predicting Beginning.pdf	132	yes	no	0	
Banks - 2006 - “The last bastion of discrimination” The New York City building trades and the struggle over affirm.pdf	403	yes	no	0	
CAMFIELD_Psychologists at War.pdf	334	yes	no	0	
CARTWRIGHT_Legislation Against Discrimination in Employment in New York State.pdf	398	yes	no	0	
Clark_The graphic rating scale at Northwestern University.pdf	110	yes	no	0	
Cooley - 2008 - Moving up, moving out Race and social mobility in Chicago, 1914–1972.pdf	375	yes	no	0	
Corson_Current practices in student guidance and personnel administration in liberal.pdf	234	yes	no	0	
DAUTEN_1954_The Economic Impact and Significance of Substantial Stock Sales by Individual_The University of Iowa.pdf	316	yes	no	0	
DOBBS_1955_A Technique for the Development and Validation of Job Evaluation Cases_University of North Texas.pdf	280	yes	no	0	
Doermann_1967_The market for college education in the United States.pdf	27	yes	no	0	
Drumright - 2005 - A river for war, a watershed to change The Tennessee Valley Authority during World War II.pdf	240	yes	no	0	
ERICKSON - 1952 - The Taxation of Investment Companies in the United States.pdf	679	yes	no	0	
Engstrom - 2005 - The lost origins of American fair employment law State fair employment practices bureaus and the po.pdf	484	yes	no	0	
GELFAND_1956_The Avoidance of Federal Personal Income Taxes in the United States_New York University.pdf	212	yes	no	0	
GIERHAN_The Role of Head Student Personnel Administrators in the Big Eight Universities.pdf	221	yes	no	0	
GRUMET_The Menorah Idea and the Apprenticeship of Lionel Trilling.pdf	328	yes	no	0	
Ho_Useful fiction.pdf	319	yes	no	0	
Jensen_The rise of an African-American Left.pdf	571	yes	no	0	
Kiernan_1959_Job evaluation for precision optical craftsmen_University of Southern California.pdf	188	yes	no	0	
Koh - 2008 - Essays on stock options expensing and stock option.pdf	189	yes	no	0	
MENDELSON_1974_The Ideological Debate in the Public School Guidance Movement, 1900-1970_New York University.pdf	171	yes	no	0	
NAYLOR_Arthur E.pdf	266	yes	no	0	
PANG_1971_An Optimizing Approach to Educational Planning in Singapore_University of Illinois at Urbana-Champaign.pdf	200	yes	no	0	
PRICE_A History of the American College Personnel Association.pdf	172	yes	no	0	
Pianko_Diaspora Jewish nationalism and identity in America, 1914–1967.pdf	261	yes	no	0	
Ries_Marshall_1955_web.pdf	107	yes	no	1	p1
Robertson_1990_Organizational adaptation to environmental change_Stanford University copy.pdf	200	yes	no	0	
Schwaller - 2026 - Silicon Valley Landscapes Architecture and the Soft Power of Big Tech.pdf	300	yes	no	167	p1;p3;p4
Silberman_1961_A study of industry policy considerations in the transition from airplane to_University of Southern California.pdf	165	yes	no	0	
TO_1985_Variations in Earnings in the Work Settings_University of Illinois at Urbana-Champaign.pdf	237	yes	no	0	
TROTMAN - 1976 - Race, Iq, and the Middle-Class..pdf	119	yes	no	0	
WITTE_1978_Democracy, Authority and Alienation in Work_Yale University.pdf	413	yes	no	0	
Wu - 2003 - Employee stock option design and valuation.pdf	110	yes	no	0	
Zarifa_2008_Emerging Forms of Stratification in Higher Education_.pdf	258	yes	no	0	
Zheng - 2003 - Six -month -one -day employee stock option reprici.pdf	76	yes	no	0	
