document	page	source_route	source_page_bytes	before_route	before_page_bytes	after_route	after_page_bytes
Dobbin	1	passthrough	24730	jpeg-colour	84410	jbig2-mrc	45026
Dobbin	2	passthrough	9860	passthrough	9004	passthrough	9860
Dobbin	3	passthrough	1834	passthrough	14999	passthrough	1834
Dobbin	4	passthrough	32638	passthrough	27865	passthrough	32638
Dobbin	5	passthrough	37053	passthrough	46423	passthrough	37053
Dobbin	6	passthrough	17428	passthrough	15170	passthrough	17428
Dobbin	7	passthrough	1834	passthrough	14998	passthrough	1834
Dobbin	8	passthrough	54178	passthrough	43930	passthrough	54178
Dobbin	9	passthrough	48799	passthrough	49121	passthrough	48799
Dobbin	10	passthrough	28405	passthrough	39344	passthrough	28405
Dobbin	11	passthrough	37235	passthrough	33133	passthrough	37235
Dobbin	12	passthrough	60863	passthrough	60088	passthrough	60863
Dobbin	13	passthrough	37101	passthrough	57004	passthrough	37101
Dobbin	14	passthrough	37211	passthrough	47835	passthrough	37211
Dobbin	15	passthrough	49693	passthrough	67452	passthrough	49693
Dobbin	16	passthrough	37138	passthrough	47457	passthrough	37138
Dobbin	17	passthrough	37170	passthrough	57253	passthrough	37170
Dobbin	18	passthrough	37185	passthrough	47738	passthrough	37185
Dobbin	19	passthrough	49441	passthrough	66791	passthrough	49441
Dobbin	20	passthrough	37036	passthrough	47575	passthrough	37036
Dobbin	21	passthrough	37031	passthrough	56811	passthrough	37031
Dobbin	22	passthrough	37063	passthrough	47259	passthrough	37063
Dobbin	23	passthrough	37162	passthrough	56831	passthrough	37162
Dobbin	24	passthrough	37087	passthrough	47400	passthrough	37087
Dobbin	25	passthrough	47160	passthrough	65776	passthrough	47160
Dobbin	26	passthrough	49647	passthrough	58020	passthrough	49647
Dobbin	27	passthrough	49581	passthrough	67260	passthrough	49581
Dobbin	28	passthrough	37206	passthrough	47748	passthrough	37206
Dobbin	29	passthrough	37021	passthrough	56819	passthrough	37021
Dobbin	30	passthrough	37227	passthrough	47672	passthrough	37227
Dobbin	31	passthrough	37158	passthrough	57091	passthrough	37158
Dobbin	32	passthrough	36660	passthrough	46879	passthrough	36660
Dobbin	33	passthrough	32686	passthrough	43726	passthrough	32686
Dobbin	34	passthrough	37206	passthrough	47626	passthrough	37206
Dobbin	35	passthrough	37324	passthrough	57478	passthrough	37324
Dobbin	36	passthrough	37266	passthrough	57201	passthrough	37266
Dobbin	37	passthrough	37358	passthrough	57181	passthrough	37358
Dobbin	38	passthrough	37189	passthrough	47412	passthrough	37189
Dobbin	39	passthrough	58733	passthrough	75540	passthrough	58733
Dobbin	40	passthrough	55946	passthrough	62866	passthrough	55946
Dobbin	41	passthrough	49760	passthrough	78012	passthrough	49760
Dobbin	42	passthrough	49683	passthrough	57971	passthrough	49683
Dobbin	43	passthrough	49564	passthrough	78042	passthrough	49564
Dobbin	44	passthrough	50506	passthrough	58788	passthrough	50506
Dobbin	45	passthrough	49501	passthrough	67267	passthrough	49501
Dobbin	46	passthrough	37026	passthrough	47239	passthrough	37026
Dobbin	47	passthrough	49621	passthrough	67240	passthrough	49621
Dobbin	48	passthrough	59073	passthrough	74000	passthrough	59073
Dobbin	49	passthrough	58813	passthrough	75148	passthrough	58813
Dobbin	50	passthrough	37252	passthrough	47888	passthrough	37252
Dobbin	51	passthrough	36764	passthrough	56353	passthrough	36764
Dobbin	52	passthrough	73398	passthrough	71417	passthrough	73398
Dobbin	53	passthrough	36992	passthrough	56874	passthrough	36992
Dobbin	54	passthrough	49668	passthrough	58081	passthrough	49668
Dobbin	55	passthrough	59015	passthrough	72189	passthrough	59015
Dobbin	56	passthrough	37094	passthrough	56974	passthrough	37094
Dobbin	57	passthrough	37342	passthrough	56991	passthrough	37342
Dobbin	58	passthrough	37073	passthrough	47434	passthrough	37073
Dobbin	59	passthrough	49690	passthrough	67427	passthrough	49690
Dobbin	60	passthrough	37236	passthrough	47733	passthrough	37236
Dobbin	61	passthrough	49779	passthrough	67352	passthrough	49779
Dobbin	62	passthrough	49687	passthrough	58097	passthrough	49687
Dobbin	63	passthrough	37226	passthrough	56958	passthrough	37226
Dobbin	64	passthrough	37103	passthrough	47342	passthrough	37103
Dobbin	65	passthrough	56977	passthrough	80567	passthrough	56977
Dobbin	66	passthrough	64983	passthrough	70492	passthrough	64983
Dobbin	67	passthrough	58777	passthrough	75252	passthrough	58777
Dobbin	68	passthrough	37257	passthrough	47692	passthrough	37257
Dobbin	69	passthrough	37394	passthrough	57093	passthrough	37394
Dobbin	70	passthrough	49925	passthrough	58201	passthrough	49925
Dobbin	71	passthrough	59059	passthrough	75295	passthrough	59059
Dobbin	72	passthrough	65236	passthrough	70747	passthrough	65236
Dobbin	73	passthrough	59018	passthrough	72241	passthrough	59018
Dobbin	74	passthrough	49596	passthrough	57755	passthrough	49596
Dobbin	75	passthrough	55837	passthrough	72184	passthrough	55837
Dobbin	76	passthrough	56023	passthrough	62835	passthrough	56023
Dobbin	77	passthrough	37148	passthrough	56794	passthrough	37148
Dobbin	78	passthrough	58882	passthrough	62770	passthrough	58882
Dobbin	79	passthrough	45894	passthrough	36748	passthrough	45894
Dobbin	80	passthrough	56627	passthrough	70899	passthrough	56627
Dobbin	81	passthrough	37299	passthrough	57117	passthrough	37299
Dobbin	82	passthrough	37055	passthrough	47407	passthrough	37055
Dobbin	83	passthrough	37059	passthrough	56772	passthrough	37059
Dobbin	84	passthrough	37269	passthrough	47698	passthrough	37269
Dobbin	85	passthrough	36333	passthrough	55595	passthrough	36333
Dobbin	86	passthrough	60939	passthrough	63773	passthrough	60939
Dobbin	87	passthrough	37003	passthrough	57001	passthrough	37003
Dobbin	88	passthrough	49627	passthrough	57750	passthrough	49627
Dobbin	89	passthrough	37156	passthrough	57190	passthrough	37156
Dobbin	90	passthrough	37332	passthrough	47968	passthrough	37332
Dobbin	91	passthrough	56216	passthrough	72522	passthrough	56216
Dobbin	92	passthrough	56585	passthrough	63560	passthrough	56585
Dobbin	93	passthrough	49908	passthrough	67512	passthrough	49908
Dobbin	94	passthrough	37212	passthrough	47922	passthrough	37212
Dobbin	95	passthrough	49679	passthrough	67339	passthrough	49679
Dobbin	96	passthrough	49702	passthrough	58564	passthrough	49702
Dobbin	97	passthrough	50035	passthrough	68248	passthrough	50035
Dobbin	98	passthrough	46801	passthrough	57379	passthrough	46801
Dobbin	99	passthrough	49535	passthrough	67200	passthrough	49535
Dobbin	100	passthrough	49845	passthrough	58216	passthrough	49845
Dobbin	101	passthrough	55952	passthrough	72335	passthrough	55952
Dobbin	102	passthrough	56264	passthrough	63277	passthrough	56264
Dobbin	103	passthrough	49794	passthrough	67564	passthrough	49794
Dobbin	104	passthrough	49791	passthrough	57991	passthrough	49791
Dobbin	105	passthrough	49852	passthrough	67483	passthrough	49852
Dobbin	106	passthrough	56293	passthrough	63194	passthrough	56293
Dobbin	107	passthrough	65871	passthrough	80555	passthrough	65871
Dobbin	108	passthrough	59058	passthrough	65730	passthrough	59058
Dobbin	109	passthrough	37159	passthrough	57461	passthrough	37159
Dobbin	110	passthrough	37199	passthrough	47693	passthrough	37199
Dobbin	111	passthrough	35584	passthrough	54579	passthrough	35584
Dobbin	112	passthrough	45153	passthrough	53980	passthrough	45153
Dobbin	113	passthrough	49434	passthrough	66969	passthrough	49434
Dobbin	114	passthrough	49947	passthrough	68786	passthrough	49947
Dobbin	115	passthrough	49574	passthrough	66990	passthrough	49574
Dobbin	116	passthrough	37366	passthrough	47783	passthrough	37366
Dobbin	117	passthrough	37146	passthrough	57173	passthrough	37146
Dobbin	118	passthrough	49990	passthrough	58169	passthrough	49990
Dobbin	119	passthrough	49317	passthrough	66598	passthrough	49317
Dobbin	120	passthrough	49602	passthrough	57896	passthrough	49602
Dobbin	121	passthrough	59050	passthrough	75188	passthrough	59050
Dobbin	122	passthrough	63144	passthrough	69070	passthrough	63144
Dobbin	123	passthrough	57320	passthrough	81310	passthrough	57320
Dobbin	124	passthrough	49758	passthrough	57951	passthrough	49758
Dobbin	125	passthrough	49722	passthrough	67501	passthrough	49722
Dobbin	126	passthrough	56448	passthrough	63411	passthrough	56448
Dobbin	127	passthrough	49704	passthrough	67374	passthrough	49704
Dobbin	128	passthrough	56534	passthrough	73059	passthrough	56534
Dobbin	129	passthrough	49629	passthrough	67298	passthrough	49629
Dobbin	130	passthrough	56216	passthrough	63040	passthrough	56216
Dobbin	131	passthrough	58936	passthrough	75143	passthrough	58936
Dobbin	132	passthrough	56388	passthrough	63581	passthrough	56388
Dobbin	133	passthrough	56250	passthrough	72415	passthrough	56250
Dobbin	134	passthrough	64890	passthrough	81021	passthrough	64890
Dobbin	135	passthrough	56976	passthrough	73830	passthrough	56976
Dobbin	136	passthrough	50092	passthrough	58199	passthrough	50092
Dobbin	137	passthrough	57555	passthrough	89351	passthrough	57555
Dobbin	138	passthrough	59267	passthrough	66181	passthrough	59267
Dobbin	139	passthrough	49732	passthrough	67463	passthrough	49732
Dobbin	140	passthrough	49588	passthrough	57642	passthrough	49588
Dobbin	141	passthrough	49782	passthrough	67624	passthrough	49782
Dobbin	142	passthrough	49796	passthrough	57848	passthrough	49796
Dobbin	143	passthrough	36989	passthrough	56644	passthrough	36989
Dobbin	144	passthrough	32648	passthrough	43571	passthrough	32648
Dobbin	145	passthrough	37160	passthrough	57222	passthrough	37160
Dobbin	146	passthrough	49815	passthrough	58291	passthrough	49815
Dobbin	147	passthrough	37446	passthrough	57794	passthrough	37446
Dobbin	148	passthrough	50018	passthrough	58533	passthrough	50018
Dobbin	149	passthrough	49676	passthrough	67883	passthrough	49676
Dobbin	150	passthrough	50034	passthrough	58279	passthrough	50034
Dobbin	151	passthrough	37298	passthrough	57192	passthrough	37298
Dobbin	152	passthrough	59055	passthrough	66110	passthrough	59055
Dobbin	153	passthrough	49972	passthrough	68048	passthrough	49972
Dobbin	154	passthrough	37148	passthrough	47763	passthrough	37148
Dobbin	155	passthrough	46961	passthrough	65440	passthrough	46961
Dobbin	156	passthrough	57292	passthrough	67832	passthrough	57292
Dobbin	157	passthrough	49919	passthrough	67501	passthrough	49919
Dobbin	158	passthrough	68623	passthrough	70837	passthrough	68623
Dobbin	159	passthrough	53720	passthrough	71559	passthrough	53720
Dobbin	160	passthrough	56618	passthrough	63723	passthrough	56618
Dobbin	161	passthrough	50005	passthrough	67987	passthrough	50005
Dobbin	162	passthrough	56484	passthrough	63793	passthrough	56484
Dobbin	163	passthrough	56601	passthrough	72985	passthrough	56601
Dobbin	164	passthrough	59921	passthrough	71507	passthrough	59921
Dobbin	165	passthrough	37217	passthrough	57240	passthrough	37217
Dobbin	166	passthrough	56501	passthrough	63580	passthrough	56501
Dobbin	167	passthrough	37356	passthrough	57559	passthrough	37356
Dobbin	168	passthrough	49973	passthrough	58388	passthrough	49973
Dobbin	169	passthrough	36933	passthrough	56569	passthrough	36933
Dobbin	170	passthrough	49754	passthrough	58030	passthrough	49754
Dobbin	171	passthrough	49268	passthrough	66472	passthrough	49268
Dobbin	172	passthrough	32705	passthrough	43718	passthrough	32705
Dobbin	173	passthrough	37157	passthrough	56926	passthrough	37157
Dobbin	174	passthrough	49635	passthrough	58186	passthrough	49635
Dobbin	175	passthrough	65401	passthrough	88406	passthrough	65401
Dobbin	176	passthrough	50145	passthrough	58508	passthrough	50145
Dobbin	177	passthrough	49455	passthrough	67135	passthrough	49455
Dobbin	178	passthrough	49945	passthrough	58678	passthrough	49945
Dobbin	179	passthrough	53635	passthrough	72648	passthrough	53635
Dobbin	180	passthrough	63443	passthrough	68035	passthrough	63443
Dobbin	181	passthrough	63439	passthrough	81758	passthrough	63439
Dobbin	182	passthrough	49857	passthrough	58341	passthrough	49857
Dobbin	183	passthrough	37252	passthrough	57100	passthrough	37252
Dobbin	184	passthrough	57459	passthrough	67835	passthrough	57459
Dobbin	185	passthrough	62885	passthrough	80430	passthrough	62885
Dobbin	186	passthrough	60413	passthrough	76504	passthrough	60413
Dobbin	187	passthrough	37194	passthrough	57341	passthrough	37194
Dobbin	188	passthrough	49991	passthrough	67880	passthrough	49991
Dobbin	189	passthrough	59052	passthrough	75511	passthrough	59052
Dobbin	190	passthrough	59185	passthrough	74170	passthrough	59185
Dobbin	191	passthrough	46451	passthrough	65301	passthrough	46451
Dobbin	192	passthrough	69544	passthrough	76701	passthrough	69544
Dobbin	193	passthrough	49517	passthrough	67533	passthrough	49517
Dobbin	194	passthrough	59185	passthrough	66157	passthrough	59185
Dobbin	195	passthrough	59144	passthrough	79623	passthrough	59144
Dobbin	196	passthrough	49867	passthrough	58477	passthrough	49867
Dobbin	197	passthrough	57154	passthrough	80758	passthrough	57154
Dobbin	198	passthrough	37167	passthrough	47693	passthrough	37167
Dobbin	199	passthrough	37176	passthrough	57018	passthrough	37176
Dobbin	200	passthrough	35517	passthrough	44903	passthrough	35517
Dobbin	201	passthrough	45188	passthrough	53967	passthrough	45188
Dobbin	202	passthrough	37163	passthrough	47396	passthrough	37163
Dobbin	203	passthrough	49447	passthrough	66816	passthrough	49447
Dobbin	204	passthrough	50041	passthrough	58494	passthrough	50041
Dobbin	205	passthrough	50008	passthrough	67823	passthrough	50008
Dobbin	206	passthrough	49945	passthrough	58447	passthrough	49945
Dobbin	207	passthrough	37084	passthrough	57431	passthrough	37084
Dobbin	208	passthrough	49853	passthrough	58036	passthrough	49853
Dobbin	209	passthrough	49804	passthrough	67431	passthrough	49804
Dobbin	210	passthrough	56454	passthrough	63505	passthrough	56454
Dobbin	211	passthrough	49339	passthrough	67113	passthrough	49339
Dobbin	212	passthrough	49791	passthrough	58112	passthrough	49791
Dobbin	213	passthrough	49885	passthrough	67602	passthrough	49885
Dobbin	214	passthrough	59418	passthrough	66609	passthrough	59418
Dobbin	215	passthrough	49800	passthrough	67477	passthrough	49800
Dobbin	216	passthrough	49568	passthrough	57755	passthrough	49568
Dobbin	217	passthrough	49807	passthrough	67505	passthrough	49807
Dobbin	218	passthrough	49617	passthrough	57905	passthrough	49617
Dobbin	219	passthrough	56977	passthrough	77208	passthrough	56977
Dobbin	220	passthrough	56641	passthrough	63848	passthrough	56641
Dobbin	221	passthrough	56552	passthrough	73342	passthrough	56552
Dobbin	222	passthrough	63350	passthrough	70142	passthrough	63350
Dobbin	223	passthrough	58248	passthrough	75496	passthrough	58248
Dobbin	224	passthrough	49936	passthrough	58207	passthrough	49936
Dobbin	225	passthrough	49903	passthrough	67572	passthrough	49903
Dobbin	226	passthrough	50001	passthrough	58770	passthrough	50001
Dobbin	227	passthrough	49681	passthrough	67498	passthrough	49681
Dobbin	228	passthrough	49673	passthrough	57701	passthrough	49673
Dobbin	229	passthrough	37029	passthrough	56420	passthrough	37029
Dobbin	230	passthrough	35725	passthrough	45302	passthrough	35725
Dobbin	231	passthrough	32547	passthrough	43756	passthrough	32547
Dobbin	232	passthrough	37083	passthrough	47421	passthrough	37083
Dobbin	233	passthrough	49559	passthrough	67065	passthrough	49559
Dobbin	234	passthrough	49644	passthrough	57890	passthrough	49644
Dobbin	235	passthrough	37154	passthrough	57017	passthrough	37154
Dobbin	236	passthrough	49638	passthrough	67572	passthrough	49638
Dobbin	237	passthrough	37158	passthrough	57138	passthrough	37158
Dobbin	238	passthrough	37132	passthrough	47600	passthrough	37132
Dobbin	239	passthrough	37104	passthrough	56927	passthrough	37104
Dobbin	240	passthrough	49573	passthrough	57799	passthrough	49573
Dobbin	241	passthrough	37390	passthrough	56967	passthrough	37390
Dobbin	242	passthrough	49734	passthrough	57731	passthrough	49734
Dobbin	243	passthrough	49697	passthrough	67214	passthrough	49697
Dobbin	244	passthrough	35284	passthrough	44665	passthrough	35284
Dobbin	245	passthrough	1836	passthrough	15004	passthrough	1836
Dobbin	246	passthrough	36482	passthrough	46719	passthrough	36482
Dobbin	247	passthrough	49168	passthrough	66959	passthrough	49168
Dobbin	248	passthrough	48752	passthrough	66141	passthrough	48752
Dobbin	249	passthrough	35836	passthrough	55429	passthrough	35836
Dobbin	250	passthrough	50289	passthrough	66963	passthrough	50289
Dobbin	251	passthrough	48142	passthrough	50974	passthrough	48142
Dobbin	252	passthrough	49165	passthrough	66120	passthrough	49165
Dobbin	253	passthrough	35803	passthrough	40784	passthrough	35803
Dobbin	254	passthrough	48458	passthrough	51327	passthrough	48458
Dobbin	255	passthrough	48224	passthrough	65446	passthrough	48224
Dobbin	256	passthrough	48543	passthrough	51615	passthrough	48543
Dobbin	257	passthrough	48475	passthrough	62079	passthrough	48475
Dobbin	258	passthrough	48753	passthrough	66399	passthrough	48753
Dobbin	259	passthrough	48709	passthrough	66335	passthrough	48709
Dobbin	260	passthrough	48630	passthrough	76788	passthrough	48630
Dobbin	261	passthrough	49920	passthrough	66669	passthrough	49920
Dobbin	262	passthrough	36832	passthrough	55642	passthrough	36832
Dobbin	263	passthrough	48689	passthrough	66339	passthrough	48689
Dobbin	264	passthrough	48525	passthrough	65829	passthrough	48525
Dobbin	265	passthrough	48525	passthrough	65914	passthrough	48525
Dobbin	266	passthrough	49111	passthrough	66030	passthrough	49111
Dobbin	267	passthrough	48687	passthrough	52100	passthrough	48687
Dobbin	268	passthrough	48644	passthrough	51666	passthrough	48644
Dobbin	269	passthrough	50293	passthrough	66817	passthrough	50293
Dobbin	270	passthrough	48765	passthrough	66443	passthrough	48765
Dobbin	271	passthrough	47606	passthrough	49575	passthrough	47606
Dobbin	272	passthrough	37384	passthrough	47709	passthrough	37384
Dobbin	273	passthrough	49952	passthrough	69262	passthrough	49952
Dobbin	274	passthrough	50016	passthrough	69350	passthrough	50016
Dobbin	275	passthrough	49739	passthrough	69146	passthrough	49739
Dobbin	276	passthrough	49910	passthrough	58569	passthrough	49910
Dobbin	277	passthrough	50560	passthrough	69692	passthrough	50560
Dobbin	278	passthrough	50679	passthrough	58591	passthrough	50679
Dobbin	279	passthrough	50000	passthrough	69134	passthrough	50000
Dobbin	280	passthrough	50047	passthrough	69130	passthrough	50047
Dobbin	281	passthrough	49820	passthrough	58433	passthrough	49820
Dobbin	282	passthrough	49928	passthrough	54670	passthrough	49928
Dobbin	283	passthrough	49913	passthrough	54815	passthrough	49913
Dobbin	284	passthrough	49873	passthrough	58833	passthrough	49873
Dobbin	285	passthrough	50009	passthrough	58668	passthrough	50009
Dobbin	286	passthrough	50057	passthrough	58490	passthrough	50057
Dobbin	287	passthrough	49790	passthrough	58461	passthrough	49790
Dobbin	288	passthrough	50041	passthrough	58812	passthrough	50041
Dobbin	289	passthrough	49817	passthrough	58424	passthrough	49817
Dobbin	290	passthrough	49701	passthrough	68708	passthrough	49701
Dobbin	291	passthrough	49809	passthrough	58304	passthrough	49809
Dobbin	292	passthrough	49817	passthrough	58532	passthrough	49817
Dobbin	293	passthrough	50095	passthrough	58606	passthrough	50095
Dobbin	294	passthrough	50502	passthrough	69322	passthrough	50502
Dobbin	295	passthrough	49868	passthrough	68831	passthrough	49868
Dobbin	296	passthrough	50113	passthrough	69457	passthrough	50113
Dobbin	297	passthrough	50005	passthrough	69223	passthrough	50005
Dobbin	298	passthrough	49994	passthrough	69075	passthrough	49994
Dobbin	299	passthrough	48664	passthrough	41967	passthrough	48664
Dobbin	300	passthrough	37033	passthrough	58103	passthrough	37033
Dobbin	301	passthrough	49422	passthrough	57973	passthrough	49422
Dobbin	302	passthrough	49399	passthrough	58026	passthrough	49399
Dobbin	303	passthrough	49280	passthrough	57992	passthrough	49280
Dobbin	304	passthrough	49685	passthrough	58688	passthrough	49685
Dobbin	305	passthrough	49403	passthrough	58113	passthrough	49403
Dobbin	306	passthrough	49786	passthrough	58046	passthrough	49786
Dobbin	307	passthrough	49391	passthrough	58123	passthrough	49391
Dobbin	308	passthrough	49525	passthrough	58083	passthrough	49525
Dobbin	309	passthrough	49430	passthrough	58154	passthrough	49430
Dobbin	310	passthrough	49584	passthrough	58265	passthrough	49584
Dobbin	311	passthrough	49895	passthrough	58926	passthrough	49895
Dobbin	312	passthrough	49322	passthrough	57787	passthrough	49322
Dobbin	313	passthrough	49456	passthrough	58346	passthrough	49456
Dobbin	314	passthrough	49473	passthrough	58280	passthrough	49473
Dobbin	315	passthrough	49728	passthrough	58720	passthrough	49728
Dobbin	316	passthrough	49611	passthrough	58300	passthrough	49611
Dobbin	317	passthrough	49740	passthrough	58909	passthrough	49740
Dobbin	318	passthrough	49423	passthrough	58034	passthrough	49423
Dobbin	319	passthrough	49623	passthrough	58391	passthrough	49623
Dobbin	320	passthrough	49536	passthrough	58155	passthrough	49536
Dobbin	321	passthrough	48892	passthrough	57118	passthrough	48892
Delton	1	passthrough	119985	passthrough	153185	passthrough	119985
Delton	2	jbig2	28830	flate-1bit	261038	jbig2	85954
Delton	3	jbig2	28254	flate-1bit	318295	jbig2	104654
Delton	4	jbig2	34226	flate-1bit	331278	jbig2	108026
Delton	5	jbig2	24645	flate-1bit	319531	jbig2	102692
Delton	6	jbig2	30470	flate-1bit	337228	jbig2	110766
Delton	7	jbig2	23819	flate-1bit	318849	jbig2	104714
Delton	8	jbig2	28099	flate-1bit	316093	jbig2	104646
Delton	9	jbig2	26303	flate-1bit	327834	jbig2	108473
Delton	10	jbig2	26592	flate-1bit	329099	jbig2	108133
Delton	11	jbig2	26368	flate-1bit	331462	jbig2	109948
Delton	12	jbig2	27654	flate-1bit	333472	jbig2	110182
Delton	13	jbig2	21968	flate-1bit	323270	jbig2	102461
Delton	14	jbig2	31539	flate-1bit	315198	jbig2	104223
Delton	15	jbig2	21270	flate-1bit	329788	jbig2	106041
Delton	16	jbig2	26694	flate-1bit	324473	jbig2	108058
Delton	17	jbig2	22410	flate-1bit	313705	jbig2	100400
Delton	18	jbig2	25975	flate-1bit	329395	jbig2	108862
Delton	19	jbig2	23422	flate-1bit	320013	jbig2	102593
Delton	20	jbig2	26485	flate-1bit	331633	jbig2	110546
Delton	21	jbig2	23222	flate-1bit	315725	jbig2	102704
Delton	22	jbig2	27102	flate-1bit	333056	jbig2	112814
Delton	23	jbig2	26944	flate-1bit	330549	jbig2	107439
Delton	24	jbig2	26607	flate-1bit	330832	jbig2	107350
Delton	25	jbig2	22711	flate-1bit	322108	jbig2	104613
Delton	26	jbig2	30982	flate-1bit	322932	jbig2	106038
Delton	27	jbig2	20994	flate-1bit	300145	jbig2	95319
Delton	28	jbig2	23358	flate-1bit	310445	jbig2	102187
Hughes	1	passthrough	123351	passthrough	151001	passthrough	123351
Hughes	2	jbig2	83281	flate-1bit	406850	jbig2	123633
Hughes	3	jbig2	84593	flate-1bit	452205	jbig2	138662
Hughes	4	jbig2	92865	flate-1bit	170980	jbig2	60762
Hughes	5	jbig2	89581	flate-1bit	370715	jbig2	114453
Hughes	6	jbig2	93637	flate-1bit	306700	jbig2	90576
Hughes	7	jbig2	94741	flate-1bit	461506	jbig2	146886
Hughes	8	jbig2	87345	flate-1bit	443332	jbig2	141359
Hughes	9	jbig2	86575	flate-1bit	388896	jbig2	124075
Dobbin	total	file	2568873	file	17591723	file	2607036
Delton	total	file	954409	file	8271678	file	2487160
Hughes	total	file	542468	file	3016246	file	945890
