document	page	drawsAny	dictWidth	dictDPI	dictRebuildDPI	drawnKind	drawnWidth	drawnDPI	drawnRebuildDPI	policyMoves	verdict	shippedRebuildDPI	formDepth	bareDepth	nestVerdict
Friedman_1962_Capitalism and freedom_University of Chicago Press	1	yes	504	96.0	300.0	largest	504	96.0	300.0	same	agree	300.0	1	0	withinCap
Friedman_1962_Capitalism and freedom_University of Chicago Press	2	yes	1050	200.0	200.0	largest	1050	200.0	200.0	same	agree	200.0	1	0	withinCap
Friedman_1962_Capitalism and freedom_University of Chicago Press	3	yes	1050	200.0	200.0	largest	1050	200.0	200.0	same	agree	200.0	1	0	withinCap
Friedman_1962_Capitalism and freedom_University of Chicago Press	4	yes	1050	200.0	200.0	largest	1050	200.0	200.0	same	agree	200.0	1	0	withinCap
Friedman_1962_Capitalism and freedom_University of Chicago Press	5	yes	1050	200.0	200.0	largest	1050	200.0	200.0	same	agree	200.0	1	0	withinCap
Friedman_1962_Capitalism and freedom_University of Chicago Press	6	yes	1050	200.0	200.0	largest	1050	200.0	200.0	same	agree	200.0	1	0	withinCap
Friedman_1962_Capitalism and freedom_University of Chicago Press	7	yes	1050	200.0	200.0	largest	1050	200.0	200.0	same	agree	200.0	1	0	withinCap
Friedman_1962_Capitalism and freedom_University of Chicago Press	8	yes	1050	200.0	200.0	largest	1050	200.0	200.0	same	agree	200.0	1	0	withinCap
Friedman_1962_Capitalism and freedom_University of Chicago Press	9	yes	1050	200.0	200.0	largest	1050	200.0	200.0	same	agree	200.0	1	0	withinCap
Friedman_1962_Capitalism and freedom_University of Chicago Press	10	yes	1050	200.0	200.0	largest	1050	200.0	200.0	same	agree	200.0	1	0	withinCap
Friedman_1962_Capitalism and freedom_University of Chicago Press	11	yes	1050	200.0	200.0	largest	1050	200.0	200.0	same	agree	200.0	1	0	withinCap
Friedman_1962_Capitalism and freedom_University of Chicago Press	12	yes	1050	200.0	200.0	largest	1050	200.0	200.0	same	agree	200.0	1	0	withinCap
Friedman_1962_Capitalism and freedom_University of Chicago Press	13	yes	1050	200.0	200.0	largest	1050	200.0	200.0	same	agree	200.0	1	0	withinCap
Friedman_1962_Capitalism and freedom_University of Chicago Press	14	yes	1050	200.0	200.0	largest	1050	200.0	200.0	same	agree	200.0	1	0	withinCap
Friedman_1962_Capitalism and freedom_University of Chicago Press	15	yes	1050	200.0	200.0	largest	1050	200.0	200.0	same	agree	200.0	1	0	withinCap
Friedman_1962_Capitalism and freedom_University of Chicago Press	16	yes	1050	200.0	200.0	largest	1050	200.0	200.0	same	agree	200.0	1	0	withinCap
Friedman_1962_Capitalism and freedom_University of Chicago Press	17	yes	1050	200.0	200.0	largest	1050	200.0	200.0	same	agree	200.0	1	0	withinCap
Friedman_1962_Capitalism and freedom_University of Chicago Press	18	yes	1050	200.0	200.0	largest	1050	200.0	200.0	same	agree	200.0	1	0	withinCap
Friedman_1962_Capitalism and freedom_University of Chicago Press	19	yes	1050	200.0	200.0	largest	1050	200.0	200.0	same	agree	200.0	1	0	withinCap
Friedman_1962_Capitalism and freedom_University of Chicago Press	20	yes	1050	200.0	200.0	largest	1050	200.0	200.0	same	agree	200.0	1	0	withinCap
Friedman_1962_Capitalism and freedom_University of Chicago Press	21	yes	1050	200.0	200.0	largest	1050	200.0	200.0	same	agree	200.0	1	0	withinCap
Friedman_1962_Capitalism and freedom_University of Chicago Press	22	yes	1050	200.0	200.0	largest	1050	200.0	200.0	same	agree	200.0	1	0	withinCap
Friedman_1962_Capitalism and freedom_University of Chicago Press	23	yes	1050	200.0	200.0	largest	1050	200.0	200.0	same	agree	200.0	1	0	withinCap
Friedman_1962_Capitalism and freedom_University of Chicago Press	24	yes	1050	200.0	200.0	largest	1050	200.0	200.0	same	agree	200.0	1	0	withinCap
Friedman_1962_Capitalism and freedom_University of Chicago Press	25	yes	1050	200.0	200.0	largest	1050	200.0	200.0	same	agree	200.0	1	0	withinCap
Friedman_1962_Capitalism and freedom_University of Chicago Press	26	yes	1050	200.0	200.0	largest	1050	200.0	200.0	same	agree	200.0	1	0	withinCap
Friedman_1962_Capitalism and freedom_University of Chicago Press	27	yes	1050	200.0	200.0	largest	1050	200.0	200.0	same	agree	200.0	1	0	withinCap
Friedman_1962_Capitalism and freedom_University of Chicago Press	28	yes	1050	200.0	200.0	largest	1050	200.0	200.0	same	agree	200.0	1	0	withinCap
Friedman_1962_Capitalism and freedom_University of Chicago Press	29	yes	1050	200.0	200.0	largest	1050	200.0	200.0	same	agree	200.0	1	0	withinCap
Friedman_1962_Capitalism and freedom_University of Chicago Press	30	yes	1050	200.0	200.0	largest	1050	200.0	200.0	same	agree	200.0	1	0	withinCap
Friedman_1962_Capitalism and freedom_University of Chicago Press	31	yes	1050	200.0	200.0	largest	1050	200.0	200.0	same	agree	200.0	1	0	withinCap
Friedman_1962_Capitalism and freedom_University of Chicago Press	32	yes	1050	200.0	200.0	largest	1050	200.0	200.0	same	agree	200.0	1	0	withinCap
Friedman_1962_Capitalism and freedom_University of Chicago Press	33	yes	1050	200.0	200.0	largest	1050	200.0	200.0	same	agree	200.0	1	0	withinCap
Friedman_1962_Capitalism and freedom_University of Chicago Press	34	yes	1050	200.0	200.0	largest	1050	200.0	200.0	same	agree	200.0	1	0	withinCap
Friedman_1962_Capitalism and freedom_University of Chicago Press	35	yes	1050	200.0	200.0	largest	1050	200.0	200.0	same	agree	200.0	1	0	withinCap
Friedman_1962_Capitalism and freedom_University of Chicago Press	36	yes	1050	200.0	200.0	largest	1050	200.0	200.0	same	agree	200.0	1	0	withinCap
Friedman_1962_Capitalism and freedom_University of Chicago Press	37	yes	1050	200.0	200.0	largest	1050	200.0	200.0	same	agree	200.0	1	0	withinCap
Friedman_1962_Capitalism and freedom_University of Chicago Press	38	yes	1050	200.0	200.0	largest	1050	200.0	200.0	same	agree	200.0	1	0	withinCap
Friedman_1962_Capitalism and freedom_University of Chicago Press	39	yes	1050	200.0	200.0	largest	1050	200.0	200.0	same	agree	200.0	1	0	withinCap
Friedman_1962_Capitalism and freedom_University of Chicago Press	40	yes	1050	200.0	200.0	largest	1050	200.0	200.0	same	agree	200.0	1	0	withinCap
Friedman_1962_Capitalism and freedom_University of Chicago Press	41	yes	1050	200.0	200.0	largest	1050	200.0	200.0	same	agree	200.0	1	0	withinCap
Friedman_1962_Capitalism and freedom_University of Chicago Press	42	yes	1050	200.0	200.0	largest	1050	200.0	200.0	same	agree	200.0	1	0	withinCap
Friedman_1962_Capitalism and freedom_University of Chicago Press	43	yes	1050	200.0	200.0	largest	1050	200.0	200.0	same	agree	200.0	1	0	withinCap
Friedman_1962_Capitalism and freedom_University of Chicago Press	44	yes	1050	200.0	200.0	largest	1050	200.0	200.0	same	agree	200.0	1	0	withinCap
Friedman_1962_Capitalism and freedom_University of Chicago Press	45	yes	1050	200.0	200.0	largest	1050	200.0	200.0	same	agree	200.0	1	0	withinCap
Friedman_1962_Capitalism and freedom_University of Chicago Press	46	yes	1050	200.0	200.0	largest	1050	200.0	200.0	same	agree	200.0	1	0	withinCap
Friedman_1962_Capitalism and freedom_University of Chicago Press	47	yes	1050	200.0	200.0	largest	1050	200.0	200.0	same	agree	200.0	1	0	withinCap
Friedman_1962_Capitalism and freedom_University of Chicago Press	48	yes	1050	200.0	200.0	largest	1050	200.0	200.0	same	agree	200.0	1	0	withinCap
Friedman_1962_Capitalism and freedom_University of Chicago Press	49	yes	1050	200.0	200.0	largest	1050	200.0	200.0	same	agree	200.0	1	0	withinCap
Friedman_1962_Capitalism and freedom_University of Chicago Press	50	yes	1050	200.0	200.0	largest	1050	200.0	200.0	same	agree	200.0	1	0	withinCap
Friedman_1962_Capitalism and freedom_University of Chicago Press	51	yes	1050	200.0	200.0	largest	1050	200.0	200.0	same	agree	200.0	1	0	withinCap
Friedman_1962_Capitalism and freedom_University of Chicago Press	52	yes	1050	200.0	200.0	largest	1050	200.0	200.0	same	agree	200.0	1	0	withinCap
Friedman_1962_Capitalism and freedom_University of Chicago Press	53	yes	1050	200.0	200.0	largest	1050	200.0	200.0	same	agree	200.0	1	0	withinCap
Friedman_1962_Capitalism and freedom_University of Chicago Press	54	yes	1050	200.0	200.0	largest	1050	200.0	200.0	same	agree	200.0	1	0	withinCap
Friedman_1962_Capitalism and freedom_University of Chicago Press	55	yes	1050	200.0	200.0	largest	1050	200.0	200.0	same	agree	200.0	1	0	withinCap
Friedman_1962_Capitalism and freedom_University of Chicago Press	56	yes	1050	200.0	200.0	largest	1050	200.0	200.0	same	agree	200.0	1	0	withinCap
Friedman_1962_Capitalism and freedom_University of Chicago Press	57	yes	1050	200.0	200.0	largest	1050	200.0	200.0	same	agree	200.0	1	0	withinCap
Friedman_1962_Capitalism and freedom_University of Chicago Press	58	yes	1050	200.0	200.0	largest	1050	200.0	200.0	same	agree	200.0	1	0	withinCap
Friedman_1962_Capitalism and freedom_University of Chicago Press	59	yes	1050	200.0	200.0	largest	1050	200.0	200.0	same	agree	200.0	1	0	withinCap
Friedman_1962_Capitalism and freedom_University of Chicago Press	60	yes	1050	200.0	200.0	largest	1050	200.0	200.0	same	agree	200.0	1	0	withinCap
Friedman_1962_Capitalism and freedom_University of Chicago Press	61	yes	1050	200.0	200.0	largest	1050	200.0	200.0	same	agree	200.0	1	0	withinCap
Friedman_1962_Capitalism and freedom_University of Chicago Press	62	yes	1050	200.0	200.0	largest	1050	200.0	200.0	same	agree	200.0	1	0	withinCap
Friedman_1962_Capitalism and freedom_University of Chicago Press	63	yes	1050	200.0	200.0	largest	1050	200.0	200.0	same	agree	200.0	1	0	withinCap
Friedman_1962_Capitalism and freedom_University of Chicago Press	64	yes	1050	200.0	200.0	largest	1050	200.0	200.0	same	agree	200.0	1	0	withinCap
Friedman_1962_Capitalism and freedom_University of Chicago Press	65	yes	1050	200.0	200.0	largest	1050	200.0	200.0	same	agree	200.0	1	0	withinCap
Friedman_1962_Capitalism and freedom_University of Chicago Press	66	yes	1050	200.0	200.0	largest	1050	200.0	200.0	same	agree	200.0	1	0	withinCap
Friedman_1962_Capitalism and freedom_University of Chicago Press	67	yes	1050	200.0	200.0	largest	1050	200.0	200.0	same	agree	200.0	1	0	withinCap
Friedman_1962_Capitalism and freedom_University of Chicago Press	68	yes	1050	200.0	200.0	largest	1050	200.0	200.0	same	agree	200.0	1	0	withinCap
Friedman_1962_Capitalism and freedom_University of Chicago Press	69	yes	1050	200.0	200.0	largest	1050	200.0	200.0	same	agree	200.0	1	0	withinCap
Friedman_1962_Capitalism and freedom_University of Chicago Press	70	yes	1050	200.0	200.0	largest	1050	200.0	200.0	same	agree	200.0	1	0	withinCap
Friedman_1962_Capitalism and freedom_University of Chicago Press	71	yes	1050	200.0	200.0	largest	1050	200.0	200.0	same	agree	200.0	1	0	withinCap
Friedman_1962_Capitalism and freedom_University of Chicago Press	72	yes	1050	200.0	200.0	largest	1050	200.0	200.0	same	agree	200.0	1	0	withinCap
Friedman_1962_Capitalism and freedom_University of Chicago Press	73	yes	1050	200.0	200.0	largest	1050	200.0	200.0	same	agree	200.0	1	0	withinCap
Friedman_1962_Capitalism and freedom_University of Chicago Press	74	yes	1050	200.0	200.0	largest	1050	200.0	200.0	same	agree	200.0	1	0	withinCap
Friedman_1962_Capitalism and freedom_University of Chicago Press	75	yes	1050	200.0	200.0	largest	1050	200.0	200.0	same	agree	200.0	1	0	withinCap
Friedman_1962_Capitalism and freedom_University of Chicago Press	76	yes	1050	200.0	200.0	largest	1050	200.0	200.0	same	agree	200.0	1	0	withinCap
Friedman_1962_Capitalism and freedom_University of Chicago Press	77	yes	1050	200.0	200.0	largest	1050	200.0	200.0	same	agree	200.0	1	0	withinCap
Friedman_1962_Capitalism and freedom_University of Chicago Press	78	yes	1050	200.0	200.0	largest	1050	200.0	200.0	same	agree	200.0	1	0	withinCap
Friedman_1962_Capitalism and freedom_University of Chicago Press	79	yes	1050	200.0	200.0	largest	1050	200.0	200.0	same	agree	200.0	1	0	withinCap
Friedman_1962_Capitalism and freedom_University of Chicago Press	80	yes	1050	200.0	200.0	largest	1050	200.0	200.0	same	agree	200.0	1	0	withinCap
Friedman_1962_Capitalism and freedom_University of Chicago Press	81	yes	1050	200.0	200.0	largest	1050	200.0	200.0	same	agree	200.0	1	0	withinCap
Friedman_1962_Capitalism and freedom_University of Chicago Press	82	yes	1050	200.0	200.0	largest	1050	200.0	200.0	same	agree	200.0	1	0	withinCap
Friedman_1962_Capitalism and freedom_University of Chicago Press	83	yes	1050	200.0	200.0	largest	1050	200.0	200.0	same	agree	200.0	1	0	withinCap
Friedman_1962_Capitalism and freedom_University of Chicago Press	84	yes	1050	200.0	200.0	largest	1050	200.0	200.0	same	agree	200.0	1	0	withinCap
Friedman_1962_Capitalism and freedom_University of Chicago Press	85	yes	1050	200.0	200.0	largest	1050	200.0	200.0	same	agree	200.0	1	0	withinCap
Friedman_1962_Capitalism and freedom_University of Chicago Press	86	yes	1050	200.0	200.0	largest	1050	200.0	200.0	same	agree	200.0	1	0	withinCap
Friedman_1962_Capitalism and freedom_University of Chicago Press	87	yes	1050	200.0	200.0	largest	1050	200.0	200.0	same	agree	200.0	1	0	withinCap
Friedman_1962_Capitalism and freedom_University of Chicago Press	88	yes	1050	200.0	200.0	largest	1050	200.0	200.0	same	agree	200.0	1	0	withinCap
Friedman_1962_Capitalism and freedom_University of Chicago Press	89	yes	1050	200.0	200.0	largest	1050	200.0	200.0	same	agree	200.0	1	0	withinCap
Friedman_1962_Capitalism and freedom_University of Chicago Press	90	yes	1050	200.0	200.0	largest	1050	200.0	200.0	same	agree	200.0	1	0	withinCap
Friedman_1962_Capitalism and freedom_University of Chicago Press	91	yes	1050	200.0	200.0	largest	1050	200.0	200.0	same	agree	200.0	1	0	withinCap
Friedman_1962_Capitalism and freedom_University of Chicago Press	92	yes	1050	200.0	200.0	largest	1050	200.0	200.0	same	agree	200.0	1	0	withinCap
Friedman_1962_Capitalism and freedom_University of Chicago Press	93	yes	1050	200.0	200.0	largest	1050	200.0	200.0	same	agree	200.0	1	0	withinCap
Friedman_1962_Capitalism and freedom_University of Chicago Press	94	yes	1050	200.0	200.0	largest	1050	200.0	200.0	same	agree	200.0	1	0	withinCap
Friedman_1962_Capitalism and freedom_University of Chicago Press	95	yes	1050	200.0	200.0	largest	1050	200.0	200.0	same	agree	200.0	1	0	withinCap
Friedman_1962_Capitalism and freedom_University of Chicago Press	96	yes	1050	200.0	200.0	largest	1050	200.0	200.0	same	agree	200.0	1	0	withinCap
Friedman_1962_Capitalism and freedom_University of Chicago Press	97	yes	1050	200.0	200.0	largest	1050	200.0	200.0	same	agree	200.0	1	0	withinCap
Friedman_1962_Capitalism and freedom_University of Chicago Press	98	yes	1050	200.0	200.0	largest	1050	200.0	200.0	same	agree	200.0	1	0	withinCap
Friedman_1962_Capitalism and freedom_University of Chicago Press	99	yes	1050	200.0	200.0	largest	1050	200.0	200.0	same	agree	200.0	1	0	withinCap
Friedman_1962_Capitalism and freedom_University of Chicago Press	100	yes	1050	200.0	200.0	largest	1050	200.0	200.0	same	agree	200.0	1	0	withinCap
Friedman_1962_Capitalism and freedom_University of Chicago Press	101	yes	1050	200.0	200.0	largest	1050	200.0	200.0	same	agree	200.0	1	0	withinCap
Friedman_1962_Capitalism and freedom_University of Chicago Press	102	yes	1050	200.0	200.0	largest	1050	200.0	200.0	same	agree	200.0	1	0	withinCap
Friedman_1962_Capitalism and freedom_University of Chicago Press	103	yes	1050	200.0	200.0	largest	1050	200.0	200.0	same	agree	200.0	1	0	withinCap
Friedman_1962_Capitalism and freedom_University of Chicago Press	104	yes	1050	200.0	200.0	largest	1050	200.0	200.0	same	agree	200.0	1	0	withinCap
Friedman_1962_Capitalism and freedom_University of Chicago Press	105	yes	1050	200.0	200.0	largest	1050	200.0	200.0	same	agree	200.0	1	0	withinCap
Friedman_1962_Capitalism and freedom_University of Chicago Press	106	yes	1050	200.0	200.0	largest	1050	200.0	200.0	same	agree	200.0	1	0	withinCap
Friedman_1962_Capitalism and freedom_University of Chicago Press	107	yes	1050	200.0	200.0	largest	1050	200.0	200.0	same	agree	200.0	1	0	withinCap
Friedman_1962_Capitalism and freedom_University of Chicago Press	108	yes	1050	200.0	200.0	largest	1050	200.0	200.0	same	agree	200.0	1	0	withinCap
Friedman_1962_Capitalism and freedom_University of Chicago Press	109	yes	1050	200.0	200.0	largest	1050	200.0	200.0	same	agree	200.0	1	0	withinCap
Friedman_1962_Capitalism and freedom_University of Chicago Press	110	yes	1050	200.0	200.0	largest	1050	200.0	200.0	same	agree	200.0	1	0	withinCap
Friedman_1962_Capitalism and freedom_University of Chicago Press	111	yes	1050	200.0	200.0	largest	1050	200.0	200.0	same	agree	200.0	1	0	withinCap
Friedman_1962_Capitalism and freedom_University of Chicago Press	112	yes	1050	200.0	200.0	largest	1050	200.0	200.0	same	agree	200.0	1	0	withinCap
Friedman_1962_Capitalism and freedom_University of Chicago Press	113	yes	1050	200.0	200.0	largest	1050	200.0	200.0	same	agree	200.0	1	0	withinCap
Friedman_1962_Capitalism and freedom_University of Chicago Press	114	yes	1050	200.0	200.0	largest	1050	200.0	200.0	same	agree	200.0	1	0	withinCap
Friedman_1962_Capitalism and freedom_University of Chicago Press	115	yes	1050	200.0	200.0	largest	1050	200.0	200.0	same	agree	200.0	1	0	withinCap
Friedman_1962_Capitalism and freedom_University of Chicago Press	116	yes	1050	200.0	200.0	largest	1050	200.0	200.0	same	agree	200.0	1	0	withinCap
Friedman_1962_Capitalism and freedom_University of Chicago Press	117	yes	1050	200.0	200.0	largest	1050	200.0	200.0	same	agree	200.0	1	0	withinCap
Friedman_1962_Capitalism and freedom_University of Chicago Press	118	yes	1050	200.0	200.0	largest	1050	200.0	200.0	same	agree	200.0	1	0	withinCap
Friedman_1962_Capitalism and freedom_University of Chicago Press	119	yes	1050	200.0	200.0	largest	1050	200.0	200.0	same	agree	200.0	1	0	withinCap
Friedman_1962_Capitalism and freedom_University of Chicago Press	120	yes	1050	200.0	200.0	largest	1050	200.0	200.0	same	agree	200.0	1	0	withinCap
Friedman_1962_Capitalism and freedom_University of Chicago Press	121	yes	1050	200.0	200.0	largest	1050	200.0	200.0	same	agree	200.0	1	0	withinCap
Friedman_1962_Capitalism and freedom_University of Chicago Press	122	yes	1050	200.0	200.0	largest	1050	200.0	200.0	same	agree	200.0	1	0	withinCap
Friedman_1962_Capitalism and freedom_University of Chicago Press	123	yes	1050	200.0	200.0	largest	1050	200.0	200.0	same	agree	200.0	1	0	withinCap
Friedman_1962_Capitalism and freedom_University of Chicago Press	124	yes	1050	200.0	200.0	largest	1050	200.0	200.0	same	agree	200.0	1	0	withinCap
Friedman_1962_Capitalism and freedom_University of Chicago Press	125	yes	1050	200.0	200.0	largest	1050	200.0	200.0	same	agree	200.0	1	0	withinCap
Friedman_1962_Capitalism and freedom_University of Chicago Press	126	yes	1050	200.0	200.0	largest	1050	200.0	200.0	same	agree	200.0	1	0	withinCap
Friedman_1962_Capitalism and freedom_University of Chicago Press	127	yes	1050	200.0	200.0	largest	1050	200.0	200.0	same	agree	200.0	1	0	withinCap
Friedman_1962_Capitalism and freedom_University of Chicago Press	128	yes	1050	200.0	200.0	largest	1050	200.0	200.0	same	agree	200.0	1	0	withinCap
Friedman_1962_Capitalism and freedom_University of Chicago Press	129	yes	1050	200.0	200.0	largest	1050	200.0	200.0	same	agree	200.0	1	0	withinCap
Friedman_1962_Capitalism and freedom_University of Chicago Press	130	yes	1050	200.0	200.0	largest	1050	200.0	200.0	same	agree	200.0	1	0	withinCap
Friedman_1962_Capitalism and freedom_University of Chicago Press	131	yes	1050	200.0	200.0	largest	1050	200.0	200.0	same	agree	200.0	1	0	withinCap
Friedman_1962_Capitalism and freedom_University of Chicago Press	132	yes	1050	200.0	200.0	largest	1050	200.0	200.0	same	agree	200.0	1	0	withinCap
Friedman_1962_Capitalism and freedom_University of Chicago Press	133	yes	1050	200.0	200.0	largest	1050	200.0	200.0	same	agree	200.0	1	0	withinCap
Friedman_1962_Capitalism and freedom_University of Chicago Press	134	yes	1050	200.0	200.0	largest	1050	200.0	200.0	same	agree	200.0	1	0	withinCap
Friedman_1962_Capitalism and freedom_University of Chicago Press	135	yes	1050	200.0	200.0	largest	1050	200.0	200.0	same	agree	200.0	1	0	withinCap
Friedman_1962_Capitalism and freedom_University of Chicago Press	136	yes	1050	200.0	200.0	largest	1050	200.0	200.0	same	agree	200.0	1	0	withinCap
Friedman_1962_Capitalism and freedom_University of Chicago Press	137	yes	1050	200.0	200.0	largest	1050	200.0	200.0	same	agree	200.0	1	0	withinCap
Friedman_1962_Capitalism and freedom_University of Chicago Press	138	yes	1050	200.0	200.0	largest	1050	200.0	200.0	same	agree	200.0	1	0	withinCap
Friedman_1962_Capitalism and freedom_University of Chicago Press	139	yes	1050	200.0	200.0	largest	1050	200.0	200.0	same	agree	200.0	1	0	withinCap
Friedman_1962_Capitalism and freedom_University of Chicago Press	140	yes	1050	200.0	200.0	largest	1050	200.0	200.0	same	agree	200.0	1	0	withinCap
Friedman_1962_Capitalism and freedom_University of Chicago Press	141	yes	1050	200.0	200.0	largest	1050	200.0	200.0	same	agree	200.0	1	0	withinCap
Friedman_1962_Capitalism and freedom_University of Chicago Press	142	yes	1050	200.0	200.0	largest	1050	200.0	200.0	same	agree	200.0	1	0	withinCap
Friedman_1962_Capitalism and freedom_University of Chicago Press	143	yes	1050	200.0	200.0	largest	1050	200.0	200.0	same	agree	200.0	1	0	withinCap
Friedman_1962_Capitalism and freedom_University of Chicago Press	144	yes	1050	200.0	200.0	largest	1050	200.0	200.0	same	agree	200.0	1	0	withinCap
Friedman_1962_Capitalism and freedom_University of Chicago Press	145	yes	1050	200.0	200.0	largest	1050	200.0	200.0	same	agree	200.0	1	0	withinCap
Friedman_1962_Capitalism and freedom_University of Chicago Press	146	yes	1050	200.0	200.0	largest	1050	200.0	200.0	same	agree	200.0	1	0	withinCap
Friedman_1962_Capitalism and freedom_University of Chicago Press	147	yes	1050	200.0	200.0	largest	1050	200.0	200.0	same	agree	200.0	1	0	withinCap
Friedman_1962_Capitalism and freedom_University of Chicago Press	148	yes	1050	200.0	200.0	largest	1050	200.0	200.0	same	agree	200.0	1	0	withinCap
Friedman_1962_Capitalism and freedom_University of Chicago Press	149	yes	1050	200.0	200.0	largest	1050	200.0	200.0	same	agree	200.0	1	0	withinCap
Friedman_1962_Capitalism and freedom_University of Chicago Press	150	yes	1050	200.0	200.0	largest	1050	200.0	200.0	same	agree	200.0	1	0	withinCap
Friedman_1962_Capitalism and freedom_University of Chicago Press	151	yes	1050	200.0	200.0	largest	1050	200.0	200.0	same	agree	200.0	1	0	withinCap
Friedman_1962_Capitalism and freedom_University of Chicago Press	152	yes	1050	200.0	200.0	largest	1050	200.0	200.0	same	agree	200.0	1	0	withinCap
Friedman_1962_Capitalism and freedom_University of Chicago Press	153	yes	1050	200.0	200.0	largest	1050	200.0	200.0	same	agree	200.0	1	0	withinCap
Friedman_1962_Capitalism and freedom_University of Chicago Press	154	yes	1050	200.0	200.0	largest	1050	200.0	200.0	same	agree	200.0	1	0	withinCap
Friedman_1962_Capitalism and freedom_University of Chicago Press	155	yes	1050	200.0	200.0	largest	1050	200.0	200.0	same	agree	200.0	1	0	withinCap
Friedman_1962_Capitalism and freedom_University of Chicago Press	156	yes	1050	200.0	200.0	largest	1050	200.0	200.0	same	agree	200.0	1	0	withinCap
Friedman_1962_Capitalism and freedom_University of Chicago Press	157	yes	1050	200.0	200.0	largest	1050	200.0	200.0	same	agree	200.0	1	0	withinCap
Friedman_1962_Capitalism and freedom_University of Chicago Press	158	yes	1050	200.0	200.0	largest	1050	200.0	200.0	same	agree	200.0	1	0	withinCap
Friedman_1962_Capitalism and freedom_University of Chicago Press	159	yes	1050	200.0	200.0	largest	1050	200.0	200.0	same	agree	200.0	1	0	withinCap
Friedman_1962_Capitalism and freedom_University of Chicago Press	160	yes	1050	200.0	200.0	largest	1050	200.0	200.0	same	agree	200.0	1	0	withinCap
Friedman_1962_Capitalism and freedom_University of Chicago Press	161	yes	1050	200.0	200.0	largest	1050	200.0	200.0	same	agree	200.0	1	0	withinCap
Friedman_1962_Capitalism and freedom_University of Chicago Press	162	yes	1050	200.0	200.0	largest	1050	200.0	200.0	same	agree	200.0	1	0	withinCap
Friedman_1962_Capitalism and freedom_University of Chicago Press	163	yes	1050	200.0	200.0	largest	1050	200.0	200.0	same	agree	200.0	1	0	withinCap
Friedman_1962_Capitalism and freedom_University of Chicago Press	164	yes	1050	200.0	200.0	largest	1050	200.0	200.0	same	agree	200.0	1	0	withinCap
Friedman_1962_Capitalism and freedom_University of Chicago Press	165	yes	1050	200.0	200.0	largest	1050	200.0	200.0	same	agree	200.0	1	0	withinCap
Friedman_1962_Capitalism and freedom_University of Chicago Press	166	yes	1050	200.0	200.0	largest	1050	200.0	200.0	same	agree	200.0	1	0	withinCap
Friedman_1962_Capitalism and freedom_University of Chicago Press	167	yes	1050	200.0	200.0	largest	1050	200.0	200.0	same	agree	200.0	1	0	withinCap
Friedman_1962_Capitalism and freedom_University of Chicago Press	168	yes	1050	200.0	200.0	largest	1050	200.0	200.0	same	agree	200.0	1	0	withinCap
Friedman_1962_Capitalism and freedom_University of Chicago Press	169	yes	1050	200.0	200.0	largest	1050	200.0	200.0	same	agree	200.0	1	0	withinCap
Friedman_1962_Capitalism and freedom_University of Chicago Press	170	yes	1050	200.0	200.0	largest	1050	200.0	200.0	same	agree	200.0	1	0	withinCap
Friedman_1962_Capitalism and freedom_University of Chicago Press	171	yes	1050	200.0	200.0	largest	1050	200.0	200.0	same	agree	200.0	1	0	withinCap
Friedman_1962_Capitalism and freedom_University of Chicago Press	172	yes	1050	200.0	200.0	largest	1050	200.0	200.0	same	agree	200.0	1	0	withinCap
Friedman_1962_Capitalism and freedom_University of Chicago Press	173	yes	1050	200.0	200.0	largest	1050	200.0	200.0	same	agree	200.0	1	0	withinCap
Friedman_1962_Capitalism and freedom_University of Chicago Press	174	yes	1050	200.0	200.0	largest	1050	200.0	200.0	same	agree	200.0	1	0	withinCap
Friedman_1962_Capitalism and freedom_University of Chicago Press	175	yes	1050	200.0	200.0	largest	1050	200.0	200.0	same	agree	200.0	1	0	withinCap
Friedman_1962_Capitalism and freedom_University of Chicago Press	176	yes	1050	200.0	200.0	largest	1050	200.0	200.0	same	agree	200.0	1	0	withinCap
Friedman_1962_Capitalism and freedom_University of Chicago Press	177	yes	1050	200.0	200.0	largest	1050	200.0	200.0	same	agree	200.0	1	0	withinCap
Friedman_1962_Capitalism and freedom_University of Chicago Press	178	yes	1050	200.0	200.0	largest	1050	200.0	200.0	same	agree	200.0	1	0	withinCap
Friedman_1962_Capitalism and freedom_University of Chicago Press	179	yes	1050	200.0	200.0	largest	1050	200.0	200.0	same	agree	200.0	1	0	withinCap
Friedman_1962_Capitalism and freedom_University of Chicago Press	180	yes	1050	200.0	200.0	largest	1050	200.0	200.0	same	agree	200.0	1	0	withinCap
Friedman_1962_Capitalism and freedom_University of Chicago Press	181	yes	1050	200.0	200.0	largest	1050	200.0	200.0	same	agree	200.0	1	0	withinCap
Friedman_1962_Capitalism and freedom_University of Chicago Press	182	yes	1050	200.0	200.0	largest	1050	200.0	200.0	same	agree	200.0	1	0	withinCap
Friedman_1962_Capitalism and freedom_University of Chicago Press	183	yes	1050	200.0	200.0	largest	1050	200.0	200.0	same	agree	200.0	1	0	withinCap
Friedman_1962_Capitalism and freedom_University of Chicago Press	184	yes	1050	200.0	200.0	largest	1050	200.0	200.0	same	agree	200.0	1	0	withinCap
Friedman_1962_Capitalism and freedom_University of Chicago Press	185	yes	1050	200.0	200.0	largest	1050	200.0	200.0	same	agree	200.0	1	0	withinCap
Friedman_1962_Capitalism and freedom_University of Chicago Press	186	yes	1050	200.0	200.0	largest	1050	200.0	200.0	same	agree	200.0	1	0	withinCap
Friedman_1962_Capitalism and freedom_University of Chicago Press	187	yes	1050	200.0	200.0	largest	1050	200.0	200.0	same	agree	200.0	1	0	withinCap
Friedman_1962_Capitalism and freedom_University of Chicago Press	188	yes	1050	200.0	200.0	largest	1050	200.0	200.0	same	agree	200.0	1	0	withinCap
Friedman_1962_Capitalism and freedom_University of Chicago Press	189	yes	1050	200.0	200.0	largest	1050	200.0	200.0	same	agree	200.0	1	0	withinCap
Friedman_1962_Capitalism and freedom_University of Chicago Press	190	yes	1050	200.0	200.0	largest	1050	200.0	200.0	same	agree	200.0	1	0	withinCap
Friedman_1962_Capitalism and freedom_University of Chicago Press	191	yes	1050	200.0	200.0	largest	1050	200.0	200.0	same	agree	200.0	1	0	withinCap
Friedman_1962_Capitalism and freedom_University of Chicago Press	192	yes	1050	200.0	200.0	largest	1050	200.0	200.0	same	agree	200.0	1	0	withinCap
Friedman_1962_Capitalism and freedom_University of Chicago Press	193	yes	1050	200.0	200.0	largest	1050	200.0	200.0	same	agree	200.0	1	0	withinCap
Friedman_1962_Capitalism and freedom_University of Chicago Press	194	yes	1050	200.0	200.0	largest	1050	200.0	200.0	same	agree	200.0	1	0	withinCap
Friedman_1962_Capitalism and freedom_University of Chicago Press	195	yes	1050	200.0	200.0	largest	1050	200.0	200.0	same	agree	200.0	1	0	withinCap
Friedman_1962_Capitalism and freedom_University of Chicago Press	196	yes	1050	200.0	200.0	largest	1050	200.0	200.0	same	agree	200.0	1	0	withinCap
Friedman_1962_Capitalism and freedom_University of Chicago Press	197	yes	1050	200.0	200.0	largest	1050	200.0	200.0	same	agree	200.0	1	0	withinCap
Friedman_1962_Capitalism and freedom_University of Chicago Press	198	yes	1050	200.0	200.0	largest	1050	200.0	200.0	same	agree	200.0	1	0	withinCap
Friedman_1962_Capitalism and freedom_University of Chicago Press	199	yes	1050	200.0	200.0	largest	1050	200.0	200.0	same	agree	200.0	1	0	withinCap
Friedman_1962_Capitalism and freedom_University of Chicago Press	200	yes	1050	200.0	200.0	largest	1050	200.0	200.0	same	agree	200.0	1	0	withinCap
Friedman_1962_Capitalism and freedom_University of Chicago Press	201	yes	1050	200.0	200.0	largest	1050	200.0	200.0	same	agree	200.0	1	0	withinCap
Friedman_1962_Capitalism and freedom_University of Chicago Press	202	yes	1050	200.0	200.0	largest	1050	200.0	200.0	same	agree	200.0	1	0	withinCap
Friedman_1962_Capitalism and freedom_University of Chicago Press	203	yes	1050	200.0	200.0	largest	1050	200.0	200.0	same	agree	200.0	1	0	withinCap
Friedman_1962_Capitalism and freedom_University of Chicago Press	204	yes	1059	201.7	201.7	largest	1059	201.7	201.7	same	agree	201.7	1	0	withinCap
Friedman_1962_Capitalism and freedom_University of Chicago Press	205	yes	1050	200.0	200.0	largest	1050	200.0	200.0	same	agree	200.0	1	0	withinCap
Friedman_1962_Capitalism and freedom_University of Chicago Press	206	yes	1050	200.0	200.0	largest	1050	200.0	200.0	same	agree	200.0	1	0	withinCap
Friedman_1962_Capitalism and freedom_University of Chicago Press	207	yes	1050	200.0	200.0	largest	1050	200.0	200.0	same	agree	200.0	1	0	withinCap
Friedman_1962_Capitalism and freedom_University of Chicago Press	208	yes	1050	200.0	200.0	largest	1050	200.0	200.0	same	agree	200.0	1	0	withinCap
Friedman_1962_Capitalism and freedom_University of Chicago Press	209	yes	1050	200.0	200.0	largest	1050	200.0	200.0	same	agree	200.0	1	0	withinCap
Friedman_1962_Capitalism and freedom_University of Chicago Press	210	yes	1050	200.0	200.0	largest	1050	200.0	200.0	same	agree	200.0	1	0	withinCap
Friedman_1962_Capitalism and freedom_University of Chicago Press	211	yes	1050	200.0	200.0	largest	1050	200.0	200.0	same	agree	200.0	1	0	withinCap
Friedman_1962_Capitalism and freedom_University of Chicago Press	212	yes	1050	200.0	200.0	largest	1050	200.0	200.0	same	agree	200.0	1	0	withinCap
Friedman_1962_Capitalism and freedom_University of Chicago Press	213	yes	1050	200.0	200.0	largest	1050	200.0	200.0	same	agree	200.0	1	0	withinCap
Friedman_1962_Capitalism and freedom_University of Chicago Press	214	yes	1050	200.0	200.0	largest	1050	200.0	200.0	same	agree	200.0	1	0	withinCap
Friedman_1962_Capitalism and freedom_University of Chicago Press	215	yes	1050	200.0	200.0	largest	1050	200.0	200.0	same	agree	200.0	1	0	withinCap
Friedman_1962_Capitalism and freedom_University of Chicago Press	216	yes	1050	200.0	200.0	largest	1050	200.0	200.0	same	agree	200.0	1	0	withinCap
Friedman_1962_Capitalism and freedom_University of Chicago Press	217	yes	1050	200.0	200.0	largest	1050	200.0	200.0	same	agree	200.0	1	0	withinCap
Friedman_1962_Capitalism and freedom_University of Chicago Press	218	yes	1050	200.0	200.0	largest	1050	200.0	200.0	same	agree	200.0	1	0	withinCap
Friedman_1962_Capitalism and freedom_University of Chicago Press	219	yes	1050	200.0	200.0	largest	1050	200.0	200.0	same	agree	200.0	1	0	withinCap
Friedman_1962_Capitalism and freedom_University of Chicago Press	220	yes	1050	200.0	200.0	largest	1050	200.0	200.0	same	agree	200.0	1	0	withinCap
Friedman_1962_Capitalism and freedom_University of Chicago Press	221	yes	1050	200.0	200.0	largest	1050	200.0	200.0	same	agree	200.0	1	0	withinCap
Friedman_1962_Capitalism and freedom_University of Chicago Press	222	yes	1050	200.0	200.0	largest	1050	200.0	200.0	same	agree	200.0	1	0	withinCap
Friedman_1962_Capitalism and freedom_University of Chicago Press	223	yes	1050	200.0	200.0	largest	1050	200.0	200.0	same	agree	200.0	1	0	withinCap
Friedman_1962_Capitalism and freedom_University of Chicago Press	224	yes	1050	200.0	200.0	largest	1050	200.0	200.0	same	agree	200.0	1	0	withinCap
Friedman_1962_Capitalism and freedom_University of Chicago Press	225	yes	1050	200.0	200.0	largest	1050	200.0	200.0	same	agree	200.0	1	0	withinCap
Friedman_1962_Capitalism and freedom_University of Chicago Press	226	yes	504	96.0	300.0	largest	504	96.0	300.0	same	agree	300.0	1	0	withinCap
Keyssar_2000_The Right to Vote_Basic Books	2	yes	4200	600.0	600.0	largest	4200	600.0	600.0	same	agree	600.0	1	0	withinCap
Keyssar_2000_The Right to Vote_Basic Books	3	yes	4200	600.0	600.0	largest	4200	600.0	600.0	same	agree	600.0	1	0	withinCap
Mintzberg - 1973 - The nature of managerial work	1	yes	3541	300.0	300.0	largest	3541	300.0	300.0	same	agree	300.0	1	0	withinCap
Mintzberg - 1973 - The nature of managerial work	2	yes	3580	300.0	300.0	largest	3580	300.0	300.0	same	agree	300.0	1	0	withinCap
Mintzberg - 1973 - The nature of managerial work	3	yes	3519	300.0	300.0	largest	3519	300.0	300.0	same	agree	300.0	1	0	withinCap
Mintzberg - 1973 - The nature of managerial work	4	yes	3606	300.0	300.0	largest	3606	300.0	300.0	same	agree	300.0	1	0	withinCap
Mintzberg - 1973 - The nature of managerial work	5	yes	3531	300.0	300.0	largest	3531	300.0	300.0	same	agree	300.0	1	0	withinCap
Mintzberg - 1973 - The nature of managerial work	6	yes	3536	300.0	300.0	largest	3536	300.0	300.0	same	agree	300.0	1	0	withinCap
Mintzberg - 1973 - The nature of managerial work	7	yes	3516	300.0	300.0	largest	3516	300.0	300.0	same	agree	300.0	1	0	withinCap
Mintzberg - 1973 - The nature of managerial work	8	yes	3533	300.0	300.0	largest	3533	300.0	300.0	same	agree	300.0	1	0	withinCap
Mintzberg - 1973 - The nature of managerial work	9	yes	3525	300.0	300.0	largest	3525	300.0	300.0	same	agree	300.0	1	0	withinCap
Mintzberg - 1973 - The nature of managerial work	10	yes	3540	300.0	300.0	largest	3540	300.0	300.0	same	agree	300.0	1	0	withinCap
Mintzberg - 1973 - The nature of managerial work	11	yes	3530	300.0	300.0	largest	3530	300.0	300.0	same	agree	300.0	1	0	withinCap
Mintzberg - 1973 - The nature of managerial work	12	yes	3524	300.0	300.0	largest	3524	300.0	300.0	same	agree	300.0	1	0	withinCap
Mintzberg - 1973 - The nature of managerial work	13	yes	3520	300.0	300.0	largest	3520	300.0	300.0	same	agree	300.0	1	0	withinCap
Mintzberg - 1973 - The nature of managerial work	14	yes	3519	300.0	300.0	largest	3519	300.0	300.0	same	agree	300.0	1	0	withinCap
Mintzberg - 1973 - The nature of managerial work	15	yes	3520	300.0	300.0	largest	3520	300.0	300.0	same	agree	300.0	1	0	withinCap
Mintzberg - 1973 - The nature of managerial work	16	yes	3520	300.0	300.0	largest	3520	300.0	300.0	same	agree	300.0	1	0	withinCap
Mintzberg - 1973 - The nature of managerial work	17	yes	3524	300.0	300.0	largest	3524	300.0	300.0	same	agree	300.0	1	0	withinCap
Mintzberg - 1973 - The nature of managerial work	18	yes	3516	300.0	300.0	largest	3516	300.0	300.0	same	agree	300.0	1	0	withinCap
Mintzberg - 1973 - The nature of managerial work	19	yes	3516	300.0	300.0	largest	3516	300.0	300.0	same	agree	300.0	1	0	withinCap
Mintzberg - 1973 - The nature of managerial work	20	yes	3523	300.0	300.0	largest	3523	300.0	300.0	same	agree	300.0	1	0	withinCap
Mintzberg - 1973 - The nature of managerial work	21	yes	3521	300.0	300.0	largest	3521	300.0	300.0	same	agree	300.0	1	0	withinCap
Mintzberg - 1973 - The nature of managerial work	22	yes	3516	300.0	300.0	largest	3516	300.0	300.0	same	agree	300.0	1	0	withinCap
Mintzberg - 1973 - The nature of managerial work	23	yes	3524	300.0	300.0	largest	3524	300.0	300.0	same	agree	300.0	1	0	withinCap
Mintzberg - 1973 - The nature of managerial work	24	yes	3526	300.0	300.0	largest	3526	300.0	300.0	same	agree	300.0	1	0	withinCap
Mintzberg - 1973 - The nature of managerial work	25	yes	3528	300.0	300.0	largest	3528	300.0	300.0	same	agree	300.0	1	0	withinCap
Mintzberg - 1973 - The nature of managerial work	26	yes	3525	300.0	300.0	largest	3525	300.0	300.0	same	agree	300.0	1	0	withinCap
Mintzberg - 1973 - The nature of managerial work	27	yes	3520	300.0	300.0	largest	3520	300.0	300.0	same	agree	300.0	1	0	withinCap
Mintzberg - 1973 - The nature of managerial work	28	yes	3522	300.0	300.0	largest	3522	300.0	300.0	same	agree	300.0	1	0	withinCap
Mintzberg - 1973 - The nature of managerial work	29	yes	3522	300.0	300.0	largest	3522	300.0	300.0	same	agree	300.0	1	0	withinCap
Mintzberg - 1973 - The nature of managerial work	30	yes	3516	300.0	300.0	largest	3516	300.0	300.0	same	agree	300.0	1	0	withinCap
Mintzberg - 1973 - The nature of managerial work	31	yes	3524	300.0	300.0	largest	3524	300.0	300.0	same	agree	300.0	1	0	withinCap
Mintzberg - 1973 - The nature of managerial work	32	yes	3523	300.0	300.0	largest	3523	300.0	300.0	same	agree	300.0	1	0	withinCap
Mintzberg - 1973 - The nature of managerial work	33	yes	3531	300.0	300.0	largest	3531	300.0	300.0	same	agree	300.0	1	0	withinCap
Mintzberg - 1973 - The nature of managerial work	34	yes	3516	300.0	300.0	largest	3516	300.0	300.0	same	agree	300.0	1	0	withinCap
Mintzberg - 1973 - The nature of managerial work	35	yes	3521	300.0	300.0	largest	3521	300.0	300.0	same	agree	300.0	1	0	withinCap
Mintzberg - 1973 - The nature of managerial work	36	yes	3525	300.0	300.0	largest	3525	300.0	300.0	same	agree	300.0	1	0	withinCap
Mintzberg - 1973 - The nature of managerial work	37	yes	3530	300.0	300.0	largest	3530	300.0	300.0	same	agree	300.0	1	0	withinCap
Mintzberg - 1973 - The nature of managerial work	38	yes	3519	300.0	300.0	largest	3519	300.0	300.0	same	agree	300.0	1	0	withinCap
Mintzberg - 1973 - The nature of managerial work	39	yes	3522	300.0	300.0	largest	3522	300.0	300.0	same	agree	300.0	1	0	withinCap
Mintzberg - 1973 - The nature of managerial work	40	yes	3541	300.0	300.0	largest	3541	300.0	300.0	same	agree	300.0	1	0	withinCap
Mintzberg - 1973 - The nature of managerial work	41	yes	3524	300.0	300.0	largest	3524	300.0	300.0	same	agree	300.0	1	0	withinCap
Mintzberg - 1973 - The nature of managerial work	42	yes	3523	300.0	300.0	largest	3523	300.0	300.0	same	agree	300.0	1	0	withinCap
Mintzberg - 1973 - The nature of managerial work	43	yes	3525	300.0	300.0	largest	3525	300.0	300.0	same	agree	300.0	1	0	withinCap
Mintzberg - 1973 - The nature of managerial work	44	yes	3526	300.0	300.0	largest	3526	300.0	300.0	same	agree	300.0	1	0	withinCap
Mintzberg - 1973 - The nature of managerial work	45	yes	3532	300.0	300.0	largest	3532	300.0	300.0	same	agree	300.0	1	0	withinCap
Mintzberg - 1973 - The nature of managerial work	46	yes	3524	300.0	300.0	largest	3524	300.0	300.0	same	agree	300.0	1	0	withinCap
Mintzberg - 1973 - The nature of managerial work	47	yes	3516	300.0	300.0	largest	3516	300.0	300.0	same	agree	300.0	1	0	withinCap
Mintzberg - 1973 - The nature of managerial work	48	yes	3516	300.0	300.0	largest	3516	300.0	300.0	same	agree	300.0	1	0	withinCap
Mintzberg - 1973 - The nature of managerial work	49	yes	3532	300.0	300.0	largest	3532	300.0	300.0	same	agree	300.0	1	0	withinCap
Mintzberg - 1973 - The nature of managerial work	50	yes	3516	300.0	300.0	largest	3516	300.0	300.0	same	agree	300.0	1	0	withinCap
Mintzberg - 1973 - The nature of managerial work	51	yes	3516	300.0	300.0	largest	3516	300.0	300.0	same	agree	300.0	1	0	withinCap
Mintzberg - 1973 - The nature of managerial work	52	yes	3523	300.0	300.0	largest	3523	300.0	300.0	same	agree	300.0	1	0	withinCap
Mintzberg - 1973 - The nature of managerial work	53	yes	3521	300.0	300.0	largest	3521	300.0	300.0	same	agree	300.0	1	0	withinCap
Mintzberg - 1973 - The nature of managerial work	54	yes	3522	300.0	300.0	largest	3522	300.0	300.0	same	agree	300.0	1	0	withinCap
Mintzberg - 1973 - The nature of managerial work	55	yes	3522	300.0	300.0	largest	3522	300.0	300.0	same	agree	300.0	1	0	withinCap
Mintzberg - 1973 - The nature of managerial work	56	yes	3523	300.0	300.0	largest	3523	300.0	300.0	same	agree	300.0	1	0	withinCap
Mintzberg - 1973 - The nature of managerial work	57	yes	3516	300.0	300.0	largest	3516	300.0	300.0	same	agree	300.0	1	0	withinCap
Mintzberg - 1973 - The nature of managerial work	58	yes	3522	300.0	300.0	largest	3522	300.0	300.0	same	agree	300.0	1	0	withinCap
Mintzberg - 1973 - The nature of managerial work	59	yes	3524	300.0	300.0	largest	3524	300.0	300.0	same	agree	300.0	1	0	withinCap
Mintzberg - 1973 - The nature of managerial work	60	yes	3525	300.0	300.0	largest	3525	300.0	300.0	same	agree	300.0	1	0	withinCap
Mintzberg - 1973 - The nature of managerial work	61	yes	3516	300.0	300.0	largest	3516	300.0	300.0	same	agree	300.0	1	0	withinCap
Mintzberg - 1973 - The nature of managerial work	62	yes	3516	300.0	300.0	largest	3516	300.0	300.0	same	agree	300.0	1	0	withinCap
Mintzberg - 1973 - The nature of managerial work	63	yes	3522	300.0	300.0	largest	3522	300.0	300.0	same	agree	300.0	1	0	withinCap
Mintzberg - 1973 - The nature of managerial work	64	yes	3516	300.0	300.0	largest	3516	300.0	300.0	same	agree	300.0	1	0	withinCap
Mintzberg - 1973 - The nature of managerial work	65	yes	3528	300.0	300.0	largest	3528	300.0	300.0	same	agree	300.0	1	0	withinCap
Mintzberg - 1973 - The nature of managerial work	66	yes	3519	300.0	300.0	largest	3519	300.0	300.0	same	agree	300.0	1	0	withinCap
Mintzberg - 1973 - The nature of managerial work	67	yes	3516	300.0	300.0	largest	3516	300.0	300.0	same	agree	300.0	1	0	withinCap
Mintzberg - 1973 - The nature of managerial work	68	yes	3525	300.0	300.0	largest	3525	300.0	300.0	same	agree	300.0	1	0	withinCap
Mintzberg - 1973 - The nature of managerial work	69	yes	3523	300.0	300.0	largest	3523	300.0	300.0	same	agree	300.0	1	0	withinCap
Mintzberg - 1973 - The nature of managerial work	70	yes	3524	300.0	300.0	largest	3524	300.0	300.0	same	agree	300.0	1	0	withinCap
Mintzberg - 1973 - The nature of managerial work	71	yes	3531	300.0	300.0	largest	3531	300.0	300.0	same	agree	300.0	1	0	withinCap
Mintzberg - 1973 - The nature of managerial work	72	yes	3521	300.0	300.0	largest	3521	300.0	300.0	same	agree	300.0	1	0	withinCap
Mintzberg - 1973 - The nature of managerial work	73	yes	3520	300.0	300.0	largest	3520	300.0	300.0	same	agree	300.0	1	0	withinCap
Mintzberg - 1973 - The nature of managerial work	74	yes	3521	300.0	300.0	largest	3521	300.0	300.0	same	agree	300.0	1	0	withinCap
Mintzberg - 1973 - The nature of managerial work	75	yes	3516	300.0	300.0	largest	3516	300.0	300.0	same	agree	300.0	1	0	withinCap
Mintzberg - 1973 - The nature of managerial work	76	yes	3516	300.0	300.0	largest	3516	300.0	300.0	same	agree	300.0	1	0	withinCap
Mintzberg - 1973 - The nature of managerial work	77	yes	3519	300.0	300.0	largest	3519	300.0	300.0	same	agree	300.0	1	0	withinCap
Mintzberg - 1973 - The nature of managerial work	78	yes	3520	300.0	300.0	largest	3520	300.0	300.0	same	agree	300.0	1	0	withinCap
Mintzberg - 1973 - The nature of managerial work	79	yes	3522	300.0	300.0	largest	3522	300.0	300.0	same	agree	300.0	1	0	withinCap
Mintzberg - 1973 - The nature of managerial work	80	yes	3516	300.0	300.0	largest	3516	300.0	300.0	same	agree	300.0	1	0	withinCap
Mintzberg - 1973 - The nature of managerial work	81	yes	3516	300.0	300.0	largest	3516	300.0	300.0	same	agree	300.0	1	0	withinCap
Mintzberg - 1973 - The nature of managerial work	82	yes	3526	300.0	300.0	largest	3526	300.0	300.0	same	agree	300.0	1	0	withinCap
Mintzberg - 1973 - The nature of managerial work	83	yes	3533	300.0	300.0	largest	3533	300.0	300.0	same	agree	300.0	1	0	withinCap
Mintzberg - 1973 - The nature of managerial work	84	yes	3516	300.0	300.0	largest	3516	300.0	300.0	same	agree	300.0	1	0	withinCap
Mintzberg - 1973 - The nature of managerial work	85	yes	3528	300.0	300.0	largest	3528	300.0	300.0	same	agree	300.0	1	0	withinCap
Mintzberg - 1973 - The nature of managerial work	86	yes	3516	300.0	300.0	largest	3516	300.0	300.0	same	agree	300.0	1	0	withinCap
Mintzberg - 1973 - The nature of managerial work	87	yes	3516	300.0	300.0	largest	3516	300.0	300.0	same	agree	300.0	1	0	withinCap
Mintzberg - 1973 - The nature of managerial work	88	yes	3516	300.0	300.0	largest	3516	300.0	300.0	same	agree	300.0	1	0	withinCap
Mintzberg - 1973 - The nature of managerial work	89	yes	3522	300.0	300.0	largest	3522	300.0	300.0	same	agree	300.0	1	0	withinCap
Mintzberg - 1973 - The nature of managerial work	90	yes	3516	300.0	300.0	largest	3516	300.0	300.0	same	agree	300.0	1	0	withinCap
Mintzberg - 1973 - The nature of managerial work	91	yes	3516	300.0	300.0	largest	3516	300.0	300.0	same	agree	300.0	1	0	withinCap
Mintzberg - 1973 - The nature of managerial work	92	yes	3522	300.0	300.0	largest	3522	300.0	300.0	same	agree	300.0	1	0	withinCap
Mintzberg - 1973 - The nature of managerial work	93	yes	3520	300.0	300.0	largest	3520	300.0	300.0	same	agree	300.0	1	0	withinCap
Mintzberg - 1973 - The nature of managerial work	94	yes	3516	300.0	300.0	largest	3516	300.0	300.0	same	agree	300.0	1	0	withinCap
Mintzberg - 1973 - The nature of managerial work	95	yes	3516	300.0	300.0	largest	3516	300.0	300.0	same	agree	300.0	1	0	withinCap
Mintzberg - 1973 - The nature of managerial work	96	yes	3516	300.0	300.0	largest	3516	300.0	300.0	same	agree	300.0	1	0	withinCap
Mintzberg - 1973 - The nature of managerial work	97	yes	3516	300.0	300.0	largest	3516	300.0	300.0	same	agree	300.0	1	0	withinCap
Mintzberg - 1973 - The nature of managerial work	98	yes	3521	300.0	300.0	largest	3521	300.0	300.0	same	agree	300.0	1	0	withinCap
Mintzberg - 1973 - The nature of managerial work	99	yes	3522	300.0	300.0	largest	3522	300.0	300.0	same	agree	300.0	1	0	withinCap
Mintzberg - 1973 - The nature of managerial work	100	yes	3520	300.0	300.0	largest	3520	300.0	300.0	same	agree	300.0	1	0	withinCap
Mintzberg - 1973 - The nature of managerial work	101	yes	3519	300.0	300.0	largest	3519	300.0	300.0	same	agree	300.0	1	0	withinCap
Mintzberg - 1973 - The nature of managerial work	102	yes	3516	300.0	300.0	largest	3516	300.0	300.0	same	agree	300.0	1	0	withinCap
Mintzberg - 1973 - The nature of managerial work	103	yes	3521	300.0	300.0	largest	3521	300.0	300.0	same	agree	300.0	1	0	withinCap
Mintzberg - 1973 - The nature of managerial work	104	yes	3516	300.0	300.0	largest	3516	300.0	300.0	same	agree	300.0	1	0	withinCap
Mintzberg - 1973 - The nature of managerial work	105	yes	3528	300.0	300.0	largest	3528	300.0	300.0	same	agree	300.0	1	0	withinCap
Mintzberg - 1973 - The nature of managerial work	106	yes	3520	300.0	300.0	largest	3520	300.0	300.0	same	agree	300.0	1	0	withinCap
Mintzberg - 1973 - The nature of managerial work	107	yes	3516	300.0	300.0	largest	3516	300.0	300.0	same	agree	300.0	1	0	withinCap
Mintzberg - 1973 - The nature of managerial work	108	yes	3521	300.0	300.0	largest	3521	300.0	300.0	same	agree	300.0	1	0	withinCap
Mintzberg - 1973 - The nature of managerial work	109	yes	3516	300.0	300.0	largest	3516	300.0	300.0	same	agree	300.0	1	0	withinCap
Mintzberg - 1973 - The nature of managerial work	110	yes	3520	300.0	300.0	largest	3520	300.0	300.0	same	agree	300.0	1	0	withinCap
Mintzberg - 1973 - The nature of managerial work	111	yes	3522	300.0	300.0	largest	3522	300.0	300.0	same	agree	300.0	1	0	withinCap
Mintzberg - 1973 - The nature of managerial work	112	yes	3516	300.0	300.0	largest	3516	300.0	300.0	same	agree	300.0	1	0	withinCap
Mintzberg - 1973 - The nature of managerial work	113	yes	3516	300.0	300.0	largest	3516	300.0	300.0	same	agree	300.0	1	0	withinCap
Mintzberg - 1973 - The nature of managerial work	114	yes	3524	300.0	300.0	largest	3524	300.0	300.0	same	agree	300.0	1	0	withinCap
Mintzberg - 1973 - The nature of managerial work	115	yes	3522	300.0	300.0	largest	3522	300.0	300.0	same	agree	300.0	1	0	withinCap
Mintzberg - 1973 - The nature of managerial work	116	yes	3537	300.0	300.0	largest	3537	300.0	300.0	same	agree	300.0	1	0	withinCap
Mintzberg - 1973 - The nature of managerial work	117	yes	3547	300.0	300.0	largest	3547	300.0	300.0	same	agree	300.0	1	0	withinCap
Mintzberg - 1973 - The nature of managerial work	118	yes	3529	300.0	300.0	largest	3529	300.0	300.0	same	agree	300.0	1	0	withinCap
Mintzberg - 1973 - The nature of managerial work	119	yes	3523	300.0	300.0	largest	3523	300.0	300.0	same	agree	300.0	1	0	withinCap
Nedelsky_1990_Private property and the limits of American constitutionalism_University of Chicago Press	7	yes	2200	200.0	200.0	largest	2200	200.0	200.0	same	agree	200.0	1	0	withinCap
Gilroy - 2000 - Getting In	1	yes	1626	300.0	300.0	largest	1626	300.0	300.0	same	agree	300.0	1	0	withinCap
Gilroy - 2000 - Getting In	2	yes	1610	300.0	300.0	largest	1610	300.0	300.0	same	agree	300.0	1	0	withinCap
Gilroy - 2000 - Getting In	3	yes	1617	300.0	300.0	largest	1617	300.0	300.0	same	agree	300.0	1	0	withinCap
Gilroy - 2000 - Getting In	4	yes	1634	300.0	300.0	largest	1634	300.0	300.0	same	agree	300.0	1	0	withinCap
Gilroy - 2000 - Getting In	5	yes	1619	300.0	300.0	largest	1619	300.0	300.0	same	agree	300.0	1	0	withinCap
Gilroy - 2000 - Getting In	6	yes	1754	300.0	300.0	largest	1754	300.0	300.0	same	agree	300.0	1	0	withinCap
Gilroy - 2000 - Getting In	7	yes	1656	300.0	300.0	largest	1656	300.0	300.0	same	agree	300.0	1	0	withinCap
Gilroy - 2000 - Getting In	8	yes	1708	300.0	300.0	largest	1708	300.0	300.0	same	agree	300.0	1	0	withinCap
Gilroy - 2000 - Getting In	9	yes	1615	300.0	300.0	largest	1615	300.0	300.0	same	agree	300.0	1	0	withinCap
Gilroy - 2000 - Getting In	10	yes	1649	300.0	300.0	largest	1649	300.0	300.0	same	agree	300.0	1	0	withinCap
Gilroy - 2000 - Getting In	11	yes	1667	300.0	300.0	largest	1667	300.0	300.0	same	agree	300.0	1	0	withinCap
Gilroy - 2000 - Getting In	12	yes	1635	300.0	300.0	largest	1635	300.0	300.0	same	agree	300.0	1	0	withinCap
Gilroy - 2000 - Getting In	13	yes	1634	300.0	300.0	largest	1634	300.0	300.0	same	agree	300.0	1	0	withinCap
Gilroy - 2000 - Getting In	14	yes	1632	300.0	300.0	largest	1632	300.0	300.0	same	agree	300.0	1	0	withinCap
Gilroy - 2000 - Getting In	15	yes	1641	300.0	300.0	largest	1641	300.0	300.0	same	agree	300.0	1	0	withinCap
Gilroy - 2000 - Getting In	16	yes	1682	300.0	300.0	largest	1682	300.0	300.0	same	agree	300.0	1	0	withinCap
Gilroy - 2000 - Getting In	17	yes	1660	300.0	300.0	largest	1660	300.0	300.0	same	agree	300.0	1	0	withinCap
Gilroy - 2000 - Getting In	18	yes	1626	300.0	300.0	largest	1626	300.0	300.0	same	agree	300.0	1	0	withinCap
Gilroy - 2000 - Getting In	19	yes	1651	300.0	300.0	largest	1651	300.0	300.0	same	agree	300.0	1	0	withinCap
Gilroy - 2000 - Getting In	20	yes	1697	300.0	300.0	largest	1697	300.0	300.0	same	agree	300.0	1	0	withinCap
Gilroy - 2000 - Getting In	21	yes	1606	300.0	300.0	largest	1606	300.0	300.0	same	agree	300.0	1	0	withinCap
Gilroy - 2000 - Getting In	22	yes	1645	300.0	300.0	largest	1645	300.0	300.0	same	agree	300.0	1	0	withinCap
Phillips-Fein_Zelizer_2012_What's good for business _Oxford University Press	3	yes	3534	415.8	415.8	largest	3534	415.8	415.8	same	agree	415.8	1	0	withinCap
Phillips-Fein_Zelizer_2012_What's good for business _Oxford University Press	4	yes	3534	415.8	415.8	largest	3534	415.8	415.8	same	agree	415.8	1	0	withinCap
Phillips-Fein_Zelizer_2012_What's good for business _Oxford University Press	5	yes	3504	412.2	412.2	largest	3504	412.2	412.2	same	agree	412.2	1	0	withinCap
Phillips-Fein_Zelizer_2012_What's good for business _Oxford University Press	6	yes	3424	402.8	402.8	largest	3424	402.8	402.8	same	agree	402.8	1	0	withinCap
Phillips-Fein_Zelizer_2012_What's good for business _Oxford University Press	7	yes	3424	402.8	402.8	largest	3424	402.8	402.8	same	agree	402.8	1	0	withinCap
Phillips-Fein_Zelizer_2012_What's good for business _Oxford University Press	8	yes	3424	402.8	402.8	largest	3424	402.8	402.8	same	agree	402.8	1	0	withinCap
Phillips-Fein_Zelizer_2012_What's good for business _Oxford University Press	9	yes	3424	402.8	402.8	largest	3424	402.8	402.8	same	agree	402.8	1	0	withinCap
Phillips-Fein_Zelizer_2012_What's good for business _Oxford University Press	10	yes	3424	402.8	402.8	largest	3424	402.8	402.8	same	agree	402.8	1	0	withinCap
Phillips-Fein_Zelizer_2012_What's good for business _Oxford University Press	11	yes	3424	402.8	402.8	largest	3424	402.8	402.8	same	agree	402.8	1	0	withinCap
Phillips-Fein_Zelizer_2012_What's good for business _Oxford University Press	12	yes	3424	402.8	402.8	largest	3424	402.8	402.8	same	agree	402.8	1	0	withinCap
Phillips-Fein_Zelizer_2012_What's good for business _Oxford University Press	13	yes	3424	402.8	402.8	largest	3424	402.8	402.8	same	agree	402.8	1	0	withinCap
Phillips-Fein_Zelizer_2012_What's good for business _Oxford University Press	14	yes	3424	402.8	402.8	largest	3424	402.8	402.8	same	agree	402.8	1	0	withinCap
Phillips-Fein_Zelizer_2012_What's good for business _Oxford University Press	15	yes	3424	402.8	402.8	largest	3424	402.8	402.8	same	agree	402.8	1	0	withinCap
2024 - Class Action lawsuit re need blind admissions	1	yes	1275	150.0	150.0	largest	1275	150.0	150.0	same	agree	150.0	1	0	withinCap
2024 - Class Action lawsuit re need blind admissions	2	yes	1275	150.0	150.0	largest	1275	150.0	150.0	same	agree	150.0	1	0	withinCap
2024 - Class Action lawsuit re need blind admissions	3	yes	1275	150.0	150.0	largest	1275	150.0	150.0	same	agree	150.0	1	0	withinCap
2024 - Class Action lawsuit re need blind admissions	4	yes	1275	150.0	150.0	largest	1275	150.0	150.0	same	agree	150.0	1	0	withinCap
2024 - Class Action lawsuit re need blind admissions	5	yes	1275	150.0	150.0	largest	1275	150.0	150.0	same	agree	150.0	1	0	withinCap
2024 - Class Action lawsuit re need blind admissions	6	yes	1275	150.0	150.0	largest	1275	150.0	150.0	same	agree	150.0	1	0	withinCap
2024 - Class Action lawsuit re need blind admissions	7	yes	1275	150.0	150.0	largest	1275	150.0	150.0	same	agree	150.0	1	0	withinCap
2024 - Class Action lawsuit re need blind admissions	8	yes	1275	150.0	150.0	largest	1275	150.0	150.0	same	agree	150.0	1	0	withinCap
2024 - Class Action lawsuit re need blind admissions	9	yes	1275	150.0	150.0	largest	1275	150.0	150.0	same	agree	150.0	1	0	withinCap
2024 - Class Action lawsuit re need blind admissions	10	yes	1275	150.0	150.0	largest	1275	150.0	150.0	same	agree	150.0	1	0	withinCap
2024 - Class Action lawsuit re need blind admissions	11	yes	1275	150.0	150.0	largest	1275	150.0	150.0	same	agree	150.0	1	0	withinCap
2024 - Class Action lawsuit re need blind admissions	12	yes	1275	150.0	150.0	largest	1275	150.0	150.0	same	agree	150.0	1	0	withinCap
2024 - Class Action lawsuit re need blind admissions	13	yes	1275	150.0	150.0	largest	1275	150.0	150.0	same	agree	150.0	1	0	withinCap
2024 - Class Action lawsuit re need blind admissions	14	yes	1275	150.0	150.0	largest	1275	150.0	150.0	same	agree	150.0	1	0	withinCap
2024 - Class Action lawsuit re need blind admissions	15	yes	1275	150.0	150.0	largest	1275	150.0	150.0	same	agree	150.0	1	0	withinCap
2024 - Class Action lawsuit re need blind admissions	16	yes	1275	150.0	150.0	largest	1275	150.0	150.0	same	agree	150.0	1	0	withinCap
2024 - Class Action lawsuit re need blind admissions	17	yes	1275	150.0	150.0	largest	1275	150.0	150.0	same	agree	150.0	1	0	withinCap
2024 - Class Action lawsuit re need blind admissions	18	yes	1275	150.0	150.0	largest	1275	150.0	150.0	same	agree	150.0	1	0	withinCap
2024 - Class Action lawsuit re need blind admissions	19	yes	1275	150.0	150.0	largest	1275	150.0	150.0	same	agree	150.0	1	0	withinCap
2024 - Class Action lawsuit re need blind admissions	20	yes	1275	150.0	150.0	largest	1275	150.0	150.0	same	agree	150.0	1	0	withinCap
2024 - Class Action lawsuit re need blind admissions	21	yes	1275	150.0	150.0	largest	1275	150.0	150.0	same	agree	150.0	1	0	withinCap
2024 - Class Action lawsuit re need blind admissions	22	yes	1275	150.0	150.0	largest	1275	150.0	150.0	same	agree	150.0	1	0	withinCap
2024 - Class Action lawsuit re need blind admissions	23	yes	1275	150.0	150.0	largest	1275	150.0	150.0	same	agree	150.0	1	0	withinCap
2024 - Class Action lawsuit re need blind admissions	24	yes	1275	150.0	150.0	largest	1275	150.0	150.0	same	agree	150.0	1	0	withinCap
2024 - Class Action lawsuit re need blind admissions	25	yes	1275	150.0	150.0	largest	1275	150.0	150.0	same	agree	150.0	1	0	withinCap
2024 - Class Action lawsuit re need blind admissions	26	yes	1275	150.0	150.0	largest	1275	150.0	150.0	same	agree	150.0	1	0	withinCap
2024 - Class Action lawsuit re need blind admissions	27	yes	1275	150.0	150.0	largest	1275	150.0	150.0	same	agree	150.0	1	0	withinCap
2024 - Class Action lawsuit re need blind admissions	28	yes	1275	150.0	150.0	largest	1275	150.0	150.0	same	agree	150.0	1	0	withinCap
2024 - Class Action lawsuit re need blind admissions	29	yes	1275	150.0	150.0	largest	1275	150.0	150.0	same	agree	150.0	1	0	withinCap
2024 - Class Action lawsuit re need blind admissions	30	yes	1275	150.0	150.0	largest	1275	150.0	150.0	same	agree	150.0	1	0	withinCap
2024 - Class Action lawsuit re need blind admissions	31	yes	1275	150.0	150.0	largest	1275	150.0	150.0	same	agree	150.0	1	0	withinCap
2024 - Class Action lawsuit re need blind admissions	32	yes	1275	150.0	150.0	largest	1275	150.0	150.0	same	agree	150.0	1	0	withinCap
2024 - Class Action lawsuit re need blind admissions	33	yes	1275	150.0	150.0	largest	1275	150.0	150.0	same	agree	150.0	1	0	withinCap
2024 - Class Action lawsuit re need blind admissions	34	yes	1275	150.0	150.0	largest	1275	150.0	150.0	same	agree	150.0	1	0	withinCap
2024 - Class Action lawsuit re need blind admissions	35	yes	1275	150.0	150.0	largest	1275	150.0	150.0	same	agree	150.0	1	0	withinCap
2024 - Class Action lawsuit re need blind admissions	36	yes	1275	150.0	150.0	largest	1275	150.0	150.0	same	agree	150.0	1	0	withinCap
2024 - Class Action lawsuit re need blind admissions	37	yes	1275	150.0	150.0	largest	1275	150.0	150.0	same	agree	150.0	1	0	withinCap
2024 - Class Action lawsuit re need blind admissions	38	yes	1275	150.0	150.0	largest	1275	150.0	150.0	same	agree	150.0	1	0	withinCap
2024 - Class Action lawsuit re need blind admissions	39	yes	1275	150.0	150.0	largest	1275	150.0	150.0	same	agree	150.0	1	0	withinCap
2024 - Class Action lawsuit re need blind admissions	40	yes	1275	150.0	150.0	largest	1275	150.0	150.0	same	agree	150.0	1	0	withinCap
2024 - Class Action lawsuit re need blind admissions	41	yes	1275	150.0	150.0	largest	1275	150.0	150.0	same	agree	150.0	1	0	withinCap
2024 - Class Action lawsuit re need blind admissions	42	yes	1275	150.0	150.0	largest	1275	150.0	150.0	same	agree	150.0	1	0	withinCap
2024 - Class Action lawsuit re need blind admissions	43	yes	1275	150.0	150.0	largest	1275	150.0	150.0	same	agree	150.0	1	0	withinCap
2024 - Class Action lawsuit re need blind admissions	44	yes	1275	150.0	150.0	largest	1275	150.0	150.0	same	agree	150.0	1	0	withinCap
2024 - Class Action lawsuit re need blind admissions	45	yes	1275	150.0	150.0	largest	1275	150.0	150.0	same	agree	150.0	1	0	withinCap
2024 - Class Action lawsuit re need blind admissions	46	yes	1275	150.0	150.0	largest	1275	150.0	150.0	same	agree	150.0	1	0	withinCap
2024 - Class Action lawsuit re need blind admissions	47	yes	1275	150.0	150.0	largest	1275	150.0	150.0	same	agree	150.0	1	0	withinCap
2024 - Class Action lawsuit re need blind admissions	48	yes	1275	150.0	150.0	largest	1275	150.0	150.0	same	agree	150.0	1	0	withinCap
2024 - Class Action lawsuit re need blind admissions	49	yes	1275	150.0	150.0	largest	1275	150.0	150.0	same	agree	150.0	1	0	withinCap
2024 - Class Action lawsuit re need blind admissions	50	yes	1275	150.0	150.0	largest	1275	150.0	150.0	same	agree	150.0	1	0	withinCap
2024 - Class Action lawsuit re need blind admissions	51	yes	1275	150.0	150.0	largest	1275	150.0	150.0	same	agree	150.0	1	0	withinCap
2024 - Class Action lawsuit re need blind admissions	52	yes	1275	150.0	150.0	largest	1275	150.0	150.0	same	agree	150.0	1	0	withinCap
2024 - Class Action lawsuit re need blind admissions	53	yes	1275	150.0	150.0	largest	1275	150.0	150.0	same	agree	150.0	1	0	withinCap
2024 - Class Action lawsuit re need blind admissions	54	yes	1275	150.0	150.0	largest	1275	150.0	150.0	same	agree	150.0	1	0	withinCap
2024 - Class Action lawsuit re need blind admissions	55	yes	1275	150.0	150.0	largest	1275	150.0	150.0	same	agree	150.0	1	0	withinCap
2024 - Class Action lawsuit re need blind admissions	56	yes	1275	150.0	150.0	largest	1275	150.0	150.0	same	agree	150.0	1	0	withinCap
2024 - Class Action lawsuit re need blind admissions	57	yes	1275	150.0	150.0	largest	1275	150.0	150.0	same	agree	150.0	1	0	withinCap
2024 - Class Action lawsuit re need blind admissions	58	yes	1275	150.0	150.0	largest	1275	150.0	150.0	same	agree	150.0	1	0	withinCap
2024 - Class Action lawsuit re need blind admissions	59	yes	1275	150.0	150.0	largest	1275	150.0	150.0	same	agree	150.0	1	0	withinCap
2024 - Class Action lawsuit re need blind admissions	60	yes	1275	150.0	150.0	largest	1275	150.0	150.0	same	agree	150.0	1	0	withinCap
2024 - Class Action lawsuit re need blind admissions	61	yes	1275	150.0	150.0	largest	1275	150.0	150.0	same	agree	150.0	1	0	withinCap
2024 - Class Action lawsuit re need blind admissions	62	yes	1275	150.0	150.0	largest	1275	150.0	150.0	same	agree	150.0	1	0	withinCap
2024 - Class Action lawsuit re need blind admissions	63	yes	1275	150.0	150.0	largest	1275	150.0	150.0	same	agree	150.0	1	0	withinCap
2024 - Class Action lawsuit re need blind admissions	64	yes	1275	150.0	150.0	largest	1275	150.0	150.0	same	agree	150.0	1	0	withinCap
2024 - Class Action lawsuit re need blind admissions	65	yes	1275	150.0	150.0	largest	1275	150.0	150.0	same	agree	150.0	1	0	withinCap
2024 - Class Action lawsuit re need blind admissions	66	yes	1275	150.0	150.0	largest	1275	150.0	150.0	same	agree	150.0	1	0	withinCap
2024 - Class Action lawsuit re need blind admissions	67	yes	1275	150.0	150.0	largest	1275	150.0	150.0	same	agree	150.0	1	0	withinCap
2024 - Class Action lawsuit re need blind admissions	68	yes	1275	150.0	150.0	largest	1275	150.0	150.0	same	agree	150.0	1	0	withinCap
2024 - Class Action lawsuit re need blind admissions	69	yes	1275	150.0	150.0	largest	1275	150.0	150.0	same	agree	150.0	1	0	withinCap
2024 - Class Action lawsuit re need blind admissions	70	yes	1275	150.0	150.0	largest	1275	150.0	150.0	same	agree	150.0	1	0	withinCap
2024 - Class Action lawsuit re need blind admissions	71	yes	1275	150.0	150.0	largest	1275	150.0	150.0	same	agree	150.0	1	0	withinCap
2024 - Class Action lawsuit re need blind admissions	72	yes	1275	150.0	150.0	largest	1275	150.0	150.0	same	agree	150.0	1	0	withinCap
2024 - Class Action lawsuit re need blind admissions	73	yes	1275	150.0	150.0	largest	1275	150.0	150.0	same	agree	150.0	1	0	withinCap
2024 - Class Action lawsuit re need blind admissions	74	yes	1275	150.0	150.0	largest	1275	150.0	150.0	same	agree	150.0	1	0	withinCap
2024 - Class Action lawsuit re need blind admissions	75	yes	1275	150.0	150.0	largest	1275	150.0	150.0	same	agree	150.0	1	0	withinCap
Intellectual History Newsletter -- Forum on Menand	1	yes	196	23.9	300.0	largest	196	23.9	300.0	same	agree	300.0	1	0	withinCap
Lyons oral history	1	yes	3400	400.0	400.0	largest	3400	400.0	400.0	same	agree	400.0	1	0	withinCap
Lyons oral history	2	yes	3400	400.0	400.0	largest	3400	400.0	400.0	same	agree	400.0	1	0	withinCap
Lyons oral history	3	yes	1548	182.0	182.0	largest	1548	182.0	182.0	same	agree	182.0	1	0	withinCap
Lyons oral history	4	yes	3400	400.0	400.0	largest	3400	400.0	400.0	same	agree	400.0	1	0	withinCap
Lyons oral history	5	yes	3400	400.0	400.0	largest	3400	400.0	400.0	same	agree	400.0	1	0	withinCap
Lyons oral history	6	yes	3400	400.0	400.0	largest	3400	400.0	400.0	same	agree	400.0	1	0	withinCap
Lyons oral history	7	yes	3400	400.0	400.0	largest	3400	400.0	400.0	same	agree	400.0	1	0	withinCap
Lyons oral history	8	yes	3400	400.0	400.0	largest	3400	400.0	400.0	same	agree	400.0	1	0	withinCap
Lyons oral history	9	yes	3400	400.0	400.0	largest	3400	400.0	400.0	same	agree	400.0	1	0	withinCap
Lyons oral history	10	yes	3400	400.0	400.0	largest	3400	400.0	400.0	same	agree	400.0	1	0	withinCap
Lyons oral history	11	yes	3400	400.0	400.0	largest	3400	400.0	400.0	same	agree	400.0	1	0	withinCap
Lyons oral history	12	yes	3400	400.0	400.0	largest	3400	400.0	400.0	same	agree	400.0	1	0	withinCap
Lyons oral history	13	yes	3400	400.0	400.0	largest	3400	400.0	400.0	same	agree	400.0	1	0	withinCap
Lyons oral history	14	yes	3400	400.0	400.0	largest	3400	400.0	400.0	same	agree	400.0	1	0	withinCap
Lyons oral history	15	yes	3400	400.0	400.0	largest	3400	400.0	400.0	same	agree	400.0	1	0	withinCap
Lyons oral history	16	yes	3400	400.0	400.0	largest	3400	400.0	400.0	same	agree	400.0	1	0	withinCap
Lyons oral history	17	yes	3400	400.0	400.0	largest	3400	400.0	400.0	same	agree	400.0	1	0	withinCap
Lyons oral history	18	yes	3400	400.0	400.0	largest	3400	400.0	400.0	same	agree	400.0	1	0	withinCap
Lyons oral history	19	yes	3400	400.0	400.0	largest	3400	400.0	400.0	same	agree	400.0	1	0	withinCap
Lyons oral history	20	yes	3400	400.0	400.0	largest	3400	400.0	400.0	same	agree	400.0	1	0	withinCap
Lyons oral history	21	yes	3400	400.0	400.0	largest	3400	400.0	400.0	same	agree	400.0	1	0	withinCap
Lyons oral history	22	yes	3400	400.0	400.0	largest	3400	400.0	400.0	same	agree	400.0	1	0	withinCap
Lyons oral history	23	yes	3400	400.0	400.0	largest	3400	400.0	400.0	same	agree	400.0	1	0	withinCap
Lyons oral history	24	yes	3400	400.0	400.0	largest	3400	400.0	400.0	same	agree	400.0	1	0	withinCap
Lyons oral history	25	yes	3400	400.0	400.0	largest	3400	400.0	400.0	same	agree	400.0	1	0	withinCap
Lyons oral history	26	yes	3400	400.0	400.0	largest	3400	400.0	400.0	same	agree	400.0	1	0	withinCap
Lyons oral history	27	yes	3400	400.0	400.0	largest	3400	400.0	400.0	same	agree	400.0	1	0	withinCap
Lyons oral history	28	yes	3400	400.0	400.0	largest	3400	400.0	400.0	same	agree	400.0	1	0	withinCap
Lyons oral history	29	yes	3400	400.0	400.0	largest	3400	400.0	400.0	same	agree	400.0	1	0	withinCap
Lyons oral history	30	yes	3400	400.0	400.0	largest	3400	400.0	400.0	same	agree	400.0	1	0	withinCap
Lyons oral history	31	yes	3400	400.0	400.0	largest	3400	400.0	400.0	same	agree	400.0	1	0	withinCap
Lyons oral history	32	yes	3400	400.0	400.0	largest	3400	400.0	400.0	same	agree	400.0	1	0	withinCap
Lyons oral history	33	yes	3400	400.0	400.0	largest	3400	400.0	400.0	same	agree	400.0	1	0	withinCap
Lyons oral history	34	yes	3400	400.0	400.0	largest	3400	400.0	400.0	same	agree	400.0	1	0	withinCap
Lyons oral history	35	yes	3400	400.0	400.0	largest	3400	400.0	400.0	same	agree	400.0	1	0	withinCap
Lyons oral history	36	yes	3400	400.0	400.0	largest	3400	400.0	400.0	same	agree	400.0	1	0	withinCap
Lyons oral history	37	yes	3400	400.0	400.0	largest	3400	400.0	400.0	same	agree	400.0	1	0	withinCap
Lyons oral history	38	yes	3400	400.0	400.0	largest	3400	400.0	400.0	same	agree	400.0	1	0	withinCap
Lyons oral history	39	yes	3400	400.0	400.0	largest	3400	400.0	400.0	same	agree	400.0	1	0	withinCap
Lyons oral history	40	yes	3400	400.0	400.0	largest	3400	400.0	400.0	same	agree	400.0	1	0	withinCap
Lyons oral history	41	yes	3400	400.0	400.0	largest	3400	400.0	400.0	same	agree	400.0	1	0	withinCap
Lyons oral history	42	yes	3400	400.0	400.0	largest	3400	400.0	400.0	same	agree	400.0	1	0	withinCap
Lyons oral history	43	yes	3400	400.0	400.0	largest	3400	400.0	400.0	same	agree	400.0	1	0	withinCap
Lyons oral history	44	yes	3400	400.0	400.0	largest	3400	400.0	400.0	same	agree	400.0	1	0	withinCap
Lyons oral history	45	yes	3400	400.0	400.0	largest	3400	400.0	400.0	same	agree	400.0	1	0	withinCap
Lyons oral history	46	yes	3400	400.0	400.0	largest	3400	400.0	400.0	same	agree	400.0	1	0	withinCap
Lyons oral history	47	yes	3400	400.0	400.0	largest	3400	400.0	400.0	same	agree	400.0	1	0	withinCap
Lyons oral history	48	yes	3400	400.0	400.0	largest	3400	400.0	400.0	same	agree	400.0	1	0	withinCap
Lyons oral history	49	yes	3400	400.0	400.0	largest	3400	400.0	400.0	same	agree	400.0	1	0	withinCap
Lyons oral history	50	yes	3400	400.0	400.0	largest	3400	400.0	400.0	same	agree	400.0	1	0	withinCap
Lyons oral history	51	yes	3400	400.0	400.0	largest	3400	400.0	400.0	same	agree	400.0	1	0	withinCap
Lyons oral history	52	yes	3400	400.0	400.0	largest	3400	400.0	400.0	same	agree	400.0	1	0	withinCap
Lyons oral history	53	yes	3400	400.0	400.0	largest	3400	400.0	400.0	same	agree	400.0	1	0	withinCap
Lyons oral history	54	yes	3400	400.0	400.0	largest	3400	400.0	400.0	same	agree	400.0	1	0	withinCap
Lyons oral history	55	yes	3400	400.0	400.0	largest	3400	400.0	400.0	same	agree	400.0	1	0	withinCap
Lyons oral history	56	yes	3400	400.0	400.0	largest	3400	400.0	400.0	same	agree	400.0	1	0	withinCap
Lyons oral history	57	yes	3400	400.0	400.0	largest	3400	400.0	400.0	same	agree	400.0	1	0	withinCap
Lyons oral history	58	yes	3400	400.0	400.0	largest	3400	400.0	400.0	same	agree	400.0	1	0	withinCap
Lyons oral history	59	yes	3400	400.0	400.0	largest	3400	400.0	400.0	same	agree	400.0	1	0	withinCap
Lyons oral history	60	yes	3400	400.0	400.0	largest	3400	400.0	400.0	same	agree	400.0	1	0	withinCap
Lyons oral history	61	yes	3400	400.0	400.0	largest	3400	400.0	400.0	same	agree	400.0	1	0	withinCap
Lyons oral history	62	yes	3400	400.0	400.0	largest	3400	400.0	400.0	same	agree	400.0	1	0	withinCap
Lyons oral history	63	yes	3400	400.0	400.0	largest	3400	400.0	400.0	same	agree	400.0	1	0	withinCap
Lyons oral history	64	yes	3400	400.0	400.0	largest	3400	400.0	400.0	same	agree	400.0	1	0	withinCap
Lyons oral history	65	yes	3400	400.0	400.0	largest	3400	400.0	400.0	same	agree	400.0	1	0	withinCap
Lyons oral history	66	yes	3400	400.0	400.0	largest	3400	400.0	400.0	same	agree	400.0	1	0	withinCap
Lyons oral history	67	yes	3400	400.0	400.0	largest	3400	400.0	400.0	same	agree	400.0	1	0	withinCap
Lyons oral history	68	yes	3400	400.0	400.0	largest	3400	400.0	400.0	same	agree	400.0	1	0	withinCap
Lyons oral history	69	yes	3400	400.0	400.0	largest	3400	400.0	400.0	same	agree	400.0	1	0	withinCap
Lyons oral history	70	yes	3400	400.0	400.0	largest	3400	400.0	400.0	same	agree	400.0	1	0	withinCap
Lyons oral history	71	yes	3400	400.0	400.0	largest	3400	400.0	400.0	same	agree	400.0	1	0	withinCap
Lyons oral history	72	yes	3400	400.0	400.0	largest	3400	400.0	400.0	same	agree	400.0	1	0	withinCap
Lyons oral history	73	yes	3400	400.0	400.0	largest	3400	400.0	400.0	same	agree	400.0	1	0	withinCap
Lyons oral history	74	yes	3400	400.0	400.0	largest	3400	400.0	400.0	same	agree	400.0	1	0	withinCap
Lyons oral history	75	yes	3400	400.0	400.0	largest	3400	400.0	400.0	same	agree	400.0	1	0	withinCap
Lyons oral history	76	yes	3400	400.0	400.0	largest	3400	400.0	400.0	same	agree	400.0	1	0	withinCap
Lyons oral history	77	yes	3400	400.0	400.0	largest	3400	400.0	400.0	same	agree	400.0	1	0	withinCap
Lyons oral history	78	yes	3400	400.0	400.0	largest	3400	400.0	400.0	same	agree	400.0	1	0	withinCap
Lyons oral history	79	yes	3400	400.0	400.0	largest	3400	400.0	400.0	same	agree	400.0	1	0	withinCap
Lyons oral history	80	yes	3400	400.0	400.0	largest	3400	400.0	400.0	same	agree	400.0	1	0	withinCap
Lyons oral history	81	yes	3400	400.0	400.0	largest	3400	400.0	400.0	same	agree	400.0	1	0	withinCap
Lyons oral history	82	yes	3400	400.0	400.0	largest	3400	400.0	400.0	same	agree	400.0	1	0	withinCap
Lyons oral history	83	yes	3400	400.0	400.0	largest	3400	400.0	400.0	same	agree	400.0	1	0	withinCap
Lyons oral history	84	yes	3400	400.0	400.0	largest	3400	400.0	400.0	same	agree	400.0	1	0	withinCap
Lyons oral history	85	yes	3400	400.0	400.0	largest	3400	400.0	400.0	same	agree	400.0	1	0	withinCap
Lyons oral history	86	yes	3400	400.0	400.0	largest	3400	400.0	400.0	same	agree	400.0	1	0	withinCap
Lyons oral history	87	yes	3400	400.0	400.0	largest	3400	400.0	400.0	same	agree	400.0	1	0	withinCap
Lyons oral history	88	yes	3400	400.0	400.0	largest	3400	400.0	400.0	same	agree	400.0	1	0	withinCap
Lyons oral history	89	yes	3400	400.0	400.0	largest	3400	400.0	400.0	same	agree	400.0	1	0	withinCap
Lyons oral history	90	yes	3400	400.0	400.0	largest	3400	400.0	400.0	same	agree	400.0	1	0	withinCap
Lyons oral history	91	yes	3400	400.0	400.0	largest	3400	400.0	400.0	same	agree	400.0	1	0	withinCap
Lyons oral history	92	yes	3400	400.0	400.0	largest	3400	400.0	400.0	same	agree	400.0	1	0	withinCap
Lyons oral history	93	yes	3400	400.0	400.0	largest	3400	400.0	400.0	same	agree	400.0	1	0	withinCap
Lyons oral history	94	yes	3400	400.0	400.0	largest	3400	400.0	400.0	same	agree	400.0	1	0	withinCap
Lyons oral history	95	yes	3400	400.0	400.0	largest	3400	400.0	400.0	same	agree	400.0	1	0	withinCap
Lyons oral history	96	yes	3400	400.0	400.0	largest	3400	400.0	400.0	same	agree	400.0	1	0	withinCap
Lyons oral history	97	yes	3400	400.0	400.0	largest	3400	400.0	400.0	same	agree	400.0	1	0	withinCap
Lyons oral history	98	yes	3400	400.0	400.0	largest	3400	400.0	400.0	same	agree	400.0	1	0	withinCap
Lyons oral history	99	yes	3400	400.0	400.0	largest	3400	400.0	400.0	same	agree	400.0	1	0	withinCap
Lyons oral history	100	yes	3400	400.0	400.0	largest	3400	400.0	400.0	same	agree	400.0	1	0	withinCap
Lyons oral history	101	yes	3400	400.0	400.0	largest	3400	400.0	400.0	same	agree	400.0	1	0	withinCap
Lyons oral history	102	yes	3400	400.0	400.0	largest	3400	400.0	400.0	same	agree	400.0	1	0	withinCap
Lyons oral history	103	yes	3400	400.0	400.0	largest	3400	400.0	400.0	same	agree	400.0	1	0	withinCap
Lyons oral history	104	yes	3400	400.0	400.0	largest	3400	400.0	400.0	same	agree	400.0	1	0	withinCap
Lyons oral history	105	yes	3400	400.0	400.0	largest	3400	400.0	400.0	same	agree	400.0	1	0	withinCap
Lyons oral history	106	yes	3400	400.0	400.0	largest	3400	400.0	400.0	same	agree	400.0	1	0	withinCap
Lyons oral history	107	yes	3400	400.0	400.0	largest	3400	400.0	400.0	same	agree	400.0	1	0	withinCap
Lyons oral history	108	yes	3400	400.0	400.0	largest	3400	400.0	400.0	same	agree	400.0	1	0	withinCap
Lyons oral history	109	yes	3400	400.0	400.0	largest	3400	400.0	400.0	same	agree	400.0	1	0	withinCap
Lyons oral history	110	yes	3400	400.0	400.0	largest	3400	400.0	400.0	same	agree	400.0	1	0	withinCap
Lyons oral history	111	yes	3400	400.0	400.0	largest	3400	400.0	400.0	same	agree	400.0	1	0	withinCap
Lyons oral history	112	yes	3400	400.0	400.0	largest	3400	400.0	400.0	same	agree	400.0	1	0	withinCap
Lyons oral history	113	yes	3400	400.0	400.0	largest	3400	400.0	400.0	same	agree	400.0	1	0	withinCap
Lyons oral history	114	yes	3400	400.0	400.0	largest	3400	400.0	400.0	same	agree	400.0	1	0	withinCap
Nogales oral history	1	yes	3400	400.0	400.0	largest	3400	400.0	400.0	same	agree	400.0	1	0	withinCap
Nogales oral history	2	yes	3400	400.0	400.0	largest	3400	400.0	400.0	same	agree	400.0	1	0	withinCap
Nogales oral history	3	yes	3400	400.0	400.0	largest	3400	400.0	400.0	same	agree	400.0	1	0	withinCap
Nogales oral history	4	yes	3400	400.0	400.0	largest	3400	400.0	400.0	same	agree	400.0	1	0	withinCap
Nogales oral history	5	yes	3400	400.0	400.0	largest	3400	400.0	400.0	same	agree	400.0	1	0	withinCap
Nogales oral history	6	yes	3400	400.0	400.0	largest	3400	400.0	400.0	same	agree	400.0	1	0	withinCap
Nogales oral history	7	yes	3400	400.0	400.0	largest	3400	400.0	400.0	same	agree	400.0	1	0	withinCap
Nogales oral history	8	yes	3400	400.0	400.0	largest	3400	400.0	400.0	same	agree	400.0	1	0	withinCap
Nogales oral history	9	yes	3400	400.0	400.0	largest	3400	400.0	400.0	same	agree	400.0	1	0	withinCap
Nogales oral history	10	yes	3400	400.0	400.0	largest	3400	400.0	400.0	same	agree	400.0	1	0	withinCap
Nogales oral history	11	yes	3400	400.0	400.0	largest	3400	400.0	400.0	same	agree	400.0	1	0	withinCap
Nogales oral history	12	yes	3400	400.0	400.0	largest	3400	400.0	400.0	same	agree	400.0	1	0	withinCap
Nogales oral history	13	yes	3400	400.0	400.0	largest	3400	400.0	400.0	same	agree	400.0	1	0	withinCap
Nogales oral history	14	yes	3400	400.0	400.0	largest	3400	400.0	400.0	same	agree	400.0	1	0	withinCap
Nogales oral history	15	yes	3400	400.0	400.0	largest	3400	400.0	400.0	same	agree	400.0	1	0	withinCap
Nogales oral history	16	yes	3400	400.0	400.0	largest	3400	400.0	400.0	same	agree	400.0	1	0	withinCap
Nogales oral history	17	yes	3400	400.0	400.0	largest	3400	400.0	400.0	same	agree	400.0	1	0	withinCap
Nogales oral history	18	yes	3400	400.0	400.0	largest	3400	400.0	400.0	same	agree	400.0	1	0	withinCap
Nogales oral history	19	yes	3400	400.0	400.0	largest	3400	400.0	400.0	same	agree	400.0	1	0	withinCap
Nogales oral history	20	yes	3400	400.0	400.0	largest	3400	400.0	400.0	same	agree	400.0	1	0	withinCap
Nogales oral history	21	yes	3400	400.0	400.0	largest	3400	400.0	400.0	same	agree	400.0	1	0	withinCap
Nogales oral history	22	yes	3400	400.0	400.0	largest	3400	400.0	400.0	same	agree	400.0	1	0	withinCap
Nogales oral history	23	yes	3400	400.0	400.0	largest	3400	400.0	400.0	same	agree	400.0	1	0	withinCap
Nogales oral history	24	yes	3400	400.0	400.0	largest	3400	400.0	400.0	same	agree	400.0	1	0	withinCap
Nogales oral history	25	yes	3400	400.0	400.0	largest	3400	400.0	400.0	same	agree	400.0	1	0	withinCap
Nogales oral history	26	yes	3400	400.0	400.0	largest	3400	400.0	400.0	same	agree	400.0	1	0	withinCap
Nogales oral history	27	yes	3400	400.0	400.0	largest	3400	400.0	400.0	same	agree	400.0	1	0	withinCap
Nogales oral history	28	yes	3400	400.0	400.0	largest	3400	400.0	400.0	same	agree	400.0	1	0	withinCap
Nogales oral history	29	yes	3400	400.0	400.0	largest	3400	400.0	400.0	same	agree	400.0	1	0	withinCap
Nogales oral history	30	yes	3400	400.0	400.0	largest	3400	400.0	400.0	same	agree	400.0	1	0	withinCap
Nogales oral history	31	yes	3400	400.0	400.0	largest	3400	400.0	400.0	same	agree	400.0	1	0	withinCap
Nogales oral history	32	yes	3400	400.0	400.0	largest	3400	400.0	400.0	same	agree	400.0	1	0	withinCap
Nogales oral history	33	yes	3400	400.0	400.0	largest	3400	400.0	400.0	same	agree	400.0	1	0	withinCap
Nogales oral history	34	yes	3400	400.0	400.0	largest	3400	400.0	400.0	same	agree	400.0	1	0	withinCap
Nogales oral history	35	yes	3400	400.0	400.0	largest	3400	400.0	400.0	same	agree	400.0	1	0	withinCap
Nogales oral history	36	yes	3400	400.0	400.0	largest	3400	400.0	400.0	same	agree	400.0	1	0	withinCap
Nogales oral history	37	yes	3400	400.0	400.0	largest	3400	400.0	400.0	same	agree	400.0	1	0	withinCap
Nogales oral history	38	yes	3400	400.0	400.0	largest	3400	400.0	400.0	same	agree	400.0	1	0	withinCap
Nogales oral history	39	yes	3400	400.0	400.0	largest	3400	400.0	400.0	same	agree	400.0	1	0	withinCap
Nogales oral history	40	yes	3400	400.0	400.0	largest	3400	400.0	400.0	same	agree	400.0	1	0	withinCap
Nogales oral history	41	yes	3400	400.0	400.0	largest	3400	400.0	400.0	same	agree	400.0	1	0	withinCap
Nogales oral history	42	yes	3400	400.0	400.0	largest	3400	400.0	400.0	same	agree	400.0	1	0	withinCap
Nogales oral history	43	yes	3400	400.0	400.0	largest	3400	400.0	400.0	same	agree	400.0	1	0	withinCap
Nogales oral history	44	yes	3400	400.0	400.0	largest	3400	400.0	400.0	same	agree	400.0	1	0	withinCap
Nogales oral history	45	yes	3400	400.0	400.0	largest	3400	400.0	400.0	same	agree	400.0	1	0	withinCap
Nogales oral history	46	yes	3400	400.0	400.0	largest	3400	400.0	400.0	same	agree	400.0	1	0	withinCap
Senate, Democratic Leadership	1	yes	1468	172.7	172.7	largest	1468	172.7	172.7	same	agree	172.7	1	0	withinCap
Senate, Democratic Leadership	2	yes	1468	172.7	172.7	largest	1468	172.7	172.7	same	agree	172.7	1	0	withinCap
Senate, Democratic Leadership	3	yes	1468	172.7	172.7	largest	1468	172.7	172.7	same	agree	172.7	1	0	withinCap
Senate, Democratic Leadership	4	yes	1468	172.7	172.7	largest	1468	172.7	172.7	same	agree	172.7	1	0	withinCap
Senate, Democratic Leadership	5	yes	1468	172.7	172.7	largest	1468	172.7	172.7	same	agree	172.7	1	0	withinCap
Senate, Democratic Leadership	6	yes	1468	172.7	172.7	largest	1468	172.7	172.7	same	agree	172.7	1	0	withinCap
Senate, Democratic Leadership	7	yes	1468	172.7	172.7	largest	1468	172.7	172.7	same	agree	172.7	1	0	withinCap
Senate, Democratic Leadership	8	yes	1468	172.7	172.7	largest	1468	172.7	172.7	same	agree	172.7	1	0	withinCap
Senate, Democratic Leadership	9	yes	1468	172.7	172.7	largest	1468	172.7	172.7	same	agree	172.7	1	0	withinCap
Senate, Democratic Leadership	10	yes	1468	172.7	172.7	largest	1468	172.7	172.7	same	agree	172.7	1	0	withinCap
Senate, Democratic Leadership	11	yes	1468	172.7	172.7	largest	1468	172.7	172.7	same	agree	172.7	1	0	withinCap
Senate, Democratic Leadership	12	yes	1468	172.7	172.7	largest	1468	172.7	172.7	same	agree	172.7	1	0	withinCap
Senate, Democratic Leadership	13	yes	1468	172.7	172.7	largest	1468	172.7	172.7	same	agree	172.7	1	0	withinCap
Senate, Democratic Leadership	14	yes	1468	172.7	172.7	largest	1468	172.7	172.7	same	agree	172.7	1	0	withinCap
Senate, Democratic Leadership	15	yes	1468	172.7	172.7	largest	1468	172.7	172.7	same	agree	172.7	1	0	withinCap
Senate, Democratic Leadership	16	yes	1468	172.7	172.7	largest	1468	172.7	172.7	same	agree	172.7	1	0	withinCap
Senate, Democratic Leadership	17	yes	1468	172.7	172.7	largest	1468	172.7	172.7	same	agree	172.7	1	0	withinCap
Senate, Democratic Leadership	18	yes	1468	172.7	172.7	largest	1468	172.7	172.7	same	agree	172.7	1	0	withinCap
Senate, Democratic Leadership	19	yes	1468	172.7	172.7	largest	1468	172.7	172.7	same	agree	172.7	1	0	withinCap
Senate, Democratic Leadership	20	yes	1468	172.7	172.7	largest	1468	172.7	172.7	same	agree	172.7	1	0	withinCap
Senate, Democratic Leadership	21	yes	1468	172.7	172.7	largest	1468	172.7	172.7	same	agree	172.7	1	0	withinCap
Senate, Democratic Leadership	22	yes	1468	172.7	172.7	largest	1468	172.7	172.7	same	agree	172.7	1	0	withinCap
Senate, Democratic Leadership	23	yes	1468	172.7	172.7	largest	1468	172.7	172.7	same	agree	172.7	1	0	withinCap
Senate, Democratic Leadership	24	yes	1468	172.7	172.7	largest	1468	172.7	172.7	same	agree	172.7	1	0	withinCap
Senate, Democratic Leadership	25	yes	1468	172.7	172.7	largest	1468	172.7	172.7	same	agree	172.7	1	0	withinCap
Senate, Democratic Leadership	26	yes	1468	172.7	172.7	largest	1468	172.7	172.7	same	agree	172.7	1	0	withinCap
Senate, Democratic Leadership	27	yes	1468	172.7	172.7	largest	1468	172.7	172.7	same	agree	172.7	1	0	withinCap
Stiglitz1975(onPasinetti1974)	2	yes	4300	600.0	600.0	largest	4300	600.0	600.0	same	agree	600.0	1	0	withinCap
Stiglitz1975(onPasinetti1974)	3	yes	4300	600.0	600.0	largest	4300	600.0	600.0	same	agree	600.0	1	0	withinCap
Surani et al. - AI for Scaling Legal Reform Mapping and Redacting Racial Covenants in Santa Clara County	3	yes	2048	240.9	240.9	largest	2048	240.9	240.9	same	agree	240.9	1	0	withinCap
Surani et al. - AI for Scaling Legal Reform Mapping and Redacting Racial Covenants in Santa Clara County	10	yes	2048	240.9	240.9	largest	2048	240.9	240.9	same	agree	240.9	1	0	withinCap
Surani et al. - AI for Scaling Legal Reform Mapping and Redacting Racial Covenants in Santa Clara County	13	yes	2048	240.9	240.9	largest	2048	240.9	240.9	same	agree	240.9	1	0	withinCap
Surani et al. - AI for Scaling Legal Reform Mapping and Redacting Racial Covenants in Santa Clara County	15	yes	1310	154.1	154.1	largest	1310	154.1	154.1	same	agree	154.1	1	0	withinCap
Surani et al. - AI for Scaling Legal Reform Mapping and Redacting Racial Covenants in Santa Clara County	16	yes	2048	240.9	240.9	largest	2048	240.9	240.9	same	agree	240.9	1	0	withinCap
Surani et al. - AI for Scaling Legal Reform Mapping and Redacting Racial Covenants in Santa Clara County	20	yes	-	-	300.0	none	-	-	300.0	same	noDictImage	300.0	1	0	withinCap
Surani et al. - AI for Scaling Legal Reform Mapping and Redacting Racial Covenants in Santa Clara County	22	yes	-	-	300.0	none	-	-	300.0	same	noDictImage	300.0	1	0	withinCap
Surani et al. - AI for Scaling Legal Reform Mapping and Redacting Racial Covenants in Santa Clara County	31	yes	2048	240.9	240.9	largest	2048	240.9	240.9	same	agree	240.9	1	0	withinCap
Surani et al. - AI for Scaling Legal Reform Mapping and Redacting Racial Covenants in Santa Clara County	32	yes	3490	410.6	410.6	largest	3490	410.6	410.6	same	agree	410.6	1	0	withinCap
Surani et al. - AI for Scaling Legal Reform Mapping and Redacting Racial Covenants in Santa Clara County	35	yes	-	-	300.0	none	-	-	300.0	same	noDictImage	300.0	1	0	withinCap
Surani et al. - AI for Scaling Legal Reform Mapping and Redacting Racial Covenants in Santa Clara County	36	yes	2048	240.9	240.9	largest	2048	240.9	240.9	same	agree	240.9	1	0	withinCap
Surani et al. - AI for Scaling Legal Reform Mapping and Redacting Racial Covenants in Santa Clara County	37	yes	-	-	300.0	none	-	-	300.0	same	noDictImage	300.0	1	0	withinCap
Astin__The Challenge of Open Admissions by Alexander W_UNZ.org	1	yes	2572	302.6	302.6	unreadable	-	-	302.6	same	unreadable	302.6	1	0	partial
Astin__The Challenge of Open Admissions by Alexander W_UNZ.org	2	yes	2572	302.6	302.6	unreadable	-	-	302.6	same	unreadable	302.6	1	0	partial
Astin__The Challenge of Open Admissions by Alexander W_UNZ.org	3	yes	2572	302.6	302.6	unreadable	-	-	302.6	same	unreadable	302.6	1	0	partial
AI 2027	1	yes	2929	354.3	354.3	largest	245	29.6	300.0	moves	smaller	300.0	1	0	withinCap
_1958_Small Business Investment Act_	1	yes	2112	400.0	400.0	largest	2112	400.0	400.0	same	agree	400.0	1	0	withinCap
_1958_Small Business Investment Act_	2	yes	2272	400.0	400.0	largest	2272	400.0	400.0	same	agree	400.0	1	0	withinCap
_1958_Small Business Investment Act_	3	yes	2176	400.0	400.0	largest	2176	400.0	400.0	same	agree	400.0	1	0	withinCap
_1958_Small Business Investment Act_	4	yes	2272	400.0	400.0	largest	2272	400.0	400.0	same	agree	400.0	1	0	withinCap
_1958_Small Business Investment Act_	5	yes	2176	400.0	400.0	largest	2176	400.0	400.0	same	agree	400.0	1	0	withinCap
_1958_Small Business Investment Act_	6	yes	2240	400.0	400.0	largest	2240	400.0	400.0	same	agree	400.0	1	0	withinCap
_1958_Small Business Investment Act_	7	yes	2240	400.0	400.0	largest	2240	400.0	400.0	same	agree	400.0	1	0	withinCap
_1958_Small Business Investment Act_	8	yes	2272	400.0	400.0	largest	2272	400.0	400.0	same	agree	400.0	1	0	withinCap
_1958_Small Business Investment Act_	9	yes	2144	400.0	400.0	largest	2144	400.0	400.0	same	agree	400.0	1	0	withinCap
_1958_Small Business Investment Act_	10	yes	2336	400.0	400.0	largest	2336	400.0	400.0	same	agree	400.0	1	0	withinCap
_1958_Small Business Investment Act_	11	yes	2144	400.0	400.0	largest	2144	400.0	400.0	same	agree	400.0	1	0	withinCap
_1958_Small Business Investment Act_	12	yes	2272	400.0	400.0	largest	2272	400.0	400.0	same	agree	400.0	1	0	withinCap
_1958_Small Business Investment Act_	13	yes	2208	400.0	400.0	largest	2208	400.0	400.0	same	agree	400.0	1	0	withinCap
_1958_Small Business Investment Act_	14	yes	2304	400.0	400.0	largest	2304	400.0	400.0	same	agree	400.0	1	0	withinCap
_1958_Small Business Investment Act_	15	yes	2144	400.0	400.0	largest	2144	400.0	400.0	same	agree	400.0	1	0	withinCap
_1958_Small Business Investment Act_	16	yes	2304	400.0	400.0	largest	2304	400.0	400.0	same	agree	400.0	1	0	withinCap
_1958_Small Business Investment Act_	17	yes	2176	400.0	400.0	largest	2176	400.0	400.0	same	agree	400.0	1	0	withinCap
_1958_Small Business Investment Act_	18	yes	2272	400.0	400.0	largest	2272	400.0	400.0	same	agree	400.0	1	0	withinCap
_1958_Small Business Investment Act_	19	yes	2176	400.0	400.0	largest	2176	400.0	400.0	same	agree	400.0	1	0	withinCap
_1958_Small Business Investment Act_	20	yes	2304	400.0	400.0	largest	2304	400.0	400.0	same	agree	400.0	1	0	withinCap
_1958_Small Business Investment Act_	21	yes	2176	400.0	400.0	largest	2176	400.0	400.0	same	agree	400.0	1	0	withinCap
_1958_Small Business Investment Act_	22	yes	2304	400.0	400.0	largest	2304	400.0	400.0	same	agree	400.0	1	0	withinCap
_1958_Small Business Investment Act_	23	yes	2176	400.0	400.0	largest	2176	400.0	400.0	same	agree	400.0	1	0	withinCap
_1958_Small Business Investment Act_	24	yes	2272	400.0	400.0	largest	2272	400.0	400.0	same	agree	400.0	1	0	withinCap
_1958_Small Business Investment Act_	25	yes	2176	400.0	400.0	largest	2176	400.0	400.0	same	agree	400.0	1	0	withinCap
_1958_Small Business Investment Act_	26	yes	2272	400.0	400.0	largest	2272	400.0	400.0	same	agree	400.0	1	0	withinCap
_1958_Small Business Investment Act_	27	yes	2208	400.0	400.0	largest	2208	400.0	400.0	same	agree	400.0	1	0	withinCap
_1958_Small Business Investment Act_	28	yes	2272	400.0	400.0	largest	2272	400.0	400.0	same	agree	400.0	1	0	withinCap
Doermann_1967_The market for college education in the United States	1	yes	2472	300.1	300.1	largest	2472	300.1	300.1	same	agree	300.1	1	0	withinCap
Doermann_1967_The market for college education in the United States	2	yes	2667	300.0	300.0	largest	2667	300.0	300.0	same	agree	300.0	1	0	withinCap
Doermann_1967_The market for college education in the United States	3	yes	2658	300.0	300.0	largest	2658	300.0	300.0	same	agree	300.0	1	0	withinCap
Doermann_1967_The market for college education in the United States	4	yes	2649	299.9	299.9	largest	2649	299.9	299.9	same	agree	299.9	1	0	withinCap
Doermann_1967_The market for college education in the United States	5	yes	2658	300.0	300.0	largest	2658	300.0	300.0	same	agree	300.0	1	0	withinCap
Doermann_1967_The market for college education in the United States	6	yes	2655	300.1	300.1	largest	2655	300.1	300.1	same	agree	300.1	1	0	withinCap
Doermann_1967_The market for college education in the United States	7	yes	2667	300.0	300.0	largest	2667	300.0	300.0	same	agree	300.0	1	0	withinCap
Doermann_1967_The market for college education in the United States	8	yes	2658	300.4	300.4	largest	2658	300.4	300.4	same	agree	300.4	1	0	withinCap
Doermann_1967_The market for college education in the United States	9	yes	2655	300.1	300.1	largest	2655	300.1	300.1	same	agree	300.1	1	0	withinCap
Doermann_1967_The market for college education in the United States	10	yes	2652	300.2	300.2	largest	2652	300.2	300.2	same	agree	300.2	1	0	withinCap
Doermann_1967_The market for college education in the United States	11	yes	2655	300.1	300.1	largest	2655	300.1	300.1	same	agree	300.1	1	0	withinCap
Doermann_1967_The market for college education in the United States	12	yes	2661	299.8	299.8	largest	2661	299.8	299.8	same	agree	299.8	1	0	withinCap
Doermann_1967_The market for college education in the United States	13	yes	2655	300.1	300.1	largest	2655	300.1	300.1	same	agree	300.1	1	0	withinCap
Doermann_1967_The market for college education in the United States	14	yes	2664	300.2	300.2	largest	2664	300.2	300.2	same	agree	300.2	1	0	withinCap
Doermann_1967_The market for college education in the United States	15	yes	2658	300.0	300.0	largest	2658	300.0	300.0	same	agree	300.0	1	0	withinCap
Doermann_1967_The market for college education in the United States	16	yes	2661	300.3	300.3	largest	2661	300.3	300.3	same	agree	300.3	1	0	withinCap
Doermann_1967_The market for college education in the United States	17	yes	2664	300.2	300.2	largest	2664	300.2	300.2	same	agree	300.2	1	0	withinCap
Doermann_1967_The market for college education in the United States	18	yes	2652	300.2	300.2	largest	2652	300.2	300.2	same	agree	300.2	1	0	withinCap
Doermann_1967_The market for college education in the United States	19	yes	2649	299.9	299.9	largest	2649	299.9	299.9	same	agree	299.9	1	0	withinCap
Doermann_1967_The market for college education in the United States	20	yes	2658	300.4	300.4	largest	2658	300.4	300.4	same	agree	300.4	1	0	withinCap
Doermann_1967_The market for college education in the United States	21	yes	2658	300.4	300.4	largest	2658	300.4	300.4	same	agree	300.4	1	0	withinCap
Doermann_1967_The market for college education in the United States	22	yes	2658	300.0	300.0	largest	2658	300.0	300.0	same	agree	300.0	1	0	withinCap
Doermann_1967_The market for college education in the United States	23	yes	2655	300.1	300.1	largest	2655	300.1	300.1	same	agree	300.1	1	0	withinCap
Doermann_1967_The market for college education in the United States	24	yes	2655	300.1	300.1	largest	2655	300.1	300.1	same	agree	300.1	1	0	withinCap
Doermann_1967_The market for college education in the United States	25	yes	2661	300.3	300.3	largest	2661	300.3	300.3	same	agree	300.3	1	0	withinCap
Doermann_1967_The market for college education in the United States	26	yes	2655	300.1	300.1	largest	2655	300.1	300.1	same	agree	300.1	1	0	withinCap
Doermann_1967_The market for college education in the United States	27	yes	2658	300.0	300.0	largest	2658	300.0	300.0	same	agree	300.0	1	0	withinCap
