file	page	qualifying_gutters	widest_interior_quiet_frac
1954 - Why.pdf	2	0	0.0
1954 - Why.pdf	5	2	0.0515
1954 - Why.pdf	7	1	0.0448
Berle_1940_New directions in the new world,_Harper.pdf	7	0	0.0
Berle_1940_New directions in the new world,_Harper.pdf	15	0	0.0
Berle_1940_New directions in the new world,_Harper.pdf	23	0	0.0324
Boltanski_2006_On justification_Princeton University Press.pdf	50	0	0.0
Boltanski_2006_On justification_Princeton University Press.pdf	101	0	0.0
Boltanski_2006_On justification_Princeton University Press.pdf	152	0	0.0
Casey_1954_1954 pay almanac,.pdf	2	0	0.0
Casey_1954_1954 pay almanac,.pdf	5	0	0.0
Casey_1954_1954 pay almanac,.pdf	7	0	0.0
Cohen_1990_Making a New Deal_Cambridge University Press.pdf	2	0	0.0
Cohen_1990_Making a New Deal_Cambridge University Press.pdf	4	0	0.0
Cohen_1990_Making a New Deal_Cambridge University Press.pdf	6	0	0.0
Countryman - 2006 - Up south  civil rights and Black power in Philadelphia.pdf	109	0	0.0
Countryman - 2006 - Up south  civil rights and Black power in Philadelphia.pdf	218	0	0.0
Countryman - 2006 - Up south  civil rights and Black power in Philadelphia.pdf	327	0	0.0
Eurich_Academy for Educational Development._1968_Campus 1980; the shape of the future in American higher education_Delacorte Press.pdf	7	0	0.0
Eurich_Academy for Educational Development._1968_Campus 1980; the shape of the future in American higher education_Delacorte Press.pdf	15	0	0.0
Eurich_Academy for Educational Development._1968_Campus 1980; the shape of the future in American higher education_Delacorte Press.pdf	22	1	0.0404
Friedman_1962_Capitalism and freedom_University of Chicago Press.pdf	56	0	0.0
Friedman_1962_Capitalism and freedom_University of Chicago Press.pdf	113	0	0.0
Friedman_1962_Capitalism and freedom_University of Chicago Press.pdf	169	0	0.0
Gowan and Demos - 1964 - The education and guidance of the ablest.pdf	1	0	0.0113
Gowan and Demos - 1964 - The education and guidance of the ablest.pdf	3	0	0.0016
Gowan and Demos - 1964 - The education and guidance of the ablest.pdf	4	0	0.0065
Guilford_Psychometric Methods.pdf	1	0	0.0
Guilford_Psychometric Methods.pdf	3	0	0.0
Guilford_Psychometric Methods.pdf	4	0	0.0
Hayek_1978_The constitution of liberty_University of Chicago Press.pdf	143	0	0.0
Hayek_1978_The constitution of liberty_University of Chicago Press.pdf	287	0	0.0
Hayek_1978_The constitution of liberty_University of Chicago Press.pdf	430	0	0.0
Himanen_2001_The hacker ethic and the spirit of the information age_Random House.pdf	63	0	0.0
Himanen_2001_The hacker ethic and the spirit of the information age_Random House.pdf	127	0	0.0
Himanen_2001_The hacker ethic and the spirit of the information age_Random House.pdf	191	0	0.0
Ibson_2006_Picturing men.pdf	65	0	0.0276
Ibson_2006_Picturing men.pdf	131	0	0.0
Ibson_2006_Picturing men.pdf	197	0	0.0171
JAH Review.pdf	1	0	0.0
JAH Review.pdf	2	0	0.0
JAH Review.pdf	3	0	0.0
Keyssar_2000_The Right to Vote_Basic Books.pdf	1	0	0.0
Keyssar_2000_The Right to Vote_Basic Books.pdf	2	0	0.0038
Keyssar_2000_The Right to Vote_Basic Books.pdf	3	0	0.0019
LaVaque-Manty_2009_The Playing Fields of Eton_University of Michigan Press.pdf	20	0	0.0111
LaVaque-Manty_2009_The Playing Fields of Eton_University of Michigan Press.pdf	40	0	0.0122
LaVaque-Manty_2009_The Playing Fields of Eton_University of Michigan Press.pdf	60	0	0.0189
Mintzberg - 1973 - The nature of managerial work.pdf	29	2	0.0505
Mintzberg - 1973 - The nature of managerial work.pdf	59	2	0.0772
Mintzberg - 1973 - The nature of managerial work.pdf	89	2	0.0454
Mitchell_1958_Stanford University, 1916-1941_Stanford Unoversity Press.pdf	3	0	0.0
Mitchell_1958_Stanford University, 1916-1941_Stanford Unoversity Press.pdf	6	1	0.0527
Mitchell_1958_Stanford University, 1916-1941_Stanford Unoversity Press.pdf	9	1	0.0532
Morgan_1975_American Slavery, American Freedom_Norton.pdf	1	0	0.0
Morgan_1975_American Slavery, American Freedom_Norton.pdf	2	0	0.001
Morgan_1975_American Slavery, American Freedom_Norton.pdf	3	0	0.002
Mudge_2018_Leftism Reinvented_Harvard University Press.pdf	93	0	0.0
Mudge_2018_Leftism Reinvented_Harvard University Press.pdf	186	0	0.0
Mudge_2018_Leftism Reinvented_Harvard University Press.pdf	279	1	0.1411
Nedelsky_1990_Private property and the limits of American constitutionalism_University of Chicago Press.pdf	1	1	0.0448
Nedelsky_1990_Private property and the limits of American constitutionalism_University of Chicago Press.pdf	3	1	0.0515
Nedelsky_1990_Private property and the limits of American constitutionalism_University of Chicago Press.pdf	5	1	0.0503
New York Stock Exchange_1956_Stock ownership plans for employees.pdf	36	0	0.0199
New York Stock Exchange_1956_Stock ownership plans for employees.pdf	73	1	0.0792
New York Stock Exchange_1956_Stock ownership plans for employees.pdf	109	1	0.0391
Noble_1977_America by design.pdf	103	0	0.0
Noble_1977_America by design.pdf	207	0	0.0
Noble_1977_America by design.pdf	310	0	0.0
Riesman - 1954 - Individualism reconsidered, and other essays.pdf	6	0	0.0
Riesman - 1954 - Individualism reconsidered, and other essays.pdf	12	0	0.0
Riesman - 1954 - Individualism reconsidered, and other essays.pdf	18	0	0.0
Schumpeter_1955_Imperialism ; Social classes_World.pdf	47	0	0.0
Schumpeter_1955_Imperialism ; Social classes_World.pdf	95	0	0.0
Schumpeter_1955_Imperialism ; Social classes_World.pdf	143	0	0.0
Shows and Burton - 1972 - Microeconomics.pdf	4	0	0.0
Shows and Burton - 1972 - Microeconomics.pdf	9	0	0.0
Shows and Burton - 1972 - Microeconomics.pdf	13	0	0.0
UN-OCred.pdf	10	0	0.003
UN-OCred.pdf	20	0	0.0007
UN-OCred.pdf	30	0	0.0044
Westad_2005_The Global Cold War_Cambridge University Press.pdf	1	0	0.0
Westad_2005_The Global Cold War_Cambridge University Press.pdf	2	0	0.001
Westad_2005_The Global Cold War_Cambridge University Press.pdf	3	0	0.0021
_2010_New Materialisms_Duke University Press.pdf	5	0	0.0
_2010_New Materialisms_Duke University Press.pdf	11	0	0.0
_2010_New Materialisms_Duke University Press.pdf	16	0	0.0
Allen_2011_The Origins of Political Philosophy_Oxford University Press.pdf	7	0	0.0
Allen_2011_The Origins of Political Philosophy_Oxford University Press.pdf	14	0	0.0
Allen_2011_The Origins of Political Philosophy_Oxford University Press.pdf	21	0	0.0
Berger_2013_Toward a Third Industrial Divide_.pdf	6	1	0.0617
Berger_2013_Toward a Third Industrial Divide_.pdf	12	2	0.0639
Berger_2013_Toward a Third Industrial Divide_.pdf	18	1	0.0773
Broadhead - 1994 - Regionalism and the Upper Class.pdf	3	0	0.0
Broadhead - 1994 - Regionalism and the Upper Class.pdf	6	0	0.0
Broadhead - 1994 - Regionalism and the Upper Class.pdf	9	0	0.0
Canby_1915_Current Literature and the Colleges_Harper & Brothers.pdf	6	0	0.0
Canby_1915_Current Literature and the Colleges_Harper & Brothers.pdf	12	0	0.0137
Canby_1915_Current Literature and the Colleges_Harper & Brothers.pdf	18	0	0.0
Canby_1929_Comment on Several Subjects.pdf	1	2	0.1422
Canby_1929_Comment on Several Subjects.pdf	2	1	0.1127
Canby_1929_Comment on Several Subjects.pdf	3	0	0.0321
Falasca-Zamponi_2004_The »Culture« of Personality.pdf	7	0	0.0
Falasca-Zamponi_2004_The »Culture« of Personality.pdf	14	0	0.0
Falasca-Zamponi_2004_The »Culture« of Personality.pdf	21	0	0.0
Findlay_1992_Stanford Industrial Park_University of California Press.pdf	15	0	0.0
Findlay_1992_Stanford Industrial Park_University of California Press.pdf	31	0	0.0
Findlay_1992_Stanford Industrial Park_University of California Press.pdf	46	0	0.0
Geiger et al_2018_American higher education in the postwar era, 1945-1970.pdf	6	0	0.0
Geiger et al_2018_American higher education in the postwar era, 1945-1970.pdf	13	0	0.0
Geiger et al_2018_American higher education in the postwar era, 1945-1970.pdf	19	0	0.0
Gilroy - 2000 - Getting In.pdf	5	0	0.0
Gilroy - 2000 - Getting In.pdf	11	0	0.0
Gilroy - 2000 - Getting In.pdf	16	0	0.0
Gregory-Huddleston_1994_Culture conflict with growth_University Press of America.pdf	1	0	0.0
Gregory-Huddleston_1994_Culture conflict with growth_University Press of America.pdf	3	2	0.0604
Gregory-Huddleston_1994_Culture conflict with growth_University Press of America.pdf	4	2	0.0698
Hobsbawm and Ranger - 1992 - The Invention of tradition.pdf	81	0	0.0
Hobsbawm and Ranger - 1992 - The Invention of tradition.pdf	162	0	0.0
Hobsbawm and Ranger - 1992 - The Invention of tradition.pdf	243	0	0.0
Hyman_2012_Rethinking the Postwar Corporation_Oxford University Press.pdf	3	1	0.0436
Hyman_2012_Rethinking the Postwar Corporation_Oxford University Press.pdf	7	0	0.0251
Hyman_2012_Rethinking the Postwar Corporation_Oxford University Press.pdf	11	0	0.0257
Kazin_1955_The Writer and the .pdf	4	0	0.025
Kazin_1955_The Writer and the .pdf	8	0	0.0039
Kazin_1955_The Writer and the .pdf	12	0	0.0031
Krippner__The political economy of financial exuberance_Emerald Group Publishing Limited.pdf	10	0	0.0
Krippner__The political economy of financial exuberance_Emerald Group Publishing Limited.pdf	20	0	0.0
Krippner__The political economy of financial exuberance_Emerald Group Publishing Limited.pdf	30	0	0.0
Kristol_1962_SOCIAL SCIENCES AND LAW_.pdf	7	0	0.0216
Kristol_1962_SOCIAL SCIENCES AND LAW_.pdf	14	0	0.0162
Kristol_1962_SOCIAL SCIENCES AND LAW_.pdf	21	0	0.0211
Lloyd-Jones_Smith_1938_Selection and Admissions.pdf	5	0	0.0
Lloyd-Jones_Smith_1938_Selection and Admissions.pdf	11	0	0.0
Lloyd-Jones_Smith_1938_Selection and Admissions.pdf	17	0	0.0
Maclean_2008_Southern Dominance in Borrowed Language_School for Advanced Research Press.pdf	2	0	0.0176
Maclean_2008_Southern Dominance in Borrowed Language_School for Advanced Research Press.pdf	5	0	0.0212
Maclean_2008_Southern Dominance in Borrowed Language_School for Advanced Research Press.pdf	7	0	0.0279
Merriam, H. G_1948_Does the Northwest Believe in Itself_Macmillan Co.pdf	5	0	0.0
Merriam, H. G_1948_Does the Northwest Believe in Itself_Macmillan Co.pdf	11	0	0.0024
Merriam, H. G_1948_Does the Northwest Believe in Itself_Macmillan Co.pdf	17	0	0.0
Miller_1952_The Business Elite in Business Bureaucracies_Harvard University Press.pdf	7	0	0.0
Miller_1952_The Business Elite in Business Bureaucracies_Harvard University Press.pdf	15	0	0.0
Miller_1952_The Business Elite in Business Bureaucracies_Harvard University Press.pdf	23	0	0.0
Moyn_2014_Imaginary Intellectual History_Oxford University Press, 2014 (2015-03-31 16-01-49).pdf	6	0	0.0
Moyn_2014_Imaginary Intellectual History_Oxford University Press, 2014 (2015-03-31 16-01-49).pdf	12	0	0.0
Moyn_2014_Imaginary Intellectual History_Oxford University Press, 2014 (2015-03-31 16-01-49).pdf	18	0	0.0
National Association for the Advancement of Colored People - 1993 - Papers of the NAACP. Pt. 15 Ser. A Segration and discrimination, complaints and responses, 1940 - 1.pdf	16	0	0.0
National Association for the Advancement of Colored People - 1993 - Papers of the NAACP. Pt. 15 Ser. A Segration and discrimination, complaints and responses, 1940 - 1.pdf	32	0	0.0
National Association for the Advancement of Colored People - 1993 - Papers of the NAACP. Pt. 15 Ser. A Segration and discrimination, complaints and responses, 1940 - 1.pdf	48	0	0.0128
O'Brien_1955_The Area of Admissions in Higher Education_.pdf	9	0	0.0
O'Brien_1955_The Area of Admissions in Higher Education_.pdf	18	0	0.0
O'Brien_1955_The Area of Admissions in Higher Education_.pdf	27	0	0.0
Phillips-Fein_Zelizer_2012_What's good for business _Oxford University Press.pdf	3	1	0.0667
Phillips-Fein_Zelizer_2012_What's good for business _Oxford University Press.pdf	7	0	0.0329
Phillips-Fein_Zelizer_2012_What's good for business _Oxford University Press.pdf	11	1	0.0392
Riesman_1992_My Education in Soc 2 and My Efforts to Adapt It in the Harvard Setting_.pdf	10	0	0.0
Riesman_1992_My Education in Soc 2 and My Efforts to Adapt It in the Harvard Setting_.pdf	20	0	0.0
Riesman_1992_My Education in Soc 2 and My Efforts to Adapt It in the Harvard Setting_.pdf	30	0	0.0066
Schaar, handwritten notes.pdf	2	0	0.0
Schaar, handwritten notes.pdf	5	0	0.0
Schaar, handwritten notes.pdf	8	0	0.0
Strickland and Ambrose - 1985 - The Baby Boom, Prosperity, and the Changing Worlds.pdf	14	0	0.0
Strickland and Ambrose - 1985 - The Baby Boom, Prosperity, and the Changing Worlds.pdf	28	0	0.0
Strickland and Ambrose - 1985 - The Baby Boom, Prosperity, and the Changing Worlds.pdf	42	0	0.0
_1945_Postwar Economic Policy and Planning_.pdf	37	0	0.0
_1945_Postwar Economic Policy and Planning_.pdf	75	0	0.0
_1945_Postwar Economic Policy and Planning_.pdf	112	0	0.0
full chapter.pdf	8	1	0.1184
full chapter.pdf	16	0	0.0039
full chapter.pdf	24	1	0.0706
(F) Dickens.pdf	2	0	0.0
(F) Dickens.pdf	4	0	0.0
(F) Dickens.pdf	6	0	0.0
1881 - Harry Wilcox.pdf	2	0	0.0
1881 - Harry Wilcox.pdf	4	0	0.0
1881 - Harry Wilcox.pdf	6	0	0.0
1976 - Regis McKenna Papers - Early Career, 1965-1981.pdf	2	0	0.0
1976 - Regis McKenna Papers - Early Career, 1965-1981.pdf	4	0	0.0
1976 - Regis McKenna Papers - Early Career, 1965-1981.pdf	6	0	0.0
2008_Hoagland oral history.pdf	3	0	0.0
2008_Hoagland oral history.pdf	7	0	0.0
2008_Hoagland oral history.pdf	11	0	0.0
2008_McIntyre oral history.pdf	4	0	0.0016
2008_McIntyre oral history.pdf	9	0	0.0
2008_McIntyre oral history.pdf	13	0	0.0
2013 - Silicon Valley Program Transcript.pdf	9	0	0.0
2013 - Silicon Valley Program Transcript.pdf	19	0	0.0
2013 - Silicon Valley Program Transcript.pdf	28	0	0.0
2015_Gibbs oral history.pdf	17	0	0.0157
2015_Gibbs oral history.pdf	35	0	0.0157
2015_Gibbs oral history.pdf	53	0	0.0
2017_Bunnell oral history, athletics.pdf	17	0	0.0008
2017_Bunnell oral history, athletics.pdf	34	0	0.0149
2017_Bunnell oral history, athletics.pdf	51	0	0.0149
2024 - Class Action lawsuit re need blind admissions.pdf	18	0	0.0
2024 - Class Action lawsuit re need blind admissions.pdf	37	0	0.0
2024 - Class Action lawsuit re need blind admissions.pdf	56	0	0.0
Atkinson_1939_Atkinson on firings_.pdf	1	0	0.0017
Atkinson_1939_Atkinson on firings_.pdf	2	0	0.0
Atkinson_1939_Atkinson on firings_.pdf	3	0	0.0
Ford_1941_Speech_.pdf	1	0	0.0126
Ford_1941_Speech_.pdf	3	0	0.0
Ford_1941_Speech_.pdf	4	0	0.0027
Freud_Fetishism.pdf	1	1	0.0629
Freud_Fetishism.pdf	3	0	0.0268
Freud_Fetishism.pdf	5	0	0.0328
Galison_1998_Trading Zone_.pdf	3	0	0.0
Galison_1998_Trading Zone_.pdf	7	0	0.0
Galison_1998_Trading Zone_.pdf	10	0	0.0
Geiger oral history.pdf	24	0	0.0149
Geiger oral history.pdf	49	0	0.0
Geiger oral history.pdf	74	0	0.0149
Henry Morgenthau papers.pdf	50	3	0.0478
Henry Morgenthau papers.pdf	100	3	0.1122
Henry Morgenthau papers.pdf	150	2	0.0667
Herbert Marks papers.pdf	3	0	0.0125
Herbert Marks papers.pdf	7	0	0.0157
Herbert Marks papers.pdf	11	0	0.0047
Intellectual History Newsletter -- Forum on Menand.pdf	11	0	0.0
Intellectual History Newsletter -- Forum on Menand.pdf	22	0	0.0
Intellectual History Newsletter -- Forum on Menand.pdf	33	0	0.0
Lyons oral history.pdf	28	0	0.0157
Lyons oral history.pdf	57	0	0.0157
Lyons oral history.pdf	85	0	0.0157
Nogales oral history.pdf	11	0	0.0
Nogales oral history.pdf	23	0	0.0078
Nogales oral history.pdf	34	0	0.0071
October_2,_1960_(Page_24_of_25.pdf	1	0	0.0066
RIESMAN_1942_American Law Institute Proceedings_.pdf	2	0	0.0193
RIESMAN_1942_American Law Institute Proceedings_.pdf	5	1	0.0351
RIESMAN_1942_American Law Institute Proceedings_.pdf	7	0	0.0
Riesman_1964_From inner-directed to other- directed_.pdf	4	0	0.0149
Riesman_1964_From inner-directed to other- directed_.pdf	9	0	0.0
Riesman_1964_From inner-directed to other- directed_.pdf	13	0	0.0
Riesman_1964_The New Education_.pdf	3	0	0.0
Riesman_1964_The New Education_.pdf	6	0	0.0
Riesman_1964_The New Education_.pdf	9	0	0.0
Riesman_1973_THEMES OF WORK AND PLAY IN THE STRUCTURE OF FREUD S THOUGHT_.pdf	7	0	0.0
Riesman_1973_THEMES OF WORK AND PLAY IN THE STRUCTURE OF FREUD S THOUGHT_.pdf	15	0	0.0
Riesman_1973_THEMES OF WORK AND PLAY IN THE STRUCTURE OF FREUD S THOUGHT_.pdf	22	0	0.0
Senate, Democratic Leadership.pdf	6	0	0.0
Senate, Democratic Leadership.pdf	13	0	0.0
Senate, Democratic Leadership.pdf	20	0	0.0039
Stanford_1891_Jane Stanford opening day speech (undelivered).pdf	1	0	0.0
Stanford_1891_Jane Stanford opening day speech (undelivered).pdf	2	0	0.0
Stanford_1891_Jane Stanford opening day speech (undelivered).pdf	3	0	0.001
Stiglitz1975(onPasinetti1974).pdf	1	0	0.0
Stiglitz1975(onPasinetti1974).pdf	2	0	0.0093
Stiglitz1975(onPasinetti1974).pdf	3	0	0.0028
_1939_Former students to Board re Merriam_.pdf	4	0	0.0002
_1939_Former students to Board re Merriam_.pdf	9	0	0.0057
_1939_Former students to Board re Merriam_.pdf	13	0	0.0
_1953_99 Cong_ 2.pdf	7	0	0.005
_1953_99 Cong_ 2.pdf	15	0	0.0036
_1953_99 Cong_ 2.pdf	23	0	0.0021
_1953_99 Cong_.pdf	8	0	0.0014
_1953_99 Cong_.pdf	16	0	0.0014
_1953_99 Cong_.pdf	24	0	0.0014
_1953_Conspicuous Production_.pdf	1	0	0.0031
_1953_Conspicuous Production_.pdf	2	0	0.0
_1953_Conspicuous Production_.pdf	3	0	0.0
_1960_Organization and operation of the Small Business Administration_.pdf	18	0	0.0
_1960_Organization and operation of the Small Business Administration_.pdf	36	0	0.0
_1960_Organization and operation of the Small Business Administration_.pdf	54	0	0.0
_1973_Committee Against Racism_.pdf	1	0	0.0
_1973_Committee Against Racism_.pdf	2	0	0.0
_1973_Committee Against Racism_.pdf	3	0	0.0
_1979_Ideology of American Neo-Conservatism_.pdf	4	0	0.0
_1979_Ideology of American Neo-Conservatism_.pdf	8	0	0.0
_1979_Ideology of American Neo-Conservatism_.pdf	12	0	0.0
ppf_description.pdf	1	0	0.0129
ppf_description.pdf	2	0	0.0023
ppf_description.pdf	3	0	0.0
w5093.pdf	16	0	0.0
w5093.pdf	32	0	0.0
w5093.pdf	48	1	0.0382
1935_Title Page.pdf	1	0	0.0072
1935_Title Page.pdf	2	0	0.0024
1944_Options picking up.pdf	1	0	0.0
1944_Options picking up.pdf	2	0	0.0
1944_Options picking up.pdf	3	0	0.0024
Albanese_1997_Senate Will Examine Stock Option Bill.pdf	1	0	0.0
Albanese_1997_Senate Will Examine Stock Option Bill.pdf	2	0	0.0
Albanese_1997_Senate Will Examine Stock Option Bill.pdf	3	0	0.0024
Baker_2000_The Supply-Side Effect of a Stock Market Crash.pdf	3	0	0.0
Baker_2000_The Supply-Side Effect of a Stock Market Crash.pdf	6	0	0.0
Baker_2000_The Supply-Side Effect of a Stock Market Crash.pdf	9	0	0.0
Batzell - Free Labor, Capitalism and the Antislavery Origins of Chinese Labor Exclusion in 1870s California.pdf	13	0	0.0
Batzell - Free Labor, Capitalism and the Antislavery Origins of Chinese Labor Exclusion in 1870s California.pdf	27	0	0.0
Batzell - Free Labor, Capitalism and the Antislavery Origins of Chinese Labor Exclusion in 1870s California.pdf	40	0	0.0
Borges_The Lottery in Babylon.pdf	1	0	0.0024
Borges_The Lottery in Babylon.pdf	2	0	0.0
Borges_The Lottery in Babylon.pdf	3	0	0.0
Burke - The Expansion of American Higher Education.pdf	6	0	0.0
Burke - The Expansion of American Higher Education.pdf	12	0	0.0
Burke - The Expansion of American Higher Education.pdf	18	0	0.0
Collins_1971_Functional and Conflict Theories of Educational Stratification_American Sociological Review.pdf	4	0	0.0
Collins_1971_Functional and Conflict Theories of Educational Stratification_American Sociological Review.pdf	9	0	0.0021
Collins_1971_Functional and Conflict Theories of Educational Stratification_American Sociological Review.pdf	14	0	0.0021
Crystal_2000_Option grants leave CEOs with sinking feeling.pdf	1	0	0.0
Donahue - 2001 - Time to Get Serious About Talent Management.pdf	1	0	0.0241
Donahue - 2001 - Time to Get Serious About Talent Management.pdf	2	0	0.0215
Donahue - 2001 - Time to Get Serious About Talent Management.pdf	3	0	0.0008
Eyal-Cohen - Why Is Small Business the Chief Business of Congress.pdf	14	0	0.0
Eyal-Cohen - Why Is Small Business the Chief Business of Congress.pdf	29	0	0.0
Eyal-Cohen - Why Is Small Business the Chief Business of Congress.pdf	44	0	0.0
Fisch et al. - 2019 - The New Titans of Wall Street A Theoretical Framework for Passive Investors.pdf	14	0	0.0
Fisch et al. - 2019 - The New Titans of Wall Street A Theoretical Framework for Passive Investors.pdf	28	0	0.0
Fisch et al. - 2019 - The New Titans of Wall Street A Theoretical Framework for Passive Investors.pdf	42	0	0.0
Har - THE NECKLACE OF KALI..pdf	1	0	0.0089
Jones et al_2010_The Productivity Effects of Stock Option Schemes.pdf	3	0	0.0282
Jones et al_2010_The Productivity Effects of Stock Option Schemes.pdf	7	0	0.029
Jones et al_2010_The Productivity Effects of Stock Option Schemes.pdf	11	0	0.0
Kristol_1970_When virtue loses all her loveliness --some reflections on capitalism and_.pdf	3	0	0.0
Kristol_1970_When virtue loses all her loveliness --some reflections on capitalism and_.pdf	6	0	0.0
Kristol_1970_When virtue loses all her loveliness --some reflections on capitalism and_.pdf	9	0	0.0
Lemieux et al. - Performance Pay and Wage Inequality.pdf	12	0	0.0
Lemieux et al. - Performance Pay and Wage Inequality.pdf	25	0	0.0
Lemieux et al. - Performance Pay and Wage Inequality.pdf	37	0	0.0
Litt_1974_Liberty Above Equality The Counterreformation in Higher Education Policy_The American Behavioral Scientist (pre-1986); Thousand Oaks.pdf	6	0	0.0
Litt_1974_Liberty Above Equality The Counterreformation in Higher Education Policy_The American Behavioral Scientist (pre-1986); Thousand Oaks.pdf	12	0	0.0
Litt_1974_Liberty Above Equality The Counterreformation in Higher Education Policy_The American Behavioral Scientist (pre-1986); Thousand Oaks.pdf	18	0	0.0
Longenecker et al_1987_Behind The Mask_The Academy of Management Executive; Mississippi State.pdf	2	0	0.0
Longenecker et al_1987_Behind The Mask_The Academy of Management Executive; Mississippi State.pdf	5	0	0.0016
Longenecker et al_1987_Behind The Mask_The Academy of Management Executive; Mississippi State.pdf	8	0	0.0016
Lowell - The Government of Dependencies.pdf	3	0	0.0
Lowell - The Government of Dependencies.pdf	7	0	0.0
Lowell - The Government of Dependencies.pdf	10	0	0.0
McWilliams_1933_Provincialism_The Frontier and Midland.pdf	3	0	0.0196
McWilliams_1933_Provincialism_The Frontier and Midland.pdf	7	0	0.0008
McWilliams_1933_Provincialism_The Frontier and Midland.pdf	11	0	0.0141
Merriam_1920_Daughter of Pan_The Montanan (The Frontier).pdf	1	0	0.0
Price_1958_The Small Business Tax Revision of 1958.pdf	9	0	0.0
Price_1958_The Small Business Tax Revision of 1958.pdf	18	0	0.0
Price_1958_The Small Business Tax Revision of 1958.pdf	27	0	0.0
Riesman_1942_Democracy and Defamation_Columbia Law Review (2017-04-04 13-44-43).pdf	13	0	0.0
Riesman_1942_Democracy and Defamation_Columbia Law Review (2017-04-04 13-44-43).pdf	27	0	0.0
Riesman_1942_Democracy and Defamation_Columbia Law Review (2017-04-04 13-44-43).pdf	41	0	0.0
Riesman_1949_Men, Women, and Marriage_Nation.pdf	1	0	0.0093
Riesman_1949_Men, Women, and Marriage_Nation.pdf	2	0	0.0085
Riesman_1949_Men, Women, and Marriage_Nation.pdf	3	0	0.0023
Riesman_1958_Who Will and Who Should Pay for Higher Education_The School Review.pdf	3	0	0.0
Riesman_1958_Who Will and Who Should Pay for Higher Education_The School Review.pdf	7	0	0.0
Riesman_1958_Who Will and Who Should Pay for Higher Education_The School Review.pdf	11	0	0.0
Riesman_1976_Thoughts on the Graduate Experience_Change.pdf	1	0	0.0
Riesman_1976_Thoughts on the Graduate Experience_Change.pdf	3	0	0.007
Riesman_1976_Thoughts on the Graduate Experience_Change.pdf	5	0	0.0039
Ripley_1889_The Teaching of the English Language and Literature_Education.pdf	4	0	0.0
Ripley_1889_The Teaching of the English Language and Literature_Education.pdf	8	0	0.0
Ripley_1889_The Teaching of the English Language and Literature_Education.pdf	12	0	0.0
Robin_Stephens_1996_Against the Grain_Social Text.pdf	8	0	0.0
Robin_Stephens_1996_Against the Grain_Social Text.pdf	16	0	0.0
Robin_Stephens_1996_Against the Grain_Social Text.pdf	24	0	0.0
Sanders_2001_BEHAVIORAL RESPONSES OF CEOs TO STOCK OWNERSHIP AND STOCK OPTION PAY.pdf	4	0	0.01
Sanders_2001_BEHAVIORAL RESPONSES OF CEOs TO STOCK OWNERSHIP AND STOCK OPTION PAY.pdf	8	0	0.0
Sanders_2001_BEHAVIORAL RESPONSES OF CEOs TO STOCK OWNERSHIP AND STOCK OPTION PAY.pdf	12	1	0.0616
Scott_TK_The Scientific Selection of Salesmen.pdf	3	0	0.0155
Scott_TK_The Scientific Selection of Salesmen.pdf	6	0	0.0049
Scott_TK_The Scientific Selection of Salesmen.pdf	9	0	0.0029
Surani et al. - AI for Scaling Legal Reform Mapping and Redacting Racial Covenants in Santa Clara County.pdf	9	0	0.0
Surani et al. - AI for Scaling Legal Reform Mapping and Redacting Racial Covenants in Santa Clara County.pdf	18	0	0.0
Surani et al. - AI for Scaling Legal Reform Mapping and Redacting Racial Covenants in Santa Clara County.pdf	27	0	0.0
Wells_2015_A Long View of Shareholder Power.pdf	16	0	0.0
Wells_2015_A Long View of Shareholder Power.pdf	33	0	0.0
Wells_2015_A Long View of Shareholder Power.pdf	50	0	0.0
Wilson_1975_Review of The Welfare State and Equality_Journal of Economic Literature.pdf	1	0	0.0
Wilson_1975_Review of The Welfare State and Equality_Journal of Economic Literature.pdf	2	0	0.0009
Wilson_1975_Review of The Welfare State and Equality_Journal of Economic Literature.pdf	3	0	0.0009
Xin Qu et al_2018_Executive stock option vesting conditions, corporate governance and CEO.pdf	8	0	0.0
Xin Qu et al_2018_Executive stock option vesting conditions, corporate governance and CEO.pdf	16	0	0.0
Xin Qu et al_2018_Executive stock option vesting conditions, corporate governance and CEO.pdf	24	0	0.0
_1985_Issue 2_New Perspectives.pdf	7	0	0.0
_1985_Issue 2_New Perspectives.pdf	14	0	0.0
_1985_Issue 2_New Perspectives.pdf	21	0	0.0
oster - Engagement of Anne Foster To Tucson Man Announced.pdf	1	0	0.002
1947_Corporation Tax Study Due By House Body.pdf	1	0	0.0024
1947_Corporation Tax Study Due By House Body.pdf	2	0	0.0008
1947_Corporation Tax Study Due By House Body.pdf	3	0	0.0089
Astin__The Challenge of Open Admissions by Alexander W_UNZ.org.pdf	1	0	0.0055
Astin__The Challenge of Open Admissions by Alexander W_UNZ.org.pdf	2	0	0.0188
Astin__The Challenge of Open Admissions by Alexander W_UNZ.org.pdf	3	0	0.018
Black_0000_The Scandal of Educational Testing.pdf	1	0	0.0
Black_0000_The Scandal of Educational Testing.pdf	2	0	0.0176
Black_0000_The Scandal of Educational Testing.pdf	3	0	0.0118
Bullitt_1959_The Future American Class System_Horizon.pdf	2	0	0.0
Bullitt_1959_The Future American Class System_Horizon.pdf	4	0	0.0
Bullitt_1959_The Future American Class System_Horizon.pdf	6	1	0.0392
Davis_2005_Optimism of the Will_Nation.pdf	1	0	0.0156
Davis_2005_Optimism of the Will_Nation.pdf	2	0	0.0279
Davis_2005_Optimism of the Will_Nation.pdf	3	0	0.0246
Ehrenreich_2000_Maid to order_Harper's Magazine.pdf	3	1	0.0401
Ehrenreich_2000_Maid to order_Harper's Magazine.pdf	6	1	0.0389
Ehrenreich_2000_Maid to order_Harper's Magazine.pdf	9	0	0.0
Glazer_2002_Higher Ed_New Republic.pdf	1	0	0.0059
Glazer_2002_Higher Ed_New Republic.pdf	2	0	0.0024
Glazer_2003_Kith and Kin_Commentary; New York.pdf	1	0	0.0
Glazer_2003_Kith and Kin_Commentary; New York.pdf	2	0	0.011
Glazer_2003_Kith and Kin_Commentary; New York.pdf	3	0	0.0076
HarpersMagazine-1938-05-0019577.pdf	2	0	0.0089
HarpersMagazine-1938-05-0019577.pdf	5	0	0.0111
HarpersMagazine-1938-05-0019577.pdf	7	0	0.0111
Kelly_2014_Orders of Magnitude_TLS.pdf	1	0	0.0012
Kelly_2014_Orders of Magnitude_TLS.pdf	2	0	0.0131
Kelly_2014_Orders of Magnitude_TLS.pdf	3	0	0.0
Kristol_1960_High, Low, and Modern_Encounter.pdf	2	0	0.0
Kristol_1960_High, Low, and Modern_Encounter.pdf	5	0	0.003
Kristol_1960_High, Low, and Modern_Encounter.pdf	7	0	0.0051
Lasky et al. - 1949 - Letters from readers.pdf	1	0	0.0
Lasky et al. - 1949 - Letters from readers.pdf	2	0	0.0011
Lasky et al. - 1949 - Letters from readers.pdf	3	0	0.0012
Lemann, Nicholas_1977_Success In America_Washington Monthly.pdf	1	0	0.0
Lemann, Nicholas_1977_Success In America_Washington Monthly.pdf	2	0	0.0182
Lemann, Nicholas_1977_Success In America_Washington Monthly.pdf	3	0	0.0204
Lipset_Luethy_1955_European traditions and American sociology_Commentary (pre-1986); New York.pdf	1	0	0.0
Lipset_Luethy_1955_European traditions and American sociology_Commentary (pre-1986); New York.pdf	2	0	0.0037
Lipset_Luethy_1955_European traditions and American sociology_Commentary (pre-1986); New York.pdf	3	0	0.0037
Luethy_1955_Social mobility again--And elites_Commentary (pre-1986); New York.pdf	1	0	0.0
Luethy_1955_Social mobility again--And elites_Commentary (pre-1986); New York.pdf	2	0	0.0026
Luethy_1955_Social mobility again--And elites_Commentary (pre-1986); New York.pdf	3	0	0.0037
Marth_1982_Why Unions Lose At Many Companies_Nation's Business (pre-1986); Washington.pdf	1	0	0.0
Marth_1982_Why Unions Lose At Many Companies_Nation's Business (pre-1986); Washington.pdf	2	0	0.0078
Merriam_1913_Clutter of Things_The Independent.pdf	1	0	0.0033
Merriam_1913_Clutter of Things_The Independent.pdf	2	0	0.0044
Part Two.pdf	8	0	0.0
Part Two.pdf	17	0	0.0055
Part Two.pdf	26	1	0.0651
Peters_1989_Tilting at Windmilss_Washington Monthly.pdf	1	0	0.002
Peters_1989_Tilting at Windmilss_Washington Monthly.pdf	2	0	0.0317
Peters_1989_Tilting at Windmilss_Washington Monthly.pdf	3	0	0.0326
Sherman_1986_elite institutions_The Public Interest; New York.pdf	1	0	0.0073
Sherman_1986_elite institutions_The Public Interest; New York.pdf	3	0	0.0064
Sherman_1986_elite institutions_The Public Interest; New York.pdf	4	0	0.0064
Stone_1965_England’s Revolution_The New York Review of Books.pdf	1	0	0.0
Stone_1965_England’s Revolution_The New York Review of Books.pdf	2	0	0.0
Stone_1965_England’s Revolution_The New York Review of Books.pdf	3	0	0.0
_1958_Executive Pay_Nation's Business (pre-1986); Washington.pdf	1	0	0.0
_1958_Executive Pay_Nation's Business (pre-1986); Washington.pdf	3	0	0.0054
_1958_Executive Pay_Nation's Business (pre-1986); Washington.pdf	4	0	0.0051
_1967_Yearly Increase of 15% Expected by Ampex_Boxoffice (Archive 1920-2000); New York.pdf	1	0	0.0169
_1977_What We're About_Washington Monthly.pdf	1	0	0.0
_1977_What We're About_Washington Monthly.pdf	2	0	0.0
_1977_What We're About_Washington Monthly.pdf	3	0	0.0
1976_Results of Trading in Stock Options.pdf	1	0	0.0
Berendzen_1981_The Soaring Lesson of America in Space_Newsday (1940-1990), Nassau ed.; Long Island, N.Y..pdf	1	0	0.0
Gitlin_2000_How Our Crowd Got Lonely_New York Times.pdf	1	0	0.0
Glazer_2003_Neoconservatives, Then and Now_New York Times.pdf	1	0	0.0075
JOURNAL_1969_Giving the Boss a Raise_Wall Street Journal (1923 - Current file); New York, N.Y..pdf	1	0	0.0
Williams_1958_DEMOCRACY OR MERITOCRACY_The Manchester Guardian (1901-1959); Manchester (UK).pdf	1	0	0.0
Zipkin_2000_Management.pdf	1	0	0.0
Zipkin_2000_Management.pdf	2	0	0.0042
_1926_Clapp defends Cox_Billings Gazette.pdf	1	0	0.0
_1926_Cox resigns, following most severe public criticism that ever has been_Anaconda Standard.pdf	1	0	0.0
_1926_English dept summer school_Havre Daily News Promoter.pdf	1	0	0.0
_1928_Creative writing a featured course at Summer School_Helena Daily Independent.pdf	1	0	0.0
_1931_Again, press most excited about Frontier's history section_Helena Daily Independent.pdf	1	0	0.0
_1939_Kalispell resident offering private creative writing courses, out of her home_Kalispell Daily Inter Lake.pdf	1	0	0.0
_1941_Fiedler's hiring at UM announced_Helena Independent.pdf	1	0	0.0
_1950_Comic_Independent Record.pdf	1	0	0.0012
_1973_Other 67 -- No Title_Newsday (1940-1988), Nassau ed.; Long Island, N.Y..pdf	1	0	0.0029
_1973_Other 67 -- No Title_Newsday (1940-1988), Nassau ed.; Long Island, N.Y..pdf	2	0	0.0079
_1973_Other 67 -- No Title_Newsday (1940-1988), Nassau ed.; Long Island, N.Y..pdf	3	0	0.0044
___ 2.pdf	1	0	0.0088
___ 3.pdf	1	0	0.0017
___ 4.pdf	1	0	0.0009
___ 5.pdf	1	0	0.0
___.pdf	1	0	0.0024
1957_Allied Chemical & Dye Corporation Annual Report -- 1957.pdf	8	0	0.0
1957_Allied Chemical & Dye Corporation Annual Report -- 1957.pdf	17	0	0.0034
1957_Allied Chemical & Dye Corporation Annual Report -- 1957.pdf	26	0	0.0067
1958_CiT Financial Corporation Annual Report -- 1958.pdf	10	0	0.0018
1958_CiT Financial Corporation Annual Report -- 1958.pdf	20	0	0.0077
1958_CiT Financial Corporation Annual Report -- 1958.pdf	30	0	0.0
1958_E.pdf	12	0	0.0
1958_E.pdf	25	0	0.0
1958_E.pdf	37	0	0.0
1958_General Foods Corporation Annual Report -- 1958.pdf	7	0	0.0
1958_General Foods Corporation Annual Report -- 1958.pdf	14	0	0.0091
1958_General Foods Corporation Annual Report -- 1958.pdf	21	0	0.0
1958_The Anaconda Company Annual Report -- 1958.pdf	8	0	0.0175
1958_The Anaconda Company Annual Report -- 1958.pdf	17	0	0.0
1958_The Anaconda Company Annual Report -- 1958.pdf	25	0	0.0
1958_The Goodyear Tire & Rubber Company Annual Report -- 1958.pdf	10	0	0.0
1958_The Goodyear Tire & Rubber Company Annual Report -- 1958.pdf	21	0	0.0
1958_The Goodyear Tire & Rubber Company Annual Report -- 1958.pdf	32	0	0.0
AI 2027.pdf	17	1	0.0459
AI 2027.pdf	35	1	0.0451
AI 2027.pdf	53	0	0.0
Autor et al_2020_Extending the Race between Education and Technology.pdf	5	0	0.0
Autor et al_2020_Extending the Race between Education and Technology.pdf	10	0	0.0024
Autor et al_2020_Extending the Race between Education and Technology.pdf	15	0	0.0
Hoxby_1997_How the Changing Market Structure of U_National Bureau of Economic Research.pdf	20	0	0.0
Hoxby_1997_How the Changing Market Structure of U_National Bureau of Economic Research.pdf	40	0	0.0
Hoxby_1997_How the Changing Market Structure of U_National Bureau of Economic Research.pdf	60	0	0.0
Kremer_Maskin_1996_Wage Inequality and Segregation by Skill_National Bureau of Economic Research.pdf	15	0	0.0
Kremer_Maskin_1996_Wage Inequality and Segregation by Skill_National Bureau of Economic Research.pdf	31	0	0.0008
Kremer_Maskin_1996_Wage Inequality and Segregation by Skill_National Bureau of Economic Research.pdf	47	0	0.0
Levy and Temin - 2007 - Inequality and Institutions in 20th Century Americ.pdf	16	0	0.0
Levy and Temin - 2007 - Inequality and Institutions in 20th Century Americ.pdf	33	0	0.0
Levy and Temin - 2007 - Inequality and Institutions in 20th Century Americ.pdf	49	0	0.0
Temin_1997_The American Business Elite in Historical Perspective.pdf	12	0	0.0
Temin_1997_The American Business Elite in Historical Perspective.pdf	24	0	0.0
Temin_1997_The American Business Elite in Historical Perspective.pdf	36	0	0.0
_1950_Fairchild Camera and Instrument Corporation Annual Report -- 1950_ProQuest Annual Reports.pdf	6	0	0.0
_1950_Fairchild Camera and Instrument Corporation Annual Report -- 1950_ProQuest Annual Reports.pdf	12	0	0.0
_1950_Fairchild Camera and Instrument Corporation Annual Report -- 1950_ProQuest Annual Reports.pdf	18	0	0.0063
_1953_Fairchild Camera and Instrument Corporation Annual Report -- 1953_ProQuest Annual Reports.pdf	6	0	0.0
_1953_Fairchild Camera and Instrument Corporation Annual Report -- 1953_ProQuest Annual Reports.pdf	12	0	0.0
_1953_Fairchild Camera and Instrument Corporation Annual Report -- 1953_ProQuest Annual Reports.pdf	18	0	0.0
_1958_Small Business Investment Act_.pdf	7	0	0.0
_1958_Small Business Investment Act_.pdf	14	0	0.0
_1958_Small Business Investment Act_.pdf	21	0	0.0
_1961_Fairchild Camera and Instrument Corporation Annual Report -- 1961_ProQuest Annual Reports.pdf	9	0	0.007
_1961_Fairchild Camera and Instrument Corporation Annual Report -- 1961_ProQuest Annual Reports.pdf	19	0	0.0
_1961_Fairchild Camera and Instrument Corporation Annual Report -- 1961_ProQuest Annual Reports.pdf	28	0	0.0083
_1963_Fairchild Camera and Instrument Corporation Annual Report -- 1963_ProQuest Annual Reports.pdf	8	0	0.0095
_1963_Fairchild Camera and Instrument Corporation Annual Report -- 1963_ProQuest Annual Reports.pdf	17	0	0.0055
_1963_Fairchild Camera and Instrument Corporation Annual Report -- 1963_ProQuest Annual Reports.pdf	25	0	0.0063
_1966_Fairchild Camera and Instrument Corporation Annual Report -- 1966_ProQuest Annual Reports.pdf	7	0	0.0
_1966_Fairchild Camera and Instrument Corporation Annual Report -- 1966_ProQuest Annual Reports.pdf	15	0	0.0
_1966_Fairchild Camera and Instrument Corporation Annual Report -- 1966_ProQuest Annual Reports.pdf	22	0	0.0
_1967_Fairchild Camera and Instrument Corporation Annual Report -- 1967_ProQuest Annual Reports.pdf	5	0	0.0
_1967_Fairchild Camera and Instrument Corporation Annual Report -- 1967_ProQuest Annual Reports.pdf	11	0	0.0033
_1967_Fairchild Camera and Instrument Corporation Annual Report -- 1967_ProQuest Annual Reports.pdf	16	0	0.0099
_1971_Fairchild Camera and Instrument Corporation Annual Report -- 1971_ProQuest Annual Reports.pdf	4	0	0.007
_1971_Fairchild Camera and Instrument Corporation Annual Report -- 1971_ProQuest Annual Reports.pdf	9	0	0.0025
_1971_Fairchild Camera and Instrument Corporation Annual Report -- 1971_ProQuest Annual Reports.pdf	14	0	0.0
_1976_Fairchild Camera and Instrument Corporation Annual Report -- 1976_ProQuest Annual Reports.pdf	9	0	0.0
_1976_Fairchild Camera and Instrument Corporation Annual Report -- 1976_ProQuest Annual Reports.pdf	19	0	0.0
_1976_Fairchild Camera and Instrument Corporation Annual Report -- 1976_ProQuest Annual Reports.pdf	29	0	0.0
w7787 2.pdf	7	0	0.0
w7787 2.pdf	15	0	0.0
w7787 2.pdf	22	0	0.0
w7787.pdf	7	0	0.0
w7787.pdf	15	0	0.0
w7787.pdf	22	0	0.0
Anderson_1997_Legacy of the American Frontier_California State University, Fresno.pdf	40	0	0.0054
Anderson_1997_Legacy of the American Frontier_California State University, Fresno.pdf	80	0	0.0062
Anderson_1997_Legacy of the American Frontier_California State University, Fresno.pdf	120	0	0.0055
BOYD_The Relative Prognostic Value of Selected Criteria in Predicting Beginning.pdf	33	0	0.0
BOYD_The Relative Prognostic Value of Selected Criteria in Predicting Beginning.pdf	66	0	0.0
BOYD_The Relative Prognostic Value of Selected Criteria in Predicting Beginning.pdf	99	0	0.0
Banks - 2006 - “The last bastion of discrimination” The New York City building trades and the struggle over affirm.pdf	100	0	0.0062
Banks - 2006 - “The last bastion of discrimination” The New York City building trades and the struggle over affirm.pdf	201	0	0.0062
Banks - 2006 - “The last bastion of discrimination” The New York City building trades and the struggle over affirm.pdf	302	0	0.0062
CAMFIELD_Psychologists at War.pdf	83	0	0.0076
CAMFIELD_Psychologists at War.pdf	167	0	0.0042
CAMFIELD_Psychologists at War.pdf	250	0	0.0042
CARTWRIGHT_Legislation Against Discrimination in Employment in New York State.pdf	99	0	0.0
CARTWRIGHT_Legislation Against Discrimination in Employment in New York State.pdf	199	0	0.0
CARTWRIGHT_Legislation Against Discrimination in Employment in New York State.pdf	298	0	0.0
Clark_The graphic rating scale at Northwestern University.pdf	27	0	0.0016
Clark_The graphic rating scale at Northwestern University.pdf	55	0	0.0
Clark_The graphic rating scale at Northwestern University.pdf	82	0	0.0008
Cooley - 2008 - Moving up, moving out Race and social mobility in Chicago, 1914–1972.pdf	93	0	0.0
Cooley - 2008 - Moving up, moving out Race and social mobility in Chicago, 1914–1972.pdf	187	0	0.0
Cooley - 2008 - Moving up, moving out Race and social mobility in Chicago, 1914–1972.pdf	281	0	0.0
Corson_Current practices in student guidance and personnel administration in liberal.pdf	58	0	0.0
Corson_Current practices in student guidance and personnel administration in liberal.pdf	117	0	0.0
Corson_Current practices in student guidance and personnel administration in liberal.pdf	175	0	0.0
DAUTEN_1954_The Economic Impact and Significance of Substantial Stock Sales by Individual_The University of Iowa.pdf	79	0	0.0023
DAUTEN_1954_The Economic Impact and Significance of Substantial Stock Sales by Individual_The University of Iowa.pdf	158	0	0.0031
DAUTEN_1954_The Economic Impact and Significance of Substantial Stock Sales by Individual_The University of Iowa.pdf	237	0	0.0
DOBBS_1955_A Technique for the Development and Validation of Job Evaluation Cases_University of North Texas.pdf	70	0	0.0063
DOBBS_1955_A Technique for the Development and Validation of Job Evaluation Cases_University of North Texas.pdf	140	0	0.0063
DOBBS_1955_A Technique for the Development and Validation of Job Evaluation Cases_University of North Texas.pdf	210	0	0.0063
Doermann_1967_The market for college education in the United States.pdf	6	0	0.003
Doermann_1967_The market for college education in the United States.pdf	13	0	0.0331
Doermann_1967_The market for college education in the United States.pdf	20	0	0.0
Drumright - 2005 - A river for war, a watershed to change The Tennessee Valley Authority during World War II.pdf	60	0	0.0063
Drumright - 2005 - A river for war, a watershed to change The Tennessee Valley Authority during World War II.pdf	120	0	0.0063
Drumright - 2005 - A river for war, a watershed to change The Tennessee Valley Authority during World War II.pdf	180	0	0.0063
ERICKSON - 1952 - The Taxation of Investment Companies in the United States.pdf	169	0	0.0023
ERICKSON - 1952 - The Taxation of Investment Companies in the United States.pdf	339	0	0.0023
ERICKSON - 1952 - The Taxation of Investment Companies in the United States.pdf	509	0	0.0047
Engstrom - 2005 - The lost origins of American fair employment law State fair employment practices bureaus and the po.pdf	121	0	0.0071
Engstrom - 2005 - The lost origins of American fair employment law State fair employment practices bureaus and the po.pdf	242	0	0.0063
Engstrom - 2005 - The lost origins of American fair employment law State fair employment practices bureaus and the po.pdf	363	0	0.0063
GELFAND_1956_The Avoidance of Federal Personal Income Taxes in the United States_New York University.pdf	53	1	0.0408
GELFAND_1956_The Avoidance of Federal Personal Income Taxes in the United States_New York University.pdf	106	0	0.0062
GELFAND_1956_The Avoidance of Federal Personal Income Taxes in the United States_New York University.pdf	159	0	0.0
GIERHAN_The Role of Head Student Personnel Administrators in the Big Eight Universities.pdf	55	0	0.0065
GIERHAN_The Role of Head Student Personnel Administrators in the Big Eight Universities.pdf	110	0	0.0065
GIERHAN_The Role of Head Student Personnel Administrators in the Big Eight Universities.pdf	165	0	0.0065
GRUMET_The Menorah Idea and the Apprenticeship of Lionel Trilling.pdf	82	0	0.0
GRUMET_The Menorah Idea and the Apprenticeship of Lionel Trilling.pdf	164	0	0.0
GRUMET_The Menorah Idea and the Apprenticeship of Lionel Trilling.pdf	246	0	0.0
Ho_Useful fiction.pdf	79	0	0.0
Ho_Useful fiction.pdf	159	0	0.0
Ho_Useful fiction.pdf	239	0	0.0
Jensen_The rise of an African-American Left.pdf	142	0	0.0053
Jensen_The rise of an African-American Left.pdf	285	0	0.006
Jensen_The rise of an African-American Left.pdf	428	0	0.0067
Kiernan_1959_Job evaluation for precision optical craftsmen_University of Southern California.pdf	47	0	0.0133
Kiernan_1959_Job evaluation for precision optical craftsmen_University of Southern California.pdf	94	0	0.022
Kiernan_1959_Job evaluation for precision optical craftsmen_University of Southern California.pdf	141	0	0.011
Koh - 2008 - Essays on stock options expensing and stock option.pdf	47	0	0.0
Koh - 2008 - Essays on stock options expensing and stock option.pdf	94	2	0.384
Koh - 2008 - Essays on stock options expensing and stock option.pdf	141	0	0.0
MENDELSON_1974_The Ideological Debate in the Public School Guidance Movement, 1900-1970_New York University.pdf	42	0	0.0
MENDELSON_1974_The Ideological Debate in the Public School Guidance Movement, 1900-1970_New York University.pdf	85	0	0.0
MENDELSON_1974_The Ideological Debate in the Public School Guidance Movement, 1900-1970_New York University.pdf	128	0	0.0
NAYLOR_Arthur E.pdf	66	0	0.0
NAYLOR_Arthur E.pdf	133	0	0.0326
NAYLOR_Arthur E.pdf	199	0	0.0023
PANG_1971_An Optimizing Approach to Educational Planning in Singapore_University of Illinois at Urbana-Champaign.pdf	50	0	0.0141
PANG_1971_An Optimizing Approach to Educational Planning in Singapore_University of Illinois at Urbana-Champaign.pdf	100	0	0.0
PANG_1971_An Optimizing Approach to Educational Planning in Singapore_University of Illinois at Urbana-Champaign.pdf	150	0	0.0
PRICE_A History of the American College Personnel Association.pdf	43	0	0.0
PRICE_A History of the American College Personnel Association.pdf	86	1	0.046
PRICE_A History of the American College Personnel Association.pdf	129	0	0.0046
Pianko_Diaspora Jewish nationalism and identity in America, 1914–1967.pdf	65	0	0.0063
Pianko_Diaspora Jewish nationalism and identity in America, 1914–1967.pdf	130	0	0.0055
Pianko_Diaspora Jewish nationalism and identity in America, 1914–1967.pdf	195	0	0.0047
Ries_Marshall_1955_web.pdf	26	0	0.0
Ries_Marshall_1955_web.pdf	53	0	0.0
Ries_Marshall_1955_web.pdf	80	0	0.0
Robertson_1990_Organizational adaptation to environmental change_Stanford University copy.pdf	50	0	0.0025
Robertson_1990_Organizational adaptation to environmental change_Stanford University copy.pdf	100	1	0.0359
Robertson_1990_Organizational adaptation to environmental change_Stanford University copy.pdf	150	0	0.0025
Schwaller - 2026 - Silicon Valley Landscapes Architecture and the Soft Power of Big Tech.pdf	75	0	0.0
Schwaller - 2026 - Silicon Valley Landscapes Architecture and the Soft Power of Big Tech.pdf	150	0	0.0
Schwaller - 2026 - Silicon Valley Landscapes Architecture and the Soft Power of Big Tech.pdf	225	0	0.0
Silberman_1961_A study of industry policy considerations in the transition from airplane to_University of Southern California.pdf	41	0	0.0156
Silberman_1961_A study of industry policy considerations in the transition from airplane to_University of Southern California.pdf	82	0	0.0078
Silberman_1961_A study of industry policy considerations in the transition from airplane to_University of Southern California.pdf	123	0	0.0086
TO_1985_Variations in Earnings in the Work Settings_University of Illinois at Urbana-Champaign.pdf	59	0	0.0
TO_1985_Variations in Earnings in the Work Settings_University of Illinois at Urbana-Champaign.pdf	118	0	0.0016
TO_1985_Variations in Earnings in the Work Settings_University of Illinois at Urbana-Champaign.pdf	177	0	0.0
TROTMAN - 1976 - Race, Iq, and the Middle-Class..pdf	29	0	0.0064
TROTMAN - 1976 - Race, Iq, and the Middle-Class..pdf	59	0	0.0064
TROTMAN - 1976 - Race, Iq, and the Middle-Class..pdf	89	0	0.0033
WITTE_1978_Democracy, Authority and Alienation in Work_Yale University.pdf	103	0	0.0243
WITTE_1978_Democracy, Authority and Alienation in Work_Yale University.pdf	206	0	0.0026
WITTE_1978_Democracy, Authority and Alienation in Work_Yale University.pdf	309	0	0.0205
Wu - 2003 - Employee stock option design and valuation.pdf	27	0	0.0063
Wu - 2003 - Employee stock option design and valuation.pdf	55	0	0.0062
Wu - 2003 - Employee stock option design and valuation.pdf	82	0	0.0063
Zarifa_2008_Emerging Forms of Stratification in Higher Education_.pdf	64	0	0.0
Zarifa_2008_Emerging Forms of Stratification in Higher Education_.pdf	129	0	0.0188
Zarifa_2008_Emerging Forms of Stratification in Higher Education_.pdf	193	0	0.0092
Zheng - 2003 - Six -month -one -day employee stock option reprici.pdf	19	0	0.0063
Zheng - 2003 - Six -month -one -day employee stock option reprici.pdf	38	0	0.0063
Zheng - 2003 - Six -month -one -day employee stock option reprici.pdf	57	0	0.007
