file	page	qualifying_gutters	widest_interior_quiet_frac	widthPx	heightPx	widestPx	widestSpan	otsu	peakInk	gutterSpans
1954 - Why.pdf	2	0	0.0000	1275	1650	0	-	153	917	-
1954 - Why.pdf	6	2	0.0521	1650	1275	86	817-903	146	705	725-809,817-903
1954 - Why.pdf	10	0	0.0000	1275	1650	0	-	217	1650	-
Berle_1940_New directions in the new world,_Harper.pdf	2	0	0.0000	790	1170	0	-	149	198	-
Berle_1940_New directions in the new world,_Harper.pdf	16	0	0.0166	783	1168	13	101-114	157	254	-
Berle_1940_New directions in the new world,_Harper.pdf	31	0	0.0000	799	1166	0	-	154	602	-
Boltanski_2006_On justification_Princeton University Press.pdf	2	1	0.1676	1623	1308	272	831-1103	146	34	831-1103
Boltanski_2006_On justification_Princeton University Press.pdf	102	2	0.0474	1623	1308	77	851-928	159	623	770-844,851-928
Boltanski_2006_On justification_Princeton University Press.pdf	203	0	0.0000	871	1240	0	-	92	1240	-
Casey_1954_1954 pay almanac,.pdf	2	0	0.0000	1020	1451	0	-	161	1029	-
Casey_1954_1954 pay almanac,.pdf	6	0	0.0000	1020	1554	0	-	158	1265	-
Casey_1954_1954 pay almanac,.pdf	10	0	0.0000	1020	1426	0	-	160	1209	-
Cohen_1990_Making a New Deal_Cambridge University Press.pdf	2	0	0.0000	850	1276	0	-	165	240	-
Cohen_1990_Making a New Deal_Cambridge University Press.pdf	5	0	0.0000	850	1276	0	-	166	335	-
Cohen_1990_Making a New Deal_Cambridge University Press.pdf	8	0	0.0000	850	1276	0	-	175	82	-
Countryman - 2006 - Up south  civil rights and Black power in Philadelphia.pdf	2	0	0.0000	800	1300	0	-	193	1300	-
Countryman - 2006 - Up south  civil rights and Black power in Philadelphia.pdf	219	0	0.0000	797	1330	0	-	132	273	-
Countryman - 2006 - Up south  civil rights and Black power in Philadelphia.pdf	436	0	0.0000	860	1350	0	-	126	297	-
Eurich_Academy for Educational Development._1968_Campus 1980; the shape of the future in American higher education_Delacorte Press.pdf	2	0	0.0000	795	1186	0	-	135	1186	-
Eurich_Academy for Educational Development._1968_Campus 1980; the shape of the future in American higher education_Delacorte Press.pdf	16	1	0.1350	904	1203	122	659-781	149	1198	659-781
Eurich_Academy for Educational Development._1968_Campus 1980; the shape of the future in American higher education_Delacorte Press.pdf	30	1	0.0717	906	1206	65	715-780	145	1198	715-780
Friedman_1962_Capitalism and freedom_University of Chicago Press.pdf	2	0	0.0254	788	1200	20	451-471	141	25	-
Friedman_1962_Capitalism and freedom_University of Chicago Press.pdf	114	0	0.0000	788	1200	0	-	164	338	-
Friedman_1962_Capitalism and freedom_University of Chicago Press.pdf	226	0	0.0000	788	1200	0	-	118	1200	-
Gowan and Demos - 1964 - The education and guidance of the ablest.pdf	2	0	0.0194	1240	1754	24	270-294	144	197	-
Gowan and Demos - 1964 - The education and guidance of the ablest.pdf	4	0	0.0065	1240	1754	8	294-302	142	524	-
Gowan and Demos - 1964 - The education and guidance of the ablest.pdf	6	0	0.0000	1240	1754	0	-	142	450	-
Guilford_Psychometric Methods.pdf	2	0	0.0000	990	1488	0	-	159	367	-
Guilford_Psychometric Methods.pdf	4	0	0.0000	994	1467	0	-	154	390	-
Guilford_Psychometric Methods.pdf	6	0	0.0000	967	1483	0	-	160	433	-
Hayek_1978_The constitution of liberty_University of Chicago Press.pdf	2	0	0.0123	1057	1644	13	223-236	143	44	-
Hayek_1978_The constitution of liberty_University of Chicago Press.pdf	288	0	0.0000	1060	1646	0	-	140	529	-
Hayek_1978_The constitution of liberty_University of Chicago Press.pdf	574	0	0.0075	1060	1646	8	554-562	141	428	-
Himanen_2001_The hacker ethic and the spirit of the information age_Random House.pdf	2	0	0.0244	1556	2400	38	408-446	173	198	-
Himanen_2001_The hacker ethic and the spirit of the information age_Random House.pdf	128	0	0.0000	1556	2400	0	-	172	624	-
Himanen_2001_The hacker ethic and the spirit of the information age_Random House.pdf	255	0	0.0000	1556	2400	0	-	175	127	-
Ibson_2006_Picturing men.pdf	2	0	0.0000	1050	1500	0	-	143	1486	-
Ibson_2006_Picturing men.pdf	132	0	0.0067	1050	1500	7	135-142	172	672	-
Ibson_2006_Picturing men.pdf	263	0	0.0000	1050	1500	0	-	196	5	-
JAH Review.pdf	1	0	0.0000	1240	1829	0	-	161	360	-
JAH Review.pdf	2	0	0.0000	850	1326	0	-	162	375	-
JAH Review.pdf	3	0	0.0000	850	1326	0	-	162	288	-
Keyssar_2000_The Right to Vote_Basic Books.pdf	1	0	0.0000	1240	1829	0	-	156	267	-
Keyssar_2000_The Right to Vote_Basic Books.pdf	2	0	0.0029	1050	1614	3	516-519	166	410	-
Keyssar_2000_The Right to Vote_Basic Books.pdf	3	0	0.0010	1050	1614	1	517-518	167	511	-
LaVaque-Manty_2009_The Playing Fields of Eton_University of Michigan Press.pdf	2	2	0.1017	1800	1350	183	738-921	151	1347	738-921,1053-1153
LaVaque-Manty_2009_The Playing Fields of Eton_University of Michigan Press.pdf	41	0	0.0128	1800	1350	23	997-1020	167	1348	-
LaVaque-Manty_2009_The Playing Fields of Eton_University of Michigan Press.pdf	81	0	0.0244	1800	1350	44	948-992	170	1348	-
Mintzberg - 1973 - The nature of managerial work.pdf	2	2	0.1145	1790	1373	205	916-1121	156	590	791-886,916-1121
Mintzberg - 1973 - The nature of managerial work.pdf	60	2	0.0715	1763	1336	126	924-1050	159	426	822-888,924-1050
Mintzberg - 1973 - The nature of managerial work.pdf	119	4	0.0636	1761	1334	112	778-890	167	1162	440-504,778-890,897-983,1255-1318
Mitchell_1958_Stanford University, 1916-1941_Stanford Unoversity Press.pdf	2	0	0.0000	2016	1408	0	-	131	1408	-
Mitchell_1958_Stanford University, 1916-1941_Stanford Unoversity Press.pdf	7	1	0.0476	2124	1384	101	397-498	133	1384	397-498
Mitchell_1958_Stanford University, 1916-1941_Stanford Unoversity Press.pdf	12	0	0.0028	2124	1376	6	476-482	133	1376	-
Morgan_1975_American Slavery, American Freedom_Norton.pdf	1	0	0.0000	1240	1829	0	-	156	251	-
Morgan_1975_American Slavery, American Freedom_Norton.pdf	2	0	0.0010	988	1510	1	499-500	165	340	-
Morgan_1975_American Slavery, American Freedom_Norton.pdf	3	0	0.0020	988	1510	2	499-501	164	311	-
Mudge_2018_Leftism Reinvented_Harvard University Press.pdf	2	0	0.0000	1068	1276	0	-	134	1062	-
Mudge_2018_Leftism Reinvented_Harvard University Press.pdf	187	0	0.0000	1050	1383	0	-	144	845	-
Mudge_2018_Leftism Reinvented_Harvard University Press.pdf	372	0	0.0000	975	1311	0	-	157	400	-
Nedelsky_1990_Private property and the limits of American constitutionalism_University of Chicago Press.pdf	2	0	0.0145	1650	1275	24	928-952	153	747	-
Nedelsky_1990_Private property and the limits of American constitutionalism_University of Chicago Press.pdf	4	1	0.0527	1650	1275	87	758-845	149	919	758-845
Nedelsky_1990_Private property and the limits of American constitutionalism_University of Chicago Press.pdf	7	2	0.0945	1650	1275	156	877-1033	151	824	743-826,877-1033
New York Stock Exchange_1956_Stock ownership plans for employees.pdf	2	0	0.0000	1059	1366	0	-	168	918	-
New York Stock Exchange_1956_Stock ownership plans for employees.pdf	74	0	0.0281	1461	1931	41	1034-1075	148	493	-
New York Stock Exchange_1956_Stock ownership plans for employees.pdf	146	2	0.0857	1330	1760	114	876-990	150	381	174-257,876-990
Noble_1977_America by design.pdf	208	0	0.0000	921	1455	0	-	135	459	-
Noble_1977_America by design.pdf	414	0	0.0000	921	1455	0	-	137	129	-
Riesman - 1954 - Individualism reconsidered, and other essays.pdf	2	0	0.0000	968	1296	0	-	107	890	-
Riesman - 1954 - Individualism reconsidered, and other essays.pdf	13	0	0.0000	731	972	0	-	106	256	-
Riesman - 1954 - Individualism reconsidered, and other essays.pdf	25	0	0.0000	716	950	0	-	115	305	-
Schumpeter_1955_Imperialism ; Social classes_World.pdf	2	0	0.0027	740	1169	2	214-216	151	193	-
Schumpeter_1955_Imperialism ; Social classes_World.pdf	96	0	0.0000	740	1169	0	-	159	385	-
Schumpeter_1955_Imperialism ; Social classes_World.pdf	191	0	0.0000	900	1350	0	-	112	1350	-
Shows and Burton - 1972 - Microeconomics.pdf	2	0	0.0161	934	1320	15	121-136	142	223	-
Shows and Burton - 1972 - Microeconomics.pdf	10	0	0.0000	918	1346	0	-	142	1333	-
Shows and Burton - 1972 - Microeconomics.pdf	18	0	0.0251	916	1342	23	760-783	135	1342	-
UN-OCred.pdf	2	1	0.1421	1506	1054	214	616-830	144	807	616-830
UN-OCred.pdf	21	0	0.0015	1340	1106	2	706-708	148	1040	-
UN-OCred.pdf	40	0	0.0068	1333	1114	9	676-685	153	781	-
Westad_2005_The Global Cold War_Cambridge University Press.pdf	1	0	0.0000	1240	1829	0	-	161	367	-
Westad_2005_The Global Cold War_Cambridge University Press.pdf	2	0	0.0021	975	1559	2	497-499	154	312	-
Westad_2005_The Global Cold War_Cambridge University Press.pdf	3	0	0.0021	975	1559	2	474-476	154	357	-
_2010_New Materialisms_Duke University Press.pdf	2	0	0.0000	994	883	0	-	166	213	-
_2010_New Materialisms_Duke University Press.pdf	12	0	0.0000	1650	1271	0	-	152	442	-
_2010_New Materialisms_Duke University Press.pdf	22	0	0.0000	1650	1271	0	-	143	1213	-
Allen_2011_The Origins of Political Philosophy_Oxford University Press.pdf	2	0	0.0000	1288	1710	0	-	143	1284	-
Allen_2011_The Origins of Political Philosophy_Oxford University Press.pdf	15	0	0.0000	885	1396	0	-	153	275	-
Allen_2011_The Origins of Political Philosophy_Oxford University Press.pdf	29	0	0.0068	885	1396	6	586-592	150	195	-
Berger_2013_Toward a Third Industrial Divide_.pdf	2	0	0.0000	996	1346	0	-	160	1030	-
Berger_2013_Toward a Third Industrial Divide_.pdf	13	0	0.0000	1031	1346	0	-	168	1276	-
Berger_2013_Toward a Third Industrial Divide_.pdf	24	1	0.0640	1094	1348	70	201-271	166	1330	201-271
Broadhead - 1994 - Regionalism and the Upper Class.pdf	2	0	0.0000	1708	1375	0	-	164	792	-
Broadhead - 1994 - Regionalism and the Upper Class.pdf	7	0	0.0000	1708	1375	0	-	165	885	-
Broadhead - 1994 - Regionalism and the Upper Class.pdf	13	0	0.0000	1708	1375	0	-	161	401	-
Canby_1915_Current Literature and the Colleges_Harper & Brothers.pdf	2	0	0.0000	728	1122	0	-	161	281	-
Canby_1915_Current Literature and the Colleges_Harper & Brothers.pdf	13	0	0.0110	728	1122	8	563-571	161	296	-
Canby_1915_Current Literature and the Colleges_Harper & Brothers.pdf	25	0	0.0082	728	1122	6	565-571	160	131	-
Canby_1929_Comment on Several Subjects.pdf	2	1	0.1208	1275	1650	154	469-623	149	275	469-623
Canby_1929_Comment on Several Subjects.pdf	3	0	0.0298	1275	1650	38	690-728	149	197	-
Canby_1929_Comment on Several Subjects.pdf	4	1	0.0392	1275	1650	50	589-639	148	220	589-639
Falasca-Zamponi_2004_The »Culture« of Personality.pdf	2	0	0.0000	1309	928	0	-	134	519	-
Falasca-Zamponi_2004_The »Culture« of Personality.pdf	15	0	0.0000	934	1354	0	-	157	258	-
Falasca-Zamponi_2004_The »Culture« of Personality.pdf	29	0	0.0000	948	1354	0	-	164	133	-
Findlay_1992_Stanford Industrial Park_University of California Press.pdf	2	0	0.0000	1281	1720	0	-	163	277	-
Findlay_1992_Stanford Industrial Park_University of California Press.pdf	32	1	0.0504	933	1334	47	126-173	179	302	126-173
Findlay_1992_Stanford Industrial Park_University of California Press.pdf	62	1	0.1492	1126	1338	168	151-319	175	1329	151-319
Geiger et al_2018_American higher education in the postwar era, 1945-1970.pdf	2	0	0.0023	1298	826	3	532-535	142	782	-
Geiger et al_2018_American higher education in the postwar era, 1945-1970.pdf	14	0	0.0000	821	1272	0	-	181	260	-
Geiger et al_2018_American higher education in the postwar era, 1945-1970.pdf	26	0	0.0123	812	1248	10	129-139	180	95	-
Gilroy - 2000 - Getting In.pdf	2	0	0.0000	805	1265	0	-	127	939	-
Gilroy - 2000 - Getting In.pdf	12	0	0.0000	818	1289	0	-	150	281	-
Gilroy - 2000 - Getting In.pdf	22	0	0.0000	823	1276	0	-	133	932	-
Gregory-Huddleston_1994_Culture conflict with growth_University Press of America.pdf	2	2	0.0579	1279	1652	74	667-741	164	974	572-630,667-741
Gregory-Huddleston_1994_Culture conflict with growth_University Press of America.pdf	4	2	0.0699	1274	1649	89	665-754	161	934	577-632,665-754
Gregory-Huddleston_1994_Culture conflict with growth_University Press of America.pdf	6	2	0.0742	1281	1656	95	661-756	160	954	567-628,661-756
Hobsbawm and Ranger - 1992 - The Invention of tradition.pdf	2	0	0.0014	729	1135	1	624-625	156	254	-
Hobsbawm and Ranger - 1992 - The Invention of tradition.pdf	163	0	0.0000	730	1135	0	-	147	359	-
Hobsbawm and Ranger - 1992 - The Invention of tradition.pdf	324	1	0.0411	730	1135	30	352-382	151	386	352-382
Hyman_2012_Rethinking the Postwar Corporation_Oxford University Press.pdf	2	0	0.0292	1265	1642	37	625-662	148	310	-
Hyman_2012_Rethinking the Postwar Corporation_Oxford University Press.pdf	8	0	0.0285	1792	1344	51	829-880	151	1034	-
Hyman_2012_Rethinking the Postwar Corporation_Oxford University Press.pdf	15	2	0.6010	1792	1344	1077	488-1565	149	12	421-484,488-1565
Kazin_1955_The Writer and the .pdf	2	0	0.0031	1275	1650	4	390-394	134	120	-
Kazin_1955_The Writer and the .pdf	9	0	0.0008	1275	1650	1	1115-1116	135	503	-
Kazin_1955_The Writer and the .pdf	16	0	0.0110	1275	1650	14	1105-1119	137	132	-
Krippner__The political economy of financial exuberance_Emerald Group Publishing Limited.pdf	2	0	0.0039	760	1210	3	662-665	154	327	-
Krippner__The political economy of financial exuberance_Emerald Group Publishing Limited.pdf	21	0	0.0000	760	1210	0	-	181	313	-
Krippner__The political economy of financial exuberance_Emerald Group Publishing Limited.pdf	40	0	0.0000	760	1210	0	-	191	221	-
Kristol_1962_SOCIAL SCIENCES AND LAW_.pdf	2	1	0.0848	1651	1275	140	800-940	128	1204	800-940
Kristol_1962_SOCIAL SCIENCES AND LAW_.pdf	15	0	0.0084	1674	1303	14	723-737	149	1165	-
Kristol_1962_SOCIAL SCIENCES AND LAW_.pdf	29	0	0.0036	1677	1308	6	408-414	148	1066	-
Lloyd-Jones_Smith_1938_Selection and Admissions.pdf	2	0	0.0000	1203	1538	0	-	152	186	-
Lloyd-Jones_Smith_1938_Selection and Admissions.pdf	12	0	0.0000	788	1305	0	-	154	310	-
Lloyd-Jones_Smith_1938_Selection and Admissions.pdf	23	0	0.0000	810	1325	0	-	172	205	-
Maclean_2008_Southern Dominance in Borrowed Language_School for Advanced Research Press.pdf	2	0	0.0206	1650	1275	34	879-913	157	927	-
Maclean_2008_Southern Dominance in Borrowed Language_School for Advanced Research Press.pdf	6	0	0.0285	1650	1275	47	868-915	154	962	-
Maclean_2008_Southern Dominance in Borrowed Language_School for Advanced Research Press.pdf	10	0	0.0188	1650	1275	31	797-828	156	880	-
Merriam, H. G_1948_Does the Northwest Believe in Itself_Macmillan Co.pdf	2	0	0.0008	1275	1650	1	1084-1085	146	276	-
Merriam, H. G_1948_Does the Northwest Believe in Itself_Macmillan Co.pdf	12	0	0.0031	1275	1650	4	216-220	145	323	-
Merriam, H. G_1948_Does the Northwest Believe in Itself_Macmillan Co.pdf	23	0	0.0118	1275	1650	15	977-992	139	194	-
Miller_1952_The Business Elite in Business Bureaucracies_Harvard University Press.pdf	2	0	0.0000	687	1292	0	-	140	208	-
Miller_1952_The Business Elite in Business Bureaucracies_Harvard University Press.pdf	16	0	0.0000	739	1239	0	-	161	273	-
Miller_1952_The Business Elite in Business Bureaucracies_Harvard University Press.pdf	31	0	0.0058	856	1274	5	129-134	156	256	-
Moyn_2014_Imaginary Intellectual History_Oxford University Press, 2014 (2015-03-31 16-01-49).pdf	2	0	0.0000	1167	1574	0	-	147	229	-
Moyn_2014_Imaginary Intellectual History_Oxford University Press, 2014 (2015-03-31 16-01-49).pdf	13	0	0.0000	734	1283	0	-	161	263	-
Moyn_2014_Imaginary Intellectual History_Oxford University Press, 2014 (2015-03-31 16-01-49).pdf	25	0	0.0043	692	1254	3	601-604	157	121	-
National Association for the Advancement of Colored People - 1993 - Papers of the NAACP. Pt. 15 Ser. A Segration and discrimination, complaints and responses, 1940 - 1.pdf	2	0	0.0000	1256	1658	0	-	136	316	-
National Association for the Advancement of Colored People - 1993 - Papers of the NAACP. Pt. 15 Ser. A Segration and discrimination, complaints and responses, 1940 - 1.pdf	33	0	0.0104	1252	1652	13	283-296	140	476	-
National Association for the Advancement of Colored People - 1993 - Papers of the NAACP. Pt. 15 Ser. A Segration and discrimination, complaints and responses, 1940 - 1.pdf	65	0	0.0196	1275	1667	25	643-668	148	170	-
O'Brien_1955_The Area of Admissions in Higher Education_.pdf	2	0	0.0000	764	1228	0	-	156	267	-
O'Brien_1955_The Area of Admissions in Higher Education_.pdf	19	0	0.0000	823	1256	0	-	152	321	-
O'Brien_1955_The Area of Admissions in Higher Education_.pdf	37	0	0.0000	805	1235	0	-	152	328	-
Phillips-Fein_Zelizer_2012_What's good for business _Oxford University Press.pdf	2	0	0.0141	1275	1650	18	1040-1058	137	195	-
Phillips-Fein_Zelizer_2012_What's good for business _Oxford University Press.pdf	8	0	0.0298	1275	1650	38	575-613	163	454	-
Phillips-Fein_Zelizer_2012_What's good for business _Oxford University Press.pdf	15	1	0.0533	1275	1650	68	560-628	167	723	560-628
Riesman_1992_My Education in Soc 2 and My Efforts to Adapt It in the Harvard Setting_.pdf	2	0	0.0000	679	986	0	-	146	974	-
Riesman_1992_My Education in Soc 2 and My Efforts to Adapt It in the Harvard Setting_.pdf	21	0	0.0000	889	1341	0	-	147	745	-
Riesman_1992_My Education in Soc 2 and My Efforts to Adapt It in the Harvard Setting_.pdf	40	0	0.0000	961	1337	0	-	142	1337	-
Schaar, handwritten notes.pdf	2	0	0.0000	1691	1328	0	-	163	965	-
Schaar, handwritten notes.pdf	6	0	0.0000	1936	1421	0	-	164	429	-
Schaar, handwritten notes.pdf	11	0	0.0000	1656	1278	0	-	160	1276	-
Strickland and Ambrose - 1985 - The Baby Boom, Prosperity, and the Changing Worlds.pdf	2	0	0.0000	707	913	0	-	149	912	-
Strickland and Ambrose - 1985 - The Baby Boom, Prosperity, and the Changing Worlds.pdf	29	0	0.0000	714	1116	0	-	157	358	-
Strickland and Ambrose - 1985 - The Baby Boom, Prosperity, and the Changing Worlds.pdf	56	0	0.0013	800	1132	1	462-463	166	70	-
_1945_Postwar Economic Policy and Planning_.pdf	2	0	0.0000	1293	2112	0	-	142	159	-
_1945_Postwar Economic Policy and Planning_.pdf	76	0	0.0000	1304	2119	0	-	138	612	-
_1945_Postwar Economic Policy and Planning_.pdf	150	0	0.0000	1298	2116	0	-	145	404	-
full chapter.pdf	2	1	0.0455	1275	1650	58	939-997	139	427	939-997
full chapter.pdf	17	0	0.0008	1275	1650	1	254-255	144	539	-
full chapter.pdf	32	1	0.0580	1275	1650	74	936-1010	149	750	936-1010
(F) Dickens.pdf	2	0	0.0000	1275	1642	0	-	138	341	-
(F) Dickens.pdf	5	0	0.0000	1274	1641	0	-	143	325	-
(F) Dickens.pdf	8	0	0.0016	1274	1640	2	1057-1059	147	138	-
1881 - Harry Wilcox.pdf	2	0	0.0000	1845	1241	0	-	121	1241	-
1881 - Harry Wilcox.pdf	5	0	0.0000	1918	1241	0	-	132	1231	-
1881 - Harry Wilcox.pdf	9	0	0.0000	1978	1241	0	-	121	1173	-
1976 - Regis McKenna Papers - Early Career, 1965-1981.pdf	2	0	0.0000	6144	7204	0	-	129	7204	-
1976 - Regis McKenna Papers - Early Career, 1965-1981.pdf	5	0	0.0000	6300	6788	0	-	131	6787	-
1976 - Regis McKenna Papers - Early Career, 1965-1981.pdf	9	0	0.0000	6229	7213	0	-	127	7212	-
2008_Hoagland oral history.pdf	2	0	0.0000	1275	1650	0	-	147	312	-
2008_Hoagland oral history.pdf	8	0	0.0000	1275	1650	0	-	148	328	-
2008_Hoagland oral history.pdf	15	0	0.0000	1275	1650	0	-	147	380	-
2008_McIntyre oral history.pdf	2	0	0.0024	1275	1650	3	1073-1076	147	270	-
2008_McIntyre oral history.pdf	10	0	0.0000	1275	1650	0	-	148	338	-
2008_McIntyre oral history.pdf	18	0	0.0000	1275	1650	0	-	149	244	-
2013 - Silicon Valley Program Transcript.pdf	2	0	0.0000	1275	1650	0	-	167	365	-
2013 - Silicon Valley Program Transcript.pdf	20	0	0.0000	1275	1650	0	-	167	379	-
2013 - Silicon Valley Program Transcript.pdf	38	0	0.0000	1275	1650	0	-	169	175	-
2015_Gibbs oral history.pdf	2	0	0.0000	1275	1650	0	-	143	7	-
2015_Gibbs oral history.pdf	36	0	0.0157	1275	1650	20	317-337	159	240	-
2015_Gibbs oral history.pdf	71	0	0.0024	1275	1650	3	1059-1062	160	94	-
2017_Bunnell oral history, athletics.pdf	2	0	0.0000	1275	1650	0	-	159	8	-
2017_Bunnell oral history, athletics.pdf	35	0	0.0133	1275	1650	17	328-345	158	185	-
2017_Bunnell oral history, athletics.pdf	69	0	0.0016	1275	1650	2	1075-1077	160	118	-
2024 - Class Action lawsuit re need blind admissions.pdf	2	0	0.0000	1275	1650	0	-	154	230	-
2024 - Class Action lawsuit re need blind admissions.pdf	38	0	0.0000	1275	1650	0	-	156	206	-
2024 - Class Action lawsuit re need blind admissions.pdf	75	0	0.0000	1275	1650	0	-	162	140	-
Atkinson_1939_Atkinson on firings_.pdf	1	0	0.0017	4031	5400	7	3463-3470	110	1040	-
Atkinson_1939_Atkinson on firings_.pdf	2	0	0.0000	4031	5400	0	-	120	1230	-
Atkinson_1939_Atkinson on firings_.pdf	3	0	0.0000	4031	5400	0	-	132	1299	-
Ford_1941_Speech_.pdf	2	0	0.0136	4031	5400	55	3449-3504	123	5363	-
Ford_1941_Speech_.pdf	4	0	0.0027	4031	5400	11	3496-3507	119	2091	-
Ford_1941_Speech_.pdf	6	0	0.0015	4031	5400	6	3467-3473	123	5400	-
Freud_Fetishism.pdf	2	2	0.1028	1488	1210	153	569-722	148	167	569-722,764-818
Freud_Fetishism.pdf	4	0	0.0326	1471	1197	48	758-806	159	430	-
Freud_Fetishism.pdf	7	0	0.0286	1502	1201	43	769-812	162	294	-
Galison_1998_Trading Zone_.pdf	2	0	0.0000	2150	1517	0	-	159	1517	-
Galison_1998_Trading Zone_.pdf	8	0	0.0000	2150	1517	0	-	167	1516	-
Galison_1998_Trading Zone_.pdf	14	0	0.0000	2150	1517	0	-	167	1516	-
Geiger oral history.pdf	2	0	0.0000	1275	1650	0	-	147	6	-
Geiger oral history.pdf	50	0	0.0157	1275	1650	20	318-338	159	234	-
Geiger oral history.pdf	99	0	0.0024	1275	1650	3	1063-1066	158	68	-
Henry Morgenthau papers.pdf	2	2	0.0541	1275	1650	69	677-746	143	330	176-221,677-746
Henry Morgenthau papers.pdf	101	3	0.1255	1275	1650	160	954-1114	145	256	248-308,721-798,954-1114
Henry Morgenthau papers.pdf	201	0	0.0047	1275	1650	6	1076-1082	146	183	-
Herbert Marks papers.pdf	2	1	0.0729	1275	1650	93	199-292	211	63	199-292
Herbert Marks papers.pdf	8	0	0.0047	1275	1650	6	182-188	210	403	-
Herbert Marks papers.pdf	15	0	0.0102	1275	1650	13	246-259	192	284	-
Intellectual History Newsletter -- Forum on Menand.pdf	2	0	0.0089	1232	1563	11	922-933	136	1315	-
Intellectual History Newsletter -- Forum on Menand.pdf	23	0	0.0000	1107	1498	0	-	142	272	-
Intellectual History Newsletter -- Forum on Menand.pdf	45	0	0.0000	1107	1498	0	-	140	684	-
Lyons oral history.pdf	2	0	0.0000	1275	1650	0	-	159	8	-
Lyons oral history.pdf	58	0	0.0008	1275	1650	1	1067-1068	165	202	-
Lyons oral history.pdf	114	0	0.0039	1275	1650	5	812-817	167	400	-
Nogales oral history.pdf	2	0	0.0000	1275	1650	0	-	159	8	-
Nogales oral history.pdf	24	0	0.0000	1275	1650	0	-	165	309	-
Nogales oral history.pdf	46	1	0.0604	1275	1650	77	552-629	164	39	552-629
October_2,_1960_(Page_24_of_25.pdf	1	0	0.0066	2257	3954	15	1131-1146	142	3921	-
RIESMAN_1942_American Law Institute Proceedings_.pdf	2	0	0.0224	1293	1664	29	887-916	148	1585	-
RIESMAN_1942_American Law Institute Proceedings_.pdf	6	0	0.0000	1314	1679	0	-	165	1474	-
RIESMAN_1942_American Law Institute Proceedings_.pdf	10	0	0.0000	1282	1655	0	-	168	1527	-
Riesman_1964_From inner-directed to other- directed_.pdf	2	0	0.0000	760	1309	0	-	144	172	-
Riesman_1964_From inner-directed to other- directed_.pdf	10	0	0.0000	741	1300	0	-	148	416	-
Riesman_1964_From inner-directed to other- directed_.pdf	18	0	0.0000	740	1300	0	-	145	293	-
Riesman_1964_The New Education_.pdf	2	0	0.0000	1186	1511	0	-	149	211	-
Riesman_1964_The New Education_.pdf	7	0	0.0000	726	1198	0	-	160	279	-
Riesman_1964_The New Education_.pdf	12	0	0.0199	704	1066	14	533-547	151	215	-
Riesman_1973_THEMES OF WORK AND PLAY IN THE STRUCTURE OF FREUD S THOUGHT_.pdf	2	0	0.0000	1189	1517	0	-	152	220	-
Riesman_1973_THEMES OF WORK AND PLAY IN THE STRUCTURE OF FREUD S THOUGHT_.pdf	16	0	0.0000	706	1092	0	-	158	269	-
Riesman_1973_THEMES OF WORK AND PLAY IN THE STRUCTURE OF FREUD S THOUGHT_.pdf	30	1	0.0837	717	409	60	91-151	154	82	91-151
Senate, Democratic Leadership.pdf	2	0	0.0000	1275	1650	0	-	141	276	-
Senate, Democratic Leadership.pdf	14	0	0.0024	1275	1650	3	298-301	142	402	-
Senate, Democratic Leadership.pdf	27	0	0.0000	1275	1650	0	-	143	135	-
Stanford_1891_Jane Stanford opening day speech (undelivered).pdf	2	0	0.0000	969	1419	0	-	182	175	-
Stanford_1891_Jane Stanford opening day speech (undelivered).pdf	3	0	0.0010	992	1441	1	402-403	178	238	-
Stanford_1891_Jane Stanford opening day speech (undelivered).pdf	4	0	0.0000	993	1438	0	-	175	182	-
Stiglitz1975(onPasinetti1974).pdf	1	0	0.0000	1240	1754	0	-	151	239	-
Stiglitz1975(onPasinetti1974).pdf	2	0	0.0093	1075	1500	10	521-531	149	325	-
Stiglitz1975(onPasinetti1974).pdf	3	0	0.0028	1075	1500	3	526-529	148	397	-
_1939_Former students to Board re Merriam_.pdf	2	0	0.0000	4031	5400	0	-	112	1672	-
_1939_Former students to Board re Merriam_.pdf	10	0	0.0000	4031	5400	0	-	157	2994	-
_1939_Former students to Board re Merriam_.pdf	18	0	0.0000	4031	5400	0	-	127	1425	-
_1953_99 Cong_ 2.pdf	2	0	0.0050	1407	1658	7	848-855	157	621	-
_1953_99 Cong_ 2.pdf	16	0	0.0021	1407	1658	3	855-858	154	520	-
_1953_99 Cong_ 2.pdf	31	0	0.0043	1407	1658	6	862-868	153	652	-
_1953_99 Cong_.pdf	2	0	0.0007	1444	1652	1	565-566	152	520	-
_1953_99 Cong_.pdf	17	0	0.0035	1444	1652	5	558-563	157	621	-
_1953_99 Cong_.pdf	32	0	0.0014	1444	1652	2	560-562	155	531	-
_1953_Conspicuous Production_.pdf	1	0	0.0031	1309	1678	4	686-690	136	1308	-
_1953_Conspicuous Production_.pdf	2	0	0.0000	1339	1689	0	-	167	454	-
_1953_Conspicuous Production_.pdf	3	0	0.0000	1289	1659	0	-	165	454	-
_1960_Organization and operation of the Small Business Administration_.pdf	2	0	0.0010	975	1538	1	828-829	150	155	-
_1960_Organization and operation of the Small Business Administration_.pdf	37	0	0.0000	975	1538	0	-	141	471	-
_1960_Organization and operation of the Small Business Administration_.pdf	73	0	0.0000	975	1538	0	-	147	332	-
_1973_Committee Against Racism_.pdf	2	0	0.0000	1276	1650	0	-	151	698	-
_1973_Committee Against Racism_.pdf	3	0	0.0000	1275	1650	0	-	156	695	-
_1973_Committee Against Racism_.pdf	4	0	0.0000	1275	1650	0	-	153	647	-
_1979_Ideology of American Neo-Conservatism_.pdf	2	0	0.0000	956	1344	0	-	147	365	-
_1979_Ideology of American Neo-Conservatism_.pdf	9	0	0.0000	983	1242	0	-	147	372	-
_1979_Ideology of American Neo-Conservatism_.pdf	16	0	0.0000	938	844	0	-	149	138	-
ppf_description.pdf	2	0	0.0024	1275	1650	3	707-710	152	320	-
ppf_description.pdf	3	0	0.0000	1275	1650	0	-	162	260	-
ppf_description.pdf	5	0	0.0024	1275	1650	3	230-233	150	150	-
w5093.pdf	2	0	0.0000	1275	1633	0	-	142	234	-
w5093.pdf	33	0	0.0000	1273	1633	0	-	151	143	-
w5093.pdf	64	0	0.0063	1271	1631	8	755-763	152	168	-
1935_Title Page.pdf	1	0	0.0072	833	1250	6	633-639	157	177	-
1935_Title Page.pdf	2	0	0.0024	1275	1650	3	312-315	140	61	-
1944_Options picking up.pdf	1	0	0.0000	1208	1656	0	-	160	1643	-
1944_Options picking up.pdf	2	0	0.0000	1203	1652	0	-	152	1032	-
1944_Options picking up.pdf	3	0	0.0031	1275	1650	4	179-183	149	41	-
Albanese_1997_Senate Will Examine Stock Option Bill.pdf	1	0	0.0000	848	1100	0	-	157	642	-
Albanese_1997_Senate Will Examine Stock Option Bill.pdf	2	0	0.0000	848	1100	0	-	173	495	-
Albanese_1997_Senate Will Examine Stock Option Bill.pdf	3	0	0.0016	1275	1650	2	580-582	128	78	-
Baker_2000_The Supply-Side Effect of a Stock Market Crash.pdf	2	0	0.0000	1050	1658	0	-	149	343	-
Baker_2000_The Supply-Side Effect of a Stock Market Crash.pdf	7	0	0.0000	1050	1658	0	-	148	478	-
Baker_2000_The Supply-Side Effect of a Stock Market Crash.pdf	12	0	0.0000	1050	1658	0	-	154	224	-
Batzell - Free Labor, Capitalism and the Antislavery Origins of Chinese Labor Exclusion in 1870s California.pdf	2	0	0.0000	1275	1650	0	-	147	233	-
Batzell - Free Labor, Capitalism and the Antislavery Origins of Chinese Labor Exclusion in 1870s California.pdf	28	0	0.0000	1275	1650	0	-	147	207	-
Batzell - Free Labor, Capitalism and the Antislavery Origins of Chinese Labor Exclusion in 1870s California.pdf	54	0	0.0000	1275	1650	0	-	153	205	-
Borges_The Lottery in Babylon.pdf	2	0	0.0000	1239	1754	0	-	154	412	-
Borges_The Lottery in Babylon.pdf	3	0	0.0000	1239	1754	0	-	154	412	-
Borges_The Lottery in Babylon.pdf	5	0	0.0000	1239	1754	0	-	157	79	-
Burke - The Expansion of American Higher Education.pdf	2	0	0.0000	796	1188	0	-	152	244	-
Burke - The Expansion of American Higher Education.pdf	13	0	0.0126	796	1188	10	116-126	160	353	-
Burke - The Expansion of American Higher Education.pdf	24	0	0.0000	806	1196	0	-	158	71	-
Collins_1971_Functional and Conflict Theories of Educational Stratification_American Sociological Review.pdf	2	0	0.0000	975	1492	0	-	155	324	-
Collins_1971_Functional and Conflict Theories of Educational Stratification_American Sociological Review.pdf	10	0	0.0010	975	1492	1	493-494	155	388	-
Collins_1971_Functional and Conflict Theories of Educational Stratification_American Sociological Review.pdf	19	0	0.0000	975	1492	0	-	155	272	-
Crystal_2000_Option grants leave CEOs with sinking feeling.pdf	1	0	0.0000	1725	2100	0	-	155	597	-
Donahue - 2001 - Time to Get Serious About Talent Management.pdf	1	0	0.0241	1163	1617	28	765-793	144	1617	-
Donahue - 2001 - Time to Get Serious About Talent Management.pdf	2	0	0.0215	1163	1613	25	371-396	149	1613	-
Donahue - 2001 - Time to Get Serious About Talent Management.pdf	3	0	0.0000	1240	1754	0	-	146	86	-
Eyal-Cohen - Why Is Small Business the Chief Business of Congress.pdf	2	0	0.0000	1052	1500	0	-	149	153	-
Eyal-Cohen - Why Is Small Business the Chief Business of Congress.pdf	30	0	0.0010	1052	1500	1	875-876	151	312	-
Eyal-Cohen - Why Is Small Business the Chief Business of Congress.pdf	59	0	0.0000	1052	1500	0	-	153	2	-
Fisch et al. - 2019 - The New Titans of Wall Street A Theoretical Framework for Passive Investors.pdf	2	0	0.0000	975	1517	0	-	158	215	-
Fisch et al. - 2019 - The New Titans of Wall Street A Theoretical Framework for Passive Investors.pdf	29	0	0.0000	975	1517	0	-	158	279	-
Fisch et al. - 2019 - The New Titans of Wall Street A Theoretical Framework for Passive Investors.pdf	57	0	0.0000	975	1517	0	-	156	103	-
Har - THE NECKLACE OF KALI..pdf	1	0	0.0089	1805	2709	16	775-791	131	1101	-
Jones et al_2010_The Productivity Effects of Stock Option Schemes.pdf	2	0	0.0274	1240	1648	34	604-638	167	418	-
Jones et al_2010_The Productivity Effects of Stock Option Schemes.pdf	8	0	0.0000	1240	1648	0	-	171	322	-
Jones et al_2010_The Productivity Effects of Stock Option Schemes.pdf	15	0	0.0063	1275	1650	8	631-639	144	19	-
Kristol_1970_When virtue loses all her loveliness --some reflections on capitalism and_.pdf	2	0	0.0000	840	1350	0	-	150	284	-
Kristol_1970_When virtue loses all her loveliness --some reflections on capitalism and_.pdf	7	0	0.0000	840	1350	0	-	152	350	-
Kristol_1970_When virtue loses all her loveliness --some reflections on capitalism and_.pdf	13	0	0.0000	840	1350	0	-	152	242	-
Lemieux et al. - Performance Pay and Wage Inequality.pdf	2	0	0.0000	975	1517	0	-	155	266	-
Lemieux et al. - Performance Pay and Wage Inequality.pdf	26	0	0.0000	975	1517	0	-	153	405	-
Lemieux et al. - Performance Pay and Wage Inequality.pdf	50	0	0.0000	975	1517	0	-	159	210	-
Litt_1974_Liberty Above Equality The Counterreformation in Higher Education Policy_The American Behavioral Scientist (pre-1986); Thousand Oaks.pdf	2	0	0.0000	556	963	0	-	160	310	-
Litt_1974_Liberty Above Equality The Counterreformation in Higher Education Policy_The American Behavioral Scientist (pre-1986); Thousand Oaks.pdf	13	0	0.0000	567	965	0	-	147	321	-
Litt_1974_Liberty Above Equality The Counterreformation in Higher Education Policy_The American Behavioral Scientist (pre-1986); Thousand Oaks.pdf	24	0	0.0000	558	838	0	-	155	257	-
Longenecker et al_1987_Behind The Mask_The Academy of Management Executive; Mississippi State.pdf	2	0	0.0000	1271	1758	0	-	155	611	-
Longenecker et al_1987_Behind The Mask_The Academy of Management Executive; Mississippi State.pdf	6	0	0.0000	1271	1758	0	-	156	542	-
Longenecker et al_1987_Behind The Mask_The Academy of Management Executive; Mississippi State.pdf	11	0	0.0008	1271	1758	1	664-665	157	1091	-
Lowell - The Government of Dependencies.pdf	2	0	0.0000	744	1140	0	-	148	357	-
Lowell - The Government of Dependencies.pdf	8	0	0.0000	744	1140	0	-	148	411	-
Lowell - The Government of Dependencies.pdf	14	0	0.0000	744	1140	0	-	147	359	-
McWilliams_1933_Provincialism_The Frontier and Midland.pdf	2	0	0.0016	1275	1650	2	1108-1110	151	1633	-
McWilliams_1933_Provincialism_The Frontier and Midland.pdf	8	0	0.0118	1275	1650	15	644-659	148	331	-
McWilliams_1933_Provincialism_The Frontier and Midland.pdf	15	0	0.0102	1275	1650	13	1104-1117	148	311	-
Merriam_1920_Daughter of Pan_The Montanan (The Frontier).pdf	1	0	0.0000	4031	5400	0	-	138	5400	-
Price_1958_The Small Business Tax Revision of 1958.pdf	2	0	0.0000	898	1352	0	-	152	238	-
Price_1958_The Small Business Tax Revision of 1958.pdf	19	0	0.0000	898	1352	0	-	148	341	-
Price_1958_The Small Business Tax Revision of 1958.pdf	37	0	0.0000	898	1352	0	-	152	208	-
Riesman_1942_Democracy and Defamation_Columbia Law Review (2017-04-04 13-44-43).pdf	2	0	0.0000	876	1392	0	-	161	247	-
Riesman_1942_Democracy and Defamation_Columbia Law Review (2017-04-04 13-44-43).pdf	28	0	0.0000	878	1393	0	-	161	285	-
Riesman_1942_Democracy and Defamation_Columbia Law Review (2017-04-04 13-44-43).pdf	55	0	0.0000	876	1392	0	-	162	113	-
Riesman_1949_Men, Women, and Marriage_Nation.pdf	1	0	0.0062	1293	1663	8	818-826	148	591	-
Riesman_1949_Men, Women, and Marriage_Nation.pdf	2	0	0.0085	1287	1660	11	829-840	152	545	-
Riesman_1949_Men, Women, and Marriage_Nation.pdf	3	0	0.0024	1276	1650	3	412-415	157	49	-
Riesman_1958_Who Will and Who Should Pay for Higher Education_The School Review.pdf	2	0	0.0000	901	1392	0	-	157	234	-
Riesman_1958_Who Will and Who Should Pay for Higher Education_The School Review.pdf	8	0	0.0000	904	1393	0	-	158	352	-
Riesman_1958_Who Will and Who Should Pay for Higher Education_The School Review.pdf	15	0	0.0000	901	1392	0	-	159	256	-
Riesman_1976_Thoughts on the Graduate Experience_Change.pdf	2	0	0.0000	1275	1667	0	-	144	475	-
Riesman_1976_Thoughts on the Graduate Experience_Change.pdf	4	0	0.0023	1281	1671	3	629-632	148	691	-
Riesman_1976_Thoughts on the Graduate Experience_Change.pdf	7	0	0.0063	1276	1667	8	637-645	147	578	-
Ripley_1889_The Teaching of the English Language and Literature_Education.pdf	2	0	0.0000	790	1289	0	-	147	264	-
Ripley_1889_The Teaching of the English Language and Literature_Education.pdf	9	0	0.0000	790	1289	0	-	146	342	-
Ripley_1889_The Teaching of the English Language and Literature_Education.pdf	16	0	0.0000	790	1289	0	-	146	345	-
Robin_Stephens_1996_Against the Grain_Social Text.pdf	2	0	0.0047	1075	1515	5	757-762	154	284	-
Robin_Stephens_1996_Against the Grain_Social Text.pdf	17	1	0.0381	1075	1515	41	278-319	156	236	278-319
Robin_Stephens_1996_Against the Grain_Social Text.pdf	32	0	0.0000	1075	1515	0	-	158	88	-
Sanders_2001_BEHAVIORAL RESPONSES OF CEOs TO STOCK OWNERSHIP AND STOCK OPTION PAY.pdf	2	1	0.0474	1203	1629	57	592-649	152	1496	592-649
Sanders_2001_BEHAVIORAL RESPONSES OF CEOs TO STOCK OWNERSHIP AND STOCK OPTION PAY.pdf	9	0	0.0008	1204	1626	1	598-599	154	1569	-
Sanders_2001_BEHAVIORAL RESPONSES OF CEOs TO STOCK OWNERSHIP AND STOCK OPTION PAY.pdf	17	0	0.0024	1276	1650	3	626-629	147	55	-
Scott_TK_The Scientific Selection of Salesmen.pdf	2	0	0.0000	1275	1570	0	-	140	540	-
Scott_TK_The Scientific Selection of Salesmen.pdf	7	0	0.0000	1020	1256	0	-	163	837	-
Scott_TK_The Scientific Selection of Salesmen.pdf	13	0	0.0039	1020	1274	4	658-662	160	777	-
Surani et al. - AI for Scaling Legal Reform Mapping and Redacting Racial Covenants in Santa Clara County.pdf	2	0	0.0000	1275	1650	0	-	155	446	-
Surani et al. - AI for Scaling Legal Reform Mapping and Redacting Racial Covenants in Santa Clara County.pdf	19	0	0.0000	1275	1650	0	-	155	486	-
Surani et al. - AI for Scaling Legal Reform Mapping and Redacting Racial Covenants in Santa Clara County.pdf	37	0	0.0016	1275	1650	2	1039-1041	199	337	-
Wells_2015_A Long View of Shareholder Power.pdf	2	0	0.0000	974	1494	0	-	151	304	-
Wells_2015_A Long View of Shareholder Power.pdf	34	0	0.0000	967	1496	0	-	149	348	-
Wells_2015_A Long View of Shareholder Power.pdf	67	0	0.0000	966	1503	0	-	154	165	-
Wilson_1975_Review of The Welfare State and Equality_Journal of Economic Literature.pdf	2	0	0.0000	1075	1517	0	-	155	379	-
Wilson_1975_Review of The Welfare State and Equality_Journal of Economic Literature.pdf	3	0	0.0000	1075	1517	0	-	155	384	-
Wilson_1975_Review of The Welfare State and Equality_Journal of Economic Literature.pdf	4	0	0.0000	1075	1517	0	-	156	358	-
Xin Qu et al_2018_Executive stock option vesting conditions, corporate governance and CEO.pdf	2	0	0.0000	921	1382	0	-	175	300	-
Xin Qu et al_2018_Executive stock option vesting conditions, corporate governance and CEO.pdf	17	0	0.0000	921	1382	0	-	176	265	-
Xin Qu et al_2018_Executive stock option vesting conditions, corporate governance and CEO.pdf	32	0	0.0032	1240	1754	4	423-427	161	47	-
_1985_Issue 2_New Perspectives.pdf	2	0	0.0000	1052	1500	0	-	143	378	-
_1985_Issue 2_New Perspectives.pdf	15	0	0.0000	1052	1500	0	-	144	415	-
oster - Engagement of Anne Foster To Tucson Man Announced.pdf	1	0	0.0020	2451	3468	5	905-910	114	3035	-
1947_Corporation Tax Study Due By House Body.pdf	2	0	0.0008	1244	1757	1	516-517	188	746	-
1947_Corporation Tax Study Due By House Body.pdf	3	0	0.0218	1240	1754	27	306-333	144	367	-
1947_Corporation Tax Study Due By House Body.pdf	4	1	0.3242	1240	1754	402	656-1058	186	62	656-1058
Astin__The Challenge of Open Admissions by Alexander W_UNZ.org.pdf	1	0	0.0055	1275	1650	7	812-819	155	580	-
Astin__The Challenge of Open Admissions by Alexander W_UNZ.org.pdf	2	0	0.0188	1275	1650	24	837-861	154	630	-
Astin__The Challenge of Open Admissions by Alexander W_UNZ.org.pdf	3	0	0.0180	1275	1650	23	815-838	145	995	-
Black_0000_The Scandal of Educational Testing.pdf	1	0	0.0000	1020	1391	0	-	144	856	-
Black_0000_The Scandal of Educational Testing.pdf	2	0	0.0176	1020	1391	18	529-547	156	646	-
Black_0000_The Scandal of Educational Testing.pdf	3	0	0.0127	1020	1388	13	778-791	159	631	-
Bullitt_1959_The Future American Class System_Horizon.pdf	2	0	0.0000	1158	1628	0	-	165	450	-
Bullitt_1959_The Future American Class System_Horizon.pdf	5	0	0.0196	1175	1607	23	563-586	163	399	-
Bullitt_1959_The Future American Class System_Horizon.pdf	8	0	0.0000	1028	1359	0	-	158	335	-
Davis_2005_Optimism of the Will_Nation.pdf	2	0	0.0271	1219	1631	33	403-436	146	1448	-
Davis_2005_Optimism of the Will_Nation.pdf	3	0	0.0238	1219	1631	29	411-440	163	1428	-
Davis_2005_Optimism of the Will_Nation.pdf	5	0	0.0016	1275	1650	2	765-767	128	96	-
Ehrenreich_2000_Maid to order_Harper's Magazine.pdf	2	1	0.1022	1204	1654	123	907-1030	187	313	907-1030
Ehrenreich_2000_Maid to order_Harper's Magazine.pdf	7	1	0.0389	1208	1656	47	472-519	189	460	472-519
Ehrenreich_2000_Maid to order_Harper's Magazine.pdf	13	1	0.0394	1219	1663	48	480-528	191	454	480-528
Glazer_2002_Higher Ed_New Republic.pdf	1	0	0.0050	1192	1631	6	440-446	160	1482	-
Glazer_2002_Higher Ed_New Republic.pdf	2	0	0.0024	1275	1650	3	170-173	128	55	-
Glazer_2003_Kith and Kin_Commentary; New York.pdf	1	0	0.0000	1187	1783	0	-	161	544	-
Glazer_2003_Kith and Kin_Commentary; New York.pdf	2	0	0.0102	1178	1678	12	426-438	162	1308	-
Glazer_2003_Kith and Kin_Commentary; New York.pdf	3	0	0.0084	1190	1675	10	747-757	162	1295	-
HarpersMagazine-1938-05-0019577.pdf	2	0	0.0067	900	1350	6	485-491	171	482	-
HarpersMagazine-1938-05-0019577.pdf	6	0	0.0111	902	1350	10	480-490	172	515	-
HarpersMagazine-1938-05-0019577.pdf	10	0	0.0099	906	1354	9	474-483	171	416	-
Kelly_2014_Orders of Magnitude_TLS.pdf	1	0	0.0006	1680	2138	1	1228-1229	158	1173	-
Kelly_2014_Orders of Magnitude_TLS.pdf	2	0	0.0131	1680	2138	22	1226-1248	159	791	-
Kelly_2014_Orders of Magnitude_TLS.pdf	3	0	0.0000	1680	2138	0	-	168	858	-
Kristol_1960_High, Low, and Modern_Encounter.pdf	2	0	0.0050	996	1507	5	495-500	156	317	-
Kristol_1960_High, Low, and Modern_Encounter.pdf	6	0	0.0080	997	1507	8	496-504	150	322	-
Kristol_1960_High, Low, and Modern_Encounter.pdf	10	0	0.0000	993	1509	0	-	153	273	-
Lasky et al. - 1949 - Letters from readers.pdf	1	0	0.0000	855	1369	0	-	148	401	-
Lasky et al. - 1949 - Letters from readers.pdf	2	0	0.0011	875	1390	1	417-418	149	377	-
Lasky et al. - 1949 - Letters from readers.pdf	3	0	0.0012	855	1423	1	418-419	151	448	-
Lemann, Nicholas_1977_Success In America_Washington Monthly.pdf	2	0	0.0182	933	1406	17	456-473	148	346	-
Lemann, Nicholas_1977_Success In America_Washington Monthly.pdf	3	0	0.0204	933	1406	19	455-474	149	475	-
Lemann, Nicholas_1977_Success In America_Washington Monthly.pdf	5	0	0.0000	933	1406	0	-	129	591	-
Lipset_Luethy_1955_European traditions and American sociology_Commentary (pre-1986); New York.pdf	2	0	0.0025	802	1131	2	393-395	158	356	-
Lipset_Luethy_1955_European traditions and American sociology_Commentary (pre-1986); New York.pdf	3	0	0.0037	802	1129	3	398-401	156	377	-
Lipset_Luethy_1955_European traditions and American sociology_Commentary (pre-1986); New York.pdf	5	0	0.0012	819	1100	1	419-420	152	262	-
Luethy_1955_Social mobility again--And elites_Commentary (pre-1986); New York.pdf	2	0	0.0039	779	1115	3	405-408	153	373	-
Luethy_1955_Social mobility again--And elites_Commentary (pre-1986); New York.pdf	3	0	0.0024	819	1140	2	403-405	151	297	-
Luethy_1955_Social mobility again--And elites_Commentary (pre-1986); New York.pdf	4	0	0.0013	800	1129	1	354-355	150	190	-
Marth_1982_Why Unions Lose At Many Companies_Nation's Business (pre-1986); Washington.pdf	1	0	0.0000	974	1440	0	-	137	883	-
Marth_1982_Why Unions Lose At Many Companies_Nation's Business (pre-1986); Washington.pdf	2	0	0.0078	895	1169	7	296-303	157	469	-
Merriam_1913_Clutter of Things_The Independent.pdf	1	0	0.0033	904	1404	3	463-466	145	432	-
Merriam_1913_Clutter of Things_The Independent.pdf	2	0	0.0044	904	1404	4	422-426	144	470	-
Part Two.pdf	2	0	0.0039	1275	1650	5	1008-1013	140	272	-
Part Two.pdf	18	0	0.0196	1275	1650	25	161-186	150	357	-
Part Two.pdf	35	0	0.0251	1275	1650	32	1081-1113	150	298	-
Peters_1989_Tilting at Windmilss_Washington Monthly.pdf	2	0	0.0317	1010	1475	32	327-359	148	762	-
Peters_1989_Tilting at Windmilss_Washington Monthly.pdf	3	0	0.0327	1010	1475	33	339-372	155	398	-
Peters_1989_Tilting at Windmilss_Washington Monthly.pdf	4	2	0.0386	1010	1475	39	332-371	160	423	332-371,641-677
Sherman_1986_elite institutions_The Public Interest; New York.pdf	2	0	0.0065	1240	1654	8	227-235	159	467	-
Sherman_1986_elite institutions_The Public Interest; New York.pdf	4	0	0.0065	1240	1654	8	229-237	155	427	-
Sherman_1986_elite institutions_The Public Interest; New York.pdf	6	0	0.0056	1240	1654	7	232-239	158	248	-
Stone_1965_England’s Revolution_The New York Review of Books.pdf	2	0	0.0000	1275	1650	0	-	155	481	-
Stone_1965_England’s Revolution_The New York Review of Books.pdf	3	0	0.0000	1275	1650	0	-	156	522	-
Stone_1965_England’s Revolution_The New York Review of Books.pdf	4	0	0.0000	1276	1650	0	-	154	348	-
_1958_Executive Pay_Nation's Business (pre-1986); Washington.pdf	2	0	0.0053	949	1288	5	481-486	153	342	-
_1958_Executive Pay_Nation's Business (pre-1986); Washington.pdf	4	0	0.0093	971	1387	9	624-633	141	624	-
_1958_Executive Pay_Nation's Business (pre-1986); Washington.pdf	6	0	0.0068	887	1402	6	586-592	145	633	-
_1967_Yearly Increase of 15% Expected by Ampex_Boxoffice (Archive 1920-2000); New York.pdf	1	0	0.0169	1242	1685	21	814-835	164	1517	-
_1977_What We're About_Washington Monthly.pdf	1	0	0.0000	919	1467	0	-	150	359	-
_1977_What We're About_Washington Monthly.pdf	2	0	0.0000	919	1467	0	-	150	320	-
_1977_What We're About_Washington Monthly.pdf	3	0	0.0000	919	1467	0	-	142	587	-
1976_Results of Trading in Stock Options.pdf	1	0	0.0000	1046	2088	0	-	153	1243	-
Berendzen_1981_The Soaring Lesson of America in Space_Newsday (1940-1990), Nassau ed.; Long Island, N.Y..pdf	1	0	0.0000	1246	2010	0	-	137	842	-
Gitlin_2000_How Our Crowd Got Lonely_New York Times.pdf	1	0	0.0000	959	1281	0	-	157	625	-
Glazer_2003_Neoconservatives, Then and Now_New York Times.pdf	1	0	0.0076	525	709	4	400-404	153	224	-
JOURNAL_1969_Giving the Boss a Raise_Wall Street Journal (1923 - Current file); New York, N.Y..pdf	1	0	0.0000	1302	2301	0	-	149	652	-
Williams_1958_DEMOCRACY OR MERITOCRACY_The Manchester Guardian (1901-1959); Manchester (UK).pdf	1	0	0.0022	908	1463	2	600-602	159	627	-
Zipkin_2000_Management.pdf	1	0	0.0000	821	1308	0	-	150	535	-
Zipkin_2000_Management.pdf	2	0	0.0031	954	1192	3	480-483	155	609	-
_1926_Clapp defends Cox_Billings Gazette.pdf	1	0	0.0000	2594	3848	0	-	143	2349	-
_1926_Cox resigns, following most severe public criticism that ever has been_Anaconda Standard.pdf	1	0	0.0000	2006	2663	0	-	148	2100	-
_1926_English dept summer school_Havre Daily News Promoter.pdf	1	0	0.0000	2525	3273	0	-	138	1415	-
_1928_Creative writing a featured course at Summer School_Helena Daily Independent.pdf	1	0	0.0000	2273	2875	0	-	133	1688	-
_1931_Again, press most excited about Frontier's history section_Helena Daily Independent.pdf	1	0	0.0000	2279	2867	0	-	138	1097	-
_1939_Kalispell resident offering private creative writing courses, out of her home_Kalispell Daily Inter Lake.pdf	1	0	0.0000	2415	3183	0	-	133	1918	-
_1941_Fiedler's hiring at UM announced_Helena Independent.pdf	1	0	0.0000	2167	3329	0	-	135	2297	-
_1950_Comic_Independent Record.pdf	1	0	0.0012	2590	3598	3	1305-1308	138	1603	-
_1973_Other 67 -- No Title_Newsday (1940-1988), Nassau ed.; Long Island, N.Y..pdf	2	0	0.0044	1133	950	5	201-206	142	743	-
_1973_Other 67 -- No Title_Newsday (1940-1988), Nassau ed.; Long Island, N.Y..pdf	3	0	0.0044	1127	963	5	201-206	152	502	-
_1973_Other 67 -- No Title_Newsday (1940-1988), Nassau ed.; Long Island, N.Y..pdf	4	0	0.0170	704	956	12	430-442	148	759	-
___ 2.pdf	1	0	0.0088	1598	2606	14	932-946	145	903	-
___ 3.pdf	1	0	0.0030	2331	3456	7	1698-1705	105	1366	-
___ 4.pdf	1	0	0.0009	1153	2071	1	738-739	152	739	-
___ 5.pdf	1	0	0.0000	1788	2848	0	-	144	1133	-
___.pdf	1	0	0.0024	2450	3722	6	1275-1281	127	1813	-
1957_Allied Chemical & Dye Corporation Annual Report -- 1957.pdf	2	0	0.0092	871	1379	8	497-505	169	87	-
1957_Allied Chemical & Dye Corporation Annual Report -- 1957.pdf	18	0	0.0000	1191	1636	0	-	137	559	-
1957_Allied Chemical & Dye Corporation Annual Report -- 1957.pdf	35	0	0.0029	1371	1859	4	1029-1033	136	435	-
1958_CiT Financial Corporation Annual Report -- 1958.pdf	2	0	0.0147	1088	1551	16	489-505	153	17	-
1958_CiT Financial Corporation Annual Report -- 1958.pdf	21	0	0.0084	1185	1820	10	891-901	147	194	-
1958_CiT Financial Corporation Annual Report -- 1958.pdf	41	0	0.0025	1223	1763	3	735-738	150	366	-
1958_E.pdf	2	0	0.0086	581	1118	5	326-331	150	94	-
1958_E.pdf	26	0	0.0000	558	1043	0	-	153	191	-
1958_E.pdf	50	0	0.0000	715	1215	0	-	146	207	-
1958_General Foods Corporation Annual Report -- 1958.pdf	2	0	0.0000	984	1422	0	-	142	846	-
1958_General Foods Corporation Annual Report -- 1958.pdf	15	0	0.0032	924	1352	3	599-602	143	623	-
1958_General Foods Corporation Annual Report -- 1958.pdf	28	0	0.0107	840	1160	9	497-506	143	720	-
1958_The Anaconda Company Annual Report -- 1958.pdf	2	0	0.0149	874	1434	13	423-436	162	14	-
1958_The Anaconda Company Annual Report -- 1958.pdf	18	0	0.0000	1160	1483	0	-	127	1246	-
1958_The Anaconda Company Annual Report -- 1958.pdf	34	0	0.0085	1176	1531	10	427-437	154	1214	-
1958_The Goodyear Tire & Rubber Company Annual Report -- 1958.pdf	2	0	0.0000	1104	1489	0	-	160	166	-
1958_The Goodyear Tire & Rubber Company Annual Report -- 1958.pdf	22	0	0.0000	1035	1452	0	-	142	668	-
1958_The Goodyear Tire & Rubber Company Annual Report -- 1958.pdf	43	0	0.0000	1136	1546	0	-	157	349	-
AI 2027.pdf	2	1	0.0452	1240	1754	56	800-856	145	326	800-856
AI 2027.pdf	36	1	0.0435	1240	1754	54	802-856	147	289	802-856
AI 2027.pdf	71	0	0.0048	1240	1754	6	633-639	148	33	-
Autor et al_2020_Extending the Race between Education and Technology.pdf	2	0	0.0000	1275	1650	0	-	149	324	-
Autor et al_2020_Extending the Race between Education and Technology.pdf	11	0	0.0024	1275	1650	3	1104-1107	168	221	-
Autor et al_2020_Extending the Race between Education and Technology.pdf	20	0	0.0031	1280	1654	4	1114-1118	152	42	-
Hoxby_1997_How the Changing Market Structure of U_National Bureau of Economic Research.pdf	2	0	0.0000	1304	1653	0	-	160	191	-
Hoxby_1997_How the Changing Market Structure of U_National Bureau of Economic Research.pdf	41	0	0.0000	1306	1656	0	-	156	219	-
Hoxby_1997_How the Changing Market Structure of U_National Bureau of Economic Research.pdf	80	0	0.0097	1346	1689	13	1071-1084	158	508	-
Kremer_Maskin_1996_Wage Inequality and Segregation by Skill_National Bureau of Economic Research.pdf	2	0	0.0000	1296	1650	0	-	156	148	-
Kremer_Maskin_1996_Wage Inequality and Segregation by Skill_National Bureau of Economic Research.pdf	32	0	0.0000	1296	1650	0	-	153	195	-
Kremer_Maskin_1996_Wage Inequality and Segregation by Skill_National Bureau of Economic Research.pdf	63	0	0.0030	1327	1663	4	1132-1136	151	319	-
Levy and Temin - 2007 - Inequality and Institutions in 20th Century Americ.pdf	2	0	0.0034	1179	1558	4	149-153	179	90	-
Levy and Temin - 2007 - Inequality and Institutions in 20th Century Americ.pdf	34	0	0.0000	1179	1558	0	-	139	169	-
Levy and Temin - 2007 - Inequality and Institutions in 20th Century Americ.pdf	66	0	0.0000	1179	1558	0	-	90	1558	-
Temin_1997_The American Business Elite in Historical Perspective.pdf	2	0	0.0000	1323	1663	0	-	150	261	-
Temin_1997_The American Business Elite in Historical Perspective.pdf	25	0	0.0008	1300	1649	1	1120-1121	151	198	-
Temin_1997_The American Business Elite in Historical Perspective.pdf	49	0	0.0000	1317	1665	0	-	160	129	-
_1950_Fairchild Camera and Instrument Corporation Annual Report -- 1950_ProQuest Annual Reports.pdf	2	0	0.0000	1163	1656	0	-	154	277	-
_1950_Fairchild Camera and Instrument Corporation Annual Report -- 1950_ProQuest Annual Reports.pdf	13	0	0.0000	1175	1565	0	-	130	1275	-
_1950_Fairchild Camera and Instrument Corporation Annual Report -- 1950_ProQuest Annual Reports.pdf	24	0	0.0043	1171	1552	5	543-548	133	963	-
_1953_Fairchild Camera and Instrument Corporation Annual Report -- 1953_ProQuest Annual Reports.pdf	2	0	0.0000	719	1206	0	-	178	768	-
_1953_Fairchild Camera and Instrument Corporation Annual Report -- 1953_ProQuest Annual Reports.pdf	13	0	0.0000	738	1260	0	-	168	234	-
_1953_Fairchild Camera and Instrument Corporation Annual Report -- 1953_ProQuest Annual Reports.pdf	25	0	0.0000	754	1331	0	-	177	754	-
_1958_Small Business Investment Act_.pdf	2	0	0.0000	852	1548	0	-	133	1430	-
_1958_Small Business Investment Act_.pdf	15	0	0.0000	804	1548	0	-	137	1297	-
_1958_Small Business Investment Act_.pdf	28	0	0.0000	852	1536	0	-	138	1536	-
_1961_Fairchild Camera and Instrument Corporation Annual Report -- 1961_ProQuest Annual Reports.pdf	2	0	0.0135	1108	1102	15	490-505	168	186	-
_1961_Fairchild Camera and Instrument Corporation Annual Report -- 1961_ProQuest Annual Reports.pdf	20	0	0.0037	1623	2137	6	600-606	132	863	-
_1961_Fairchild Camera and Instrument Corporation Annual Report -- 1961_ProQuest Annual Reports.pdf	38	0	0.0070	1144	1223	8	157-165	159	175	-
_1963_Fairchild Camera and Instrument Corporation Annual Report -- 1963_ProQuest Annual Reports.pdf	2	0	0.0000	1132	1799	0	-	130	781	-
_1963_Fairchild Camera and Instrument Corporation Annual Report -- 1963_ProQuest Annual Reports.pdf	18	0	0.0082	981	1168	8	440-448	161	425	-
_1963_Fairchild Camera and Instrument Corporation Annual Report -- 1963_ProQuest Annual Reports.pdf	34	0	0.0068	1168	1591	8	691-699	159	174	-
_1966_Fairchild Camera and Instrument Corporation Annual Report -- 1966_ProQuest Annual Reports.pdf	2	0	0.0154	1036	1646	16	489-505	148	39	-
_1966_Fairchild Camera and Instrument Corporation Annual Report -- 1966_ProQuest Annual Reports.pdf	16	0	0.0000	1070	1444	0	-	134	754	-
_1966_Fairchild Camera and Instrument Corporation Annual Report -- 1966_ProQuest Annual Reports.pdf	30	0	0.0000	1252	1649	0	-	151	305	-
_1967_Fairchild Camera and Instrument Corporation Annual Report -- 1967_ProQuest Annual Reports.pdf	2	0	0.0000	935	1285	0	-	121	1250	-
_1967_Fairchild Camera and Instrument Corporation Annual Report -- 1967_ProQuest Annual Reports.pdf	12	0	0.0000	1204	1616	0	-	130	759	-
_1967_Fairchild Camera and Instrument Corporation Annual Report -- 1967_ProQuest Annual Reports.pdf	22	0	0.0035	1146	1604	4	410-414	151	491	-
_1971_Fairchild Camera and Instrument Corporation Annual Report -- 1971_ProQuest Annual Reports.pdf	2	0	0.0000	1125	1581	0	-	156	77	-
_1971_Fairchild Camera and Instrument Corporation Annual Report -- 1971_ProQuest Annual Reports.pdf	10	0	0.0044	1135	1658	5	731-736	144	809	-
_1971_Fairchild Camera and Instrument Corporation Annual Report -- 1971_ProQuest Annual Reports.pdf	19	0	0.0000	1142	1542	0	-	160	287	-
_1976_Fairchild Camera and Instrument Corporation Annual Report -- 1976_ProQuest Annual Reports.pdf	2	0	0.0071	981	1527	7	570-577	160	112	-
_1976_Fairchild Camera and Instrument Corporation Annual Report -- 1976_ProQuest Annual Reports.pdf	20	0	0.0000	1006	1506	0	-	178	270	-
_1976_Fairchild Camera and Instrument Corporation Annual Report -- 1976_ProQuest Annual Reports.pdf	39	0	0.0000	1058	1385	0	-	176	295	-
w7787 2.pdf	2	0	0.0000	1275	1650	0	-	151	228	-
w7787 2.pdf	16	0	0.0000	1278	1653	0	-	143	1653	-
w7787 2.pdf	30	5	0.0743	1278	1653	95	804-899	133	1653	376-430,547-611,661-713,804-899,941-1028
w7787.pdf	2	0	0.0000	1275	1650	0	-	151	228	-
w7787.pdf	16	0	0.0000	1278	1653	0	-	143	1653	-
w7787.pdf	30	5	0.0743	1278	1653	95	804-899	133	1653	376-430,547-611,661-713,804-899,941-1028
Anderson_1997_Legacy of the American Frontier_California State University, Fresno.pdf	2	0	0.0171	1284	1694	22	483-505	146	351	-
Anderson_1997_Legacy of the American Frontier_California State University, Fresno.pdf	81	0	0.0069	1307	1711	9	184-193	144	301	-
Anderson_1997_Legacy of the American Frontier_California State University, Fresno.pdf	160	0	0.0000	1313	1728	0	-	143	436	-
BOYD_The Relative Prognostic Value of Selected Criteria in Predicting Beginning.pdf	2	1	0.0539	1281	1655	69	1017-1086	146	414	1017-1086
BOYD_The Relative Prognostic Value of Selected Criteria in Predicting Beginning.pdf	67	0	0.0000	1294	1664	0	-	145	228	-
BOYD_The Relative Prognostic Value of Selected Criteria in Predicting Beginning.pdf	132	1	0.0420	1287	1659	54	589-643	142	290	589-643
Banks - 2006 - “The last bastion of discrimination” The New York City building trades and the struggle over affirm.pdf	2	0	0.0071	1275	1713	9	167-176	148	217	-
Banks - 2006 - “The last bastion of discrimination” The New York City building trades and the struggle over affirm.pdf	202	0	0.0071	1276	1716	9	167-176	156	249	-
Banks - 2006 - “The last bastion of discrimination” The New York City building trades and the struggle over affirm.pdf	403	0	0.0070	1281	1720	9	168-177	152	100	-
CAMFIELD_Psychologists at War.pdf	2	0	0.0068	1179	1619	8	167-175	148	150	-
CAMFIELD_Psychologists at War.pdf	168	0	0.0034	1179	1619	4	161-165	150	212	-
CAMFIELD_Psychologists at War.pdf	334	0	0.0042	1179	1619	5	167-172	148	225	-
CARTWRIGHT_Legislation Against Discrimination in Employment in New York State.pdf	2	0	0.0054	1293	1664	7	1054-1061	145	396	-
CARTWRIGHT_Legislation Against Discrimination in Employment in New York State.pdf	200	0	0.0000	1310	1677	0	-	141	223	-
CARTWRIGHT_Legislation Against Discrimination in Employment in New York State.pdf	398	1	0.1908	1331	1693	254	675-929	138	250	675-929
Clark_The graphic rating scale at Northwestern University.pdf	56	0	0.0016	1275	1650	2	633-635	145	264	-
Clark_The graphic rating scale at Northwestern University.pdf	110	0	0.0000	1278	1652	0	-	153	421	-
Cooley - 2008 - Moving up, moving out Race and social mobility in Chicago, 1914–1972.pdf	2	0	0.0000	1276	1650	0	-	145	220	-
Cooley - 2008 - Moving up, moving out Race and social mobility in Chicago, 1914–1972.pdf	188	0	0.0000	1280	1650	0	-	150	271	-
Cooley - 2008 - Moving up, moving out Race and social mobility in Chicago, 1914–1972.pdf	375	0	0.0000	1281	1650	0	-	147	60	-
Corson_Current practices in student guidance and personnel administration in liberal.pdf	2	0	0.0024	1275	1650	3	220-223	145	221	-
Corson_Current practices in student guidance and personnel administration in liberal.pdf	118	0	0.0000	1275	1650	0	-	144	220	-
Corson_Current practices in student guidance and personnel administration in liberal.pdf	234	0	0.0039	1277	1651	5	180-185	161	70	-
DAUTEN_1954_The Economic Impact and Significance of Substantial Stock Sales by Individual_The University of Iowa.pdf	2	0	0.0039	1279	1654	5	400-405	152	56	-
DAUTEN_1954_The Economic Impact and Significance of Substantial Stock Sales by Individual_The University of Iowa.pdf	159	1	0.1664	1286	1658	214	829-1043	152	182	829-1043
DAUTEN_1954_The Economic Impact and Significance of Substantial Stock Sales by Individual_The University of Iowa.pdf	316	0	0.0094	1279	1653	12	198-210	155	236	-
DOBBS_1955_A Technique for the Development and Validation of Job Evaluation Cases_University of North Texas.pdf	2	1	0.0901	1277	1713	115	972-1087	149	46	972-1087
DOBBS_1955_A Technique for the Development and Validation of Job Evaluation Cases_University of North Texas.pdf	141	0	0.0063	1274	1711	8	169-177	153	339	-
DOBBS_1955_A Technique for the Development and Validation of Job Evaluation Cases_University of North Texas.pdf	280	0	0.0063	1280	1716	8	175-183	153	98	-
Doermann_1967_The market for college education in the United States.pdf	2	0	0.0000	1333	1615	0	-	170	1615	-
Doermann_1967_The market for college education in the United States.pdf	14	0	0.0000	1331	1602	0	-	171	1497	-
Doermann_1967_The market for college education in the United States.pdf	27	0	0.0030	1329	1598	4	1114-1118	174	1592	-
Drumright - 2005 - A river for war, a watershed to change The Tennessee Valley Authority during World War II.pdf	2	0	0.0118	1275	1711	15	490-505	148	18	-
Drumright - 2005 - A river for war, a watershed to change The Tennessee Valley Authority during World War II.pdf	121	0	0.0071	1275	1711	9	167-176	158	212	-
Drumright - 2005 - A river for war, a watershed to change The Tennessee Valley Authority during World War II.pdf	240	0	0.0071	1275	1711	9	167-176	159	86	-
ERICKSON - 1952 - The Taxation of Investment Companies in the United States.pdf	2	0	0.0031	1296	1666	4	992-996	149	144	-
ERICKSON - 1952 - The Taxation of Investment Companies in the United States.pdf	340	0	0.0008	1284	1657	1	1048-1049	142	220	-
ERICKSON - 1952 - The Taxation of Investment Companies in the United States.pdf	679	0	0.0023	1279	1653	3	1049-1052	146	87	-
Engstrom - 2005 - The lost origins of American fair employment law State fair employment practices bureaus and the po.pdf	2	0	0.0071	1275	1713	9	167-176	149	219	-
Engstrom - 2005 - The lost origins of American fair employment law State fair employment practices bureaus and the po.pdf	243	0	0.0071	1275	1716	9	167-176	154	288	-
Engstrom - 2005 - The lost origins of American fair employment law State fair employment practices bureaus and the po.pdf	484	0	0.0070	1286	1724	9	168-177	157	260	-
GELFAND_1956_The Avoidance of Federal Personal Income Taxes in the United States_New York University.pdf	2	1	0.0375	1279	1654	48	241-289	142	146	241-289
GELFAND_1956_The Avoidance of Federal Personal Income Taxes in the United States_New York University.pdf	107	0	0.0016	1285	1658	2	168-170	136	361	-
GELFAND_1956_The Avoidance of Federal Personal Income Taxes in the United States_New York University.pdf	212	1	0.0388	1288	1659	50	170-220	149	161	170-220
GIERHAN_The Role of Head Student Personnel Administrators in the Big Eight Universities.pdf	2	0	0.0092	1192	1694	11	972-983	154	214	-
GIERHAN_The Role of Head Student Personnel Administrators in the Big Eight Universities.pdf	111	0	0.0065	1228	1650	8	168-176	144	287	-
GIERHAN_The Role of Head Student Personnel Administrators in the Big Eight Universities.pdf	221	0	0.0024	1237	1658	3	171-174	155	156	-
GRUMET_The Menorah Idea and the Apprenticeship of Lionel Trilling.pdf	2	0	0.0047	1280	1654	6	558-564	141	105	-
GRUMET_The Menorah Idea and the Apprenticeship of Lionel Trilling.pdf	165	0	0.0000	1287	1659	0	-	143	261	-
GRUMET_The Menorah Idea and the Apprenticeship of Lionel Trilling.pdf	328	0	0.0303	1289	1661	39	180-219	152	134	-
Ho_Useful fiction.pdf	2	0	0.0000	1276	1650	0	-	145	219	-
Ho_Useful fiction.pdf	160	0	0.0000	1280	1650	0	-	153	236	-
Ho_Useful fiction.pdf	319	0	0.0000	1281	1650	0	-	150	156	-
Jensen_The rise of an African-American Left.pdf	2	0	0.0060	1325	1790	8	168-176	158	20	-
Jensen_The rise of an African-American Left.pdf	286	0	0.0068	1331	1791	9	167-176	147	324	-
Jensen_The rise of an African-American Left.pdf	571	0	0.0068	1327	1784	9	167-176	146	132	-
Kiernan_1959_Job evaluation for precision optical craftsmen_University of Southern California.pdf	2	0	0.0024	1275	1650	3	1108-1111	143	238	-
Kiernan_1959_Job evaluation for precision optical craftsmen_University of Southern California.pdf	95	0	0.0125	1275	1650	16	166-182	145	802	-
Kiernan_1959_Job evaluation for precision optical craftsmen_University of Southern California.pdf	188	0	0.0031	1275	1650	4	185-189	146	617	-
Koh - 2008 - Essays on stock options expensing and stock option.pdf	2	0	0.0008	1292	1667	1	265-266	146	225	-
Koh - 2008 - Essays on stock options expensing and stock option.pdf	95	0	0.0000	1281	1650	0	-	148	211	-
Koh - 2008 - Essays on stock options expensing and stock option.pdf	189	1	0.0375	1281	1650	48	1046-1094	148	206	1046-1094
MENDELSON_1974_The Ideological Debate in the Public School Guidance Movement, 1900-1970_New York University.pdf	2	1	0.1037	1292	1663	134	925-1059	144	113	925-1059
MENDELSON_1974_The Ideological Debate in the Public School Guidance Movement, 1900-1970_New York University.pdf	86	0	0.0000	1279	1654	0	-	152	203	-
MENDELSON_1974_The Ideological Debate in the Public School Guidance Movement, 1900-1970_New York University.pdf	171	0	0.0000	1279	1653	0	-	149	261	-
NAYLOR_Arthur E.pdf	2	2	0.2541	1275	1650	324	304-628	154	3	304-628,629-683
NAYLOR_Arthur E.pdf	134	1	0.0350	1286	1659	45	1049-1094	147	256	1049-1094
NAYLOR_Arthur E.pdf	266	0	0.0008	1296	1666	1	241-242	149	274	-
PANG_1971_An Optimizing Approach to Educational Planning in Singapore_University of Illinois at Urbana-Champaign.pdf	2	0	0.0265	1281	1655	34	207-241	142	142	-
PANG_1971_An Optimizing Approach to Educational Planning in Singapore_University of Illinois at Urbana-Champaign.pdf	101	0	0.0000	1661	1290	0	-	141	192	-
PANG_1971_An Optimizing Approach to Educational Planning in Singapore_University of Illinois at Urbana-Champaign.pdf	200	0	0.0313	1276	1651	40	164-204	141	84	-
PRICE_A History of the American College Personnel Association.pdf	2	1	0.0389	1286	1659	50	192-242	148	114	192-242
PRICE_A History of the American College Personnel Association.pdf	87	0	0.0000	1288	1660	0	-	143	251	-
PRICE_A History of the American College Personnel Association.pdf	172	0	0.0054	1302	1671	7	1122-1129	148	200	-
Pianko_Diaspora Jewish nationalism and identity in America, 1914–1967.pdf	2	0	0.0063	1276	1713	8	168-176	154	229	-
Pianko_Diaspora Jewish nationalism and identity in America, 1914–1967.pdf	131	0	0.0047	1276	1715	6	171-177	150	253	-
Pianko_Diaspora Jewish nationalism and identity in America, 1914–1967.pdf	261	0	0.0016	1272	1713	2	157-159	152	189	-
Ries_Marshall_1955_web.pdf	2	2	0.1983	1200	1603	238	148-386	179	101	148-386,865-943
Ries_Marshall_1955_web.pdf	54	0	0.0000	1186	1609	0	-	152	256	-
Ries_Marshall_1955_web.pdf	107	0	0.0151	1196	1603	18	213-231	164	1588	-
Robertson_1990_Organizational adaptation to environmental change_Stanford University copy.pdf	2	0	0.0075	1198	1629	9	1027-1036	158	18	-
Robertson_1990_Organizational adaptation to environmental change_Stanford University copy.pdf	101	1	0.0468	1196	1580	56	983-1039	145	229	983-1039
Robertson_1990_Organizational adaptation to environmental change_Stanford University copy.pdf	200	1	0.0350	1199	1583	42	1007-1049	146	189	1007-1049
Schwaller - 2026 - Silicon Valley Landscapes Architecture and the Soft Power of Big Tech.pdf	2	0	0.0016	1275	1650	2	1038-1040	163	13	-
Schwaller - 2026 - Silicon Valley Landscapes Architecture and the Soft Power of Big Tech.pdf	151	0	0.0000	1275	1650	0	-	169	558	-
Schwaller - 2026 - Silicon Valley Landscapes Architecture and the Soft Power of Big Tech.pdf	300	0	0.0000	1275	1650	0	-	148	241	-
Silberman_1961_A study of industry policy considerations in the transition from airplane to_University of Southern California.pdf	2	0	0.0016	1275	1650	2	223-225	143	232	-
Silberman_1961_A study of industry policy considerations in the transition from airplane to_University of Southern California.pdf	83	0	0.0094	1278	1653	12	187-199	148	340	-
Silberman_1961_A study of industry policy considerations in the transition from airplane to_University of Southern California.pdf	165	0	0.0118	1275	1650	15	187-202	143	283	-
TO_1985_Variations in Earnings in the Work Settings_University of Illinois at Urbana-Champaign.pdf	2	0	0.0000	1275	1650	0	-	129	4	-
TO_1985_Variations in Earnings in the Work Settings_University of Illinois at Urbana-Champaign.pdf	119	0	0.0000	1279	1653	0	-	141	240	-
TO_1985_Variations in Earnings in the Work Settings_University of Illinois at Urbana-Champaign.pdf	237	0	0.0031	1287	1659	4	955-959	145	164	-
TROTMAN - 1976 - Race, Iq, and the Middle-Class..pdf	2	0	0.0064	621	864	4	83-87	178	68	-
TROTMAN - 1976 - Race, Iq, and the Middle-Class..pdf	60	0	0.0049	610	860	3	81-84	184	104	-
TROTMAN - 1976 - Race, Iq, and the Middle-Class..pdf	119	0	0.0065	615	860	4	81-85	166	115	-
WITTE_1978_Democracy, Authority and Alienation in Work_Yale University.pdf	2	0	0.0094	1167	1631	11	980-991	148	98	-
WITTE_1978_Democracy, Authority and Alienation in Work_Yale University.pdf	207	0	0.0204	1175	1634	24	143-167	154	831	-
WITTE_1978_Democracy, Authority and Alienation in Work_Yale University.pdf	413	0	0.0051	1171	1628	6	985-991	149	1558	-
Wu - 2003 - Employee stock option design and valuation.pdf	2	0	0.0071	1275	1713	9	167-176	148	225	-
Wu - 2003 - Employee stock option design and valuation.pdf	56	0	0.0071	1275	1711	9	167-176	161	275	-
Wu - 2003 - Employee stock option design and valuation.pdf	110	0	0.0070	1284	1718	9	167-176	156	156	-
Zarifa_2008_Emerging Forms of Stratification in Higher Education_.pdf	2	0	0.0027	1125	1568	3	283-286	160	100	-
Zarifa_2008_Emerging Forms of Stratification in Higher Education_.pdf	130	0	0.0000	1568	1170	0	-	137	171	-
Zarifa_2008_Emerging Forms of Stratification in Higher Education_.pdf	258	0	0.0036	1125	1558	4	374-378	148	44	-
Zheng - 2003 - Six -month -one -day employee stock option reprici.pdf	2	0	0.0118	1275	1713	15	490-505	148	15	-
Zheng - 2003 - Six -month -one -day employee stock option reprici.pdf	39	0	0.0070	1286	1724	9	167-176	154	459	-
Zheng - 2003 - Six -month -one -day employee stock option reprici.pdf	76	0	0.0070	1278	1718	9	168-177	156	524	-
