kind	doc	page	words	squashed	srcBytes	outBytes	images	jbig2Images
sideways	Burke - The Expansion of American Higher Education.ocr.pdf	13	28	8				
sideways	Burke - The Expansion of American Higher Education.ocr.pdf	14	35	11				
sideways	Burke - The Expansion of American Higher Education.ocr.pdf	16	32	16				
sideways	Hoxby_1997_How the Changing Market Structure of U_National Bureau of Economic Research.ocr.pdf	80	34	4				
sideways	Koh - 2008 - Essays on stock options expensing and stock option.ocr.pdf	71	101	47				
sideways	Koh - 2008 - Essays on stock options expensing and stock option.ocr.pdf	72	110	44				
sideways	Koh - 2008 - Essays on stock options expensing and stock option.ocr.pdf	73	104	38				
sideways	Koh - 2008 - Essays on stock options expensing and stock option.ocr.pdf	74	60	11				
sideways	Koh - 2008 - Essays on stock options expensing and stock option.ocr.pdf	86	109	29				
sideways	Koh - 2008 - Essays on stock options expensing and stock option.ocr.pdf	87	108	27				
sideways	Koh - 2008 - Essays on stock options expensing and stock option.ocr.pdf	89	151	36				
sideways	Koh - 2008 - Essays on stock options expensing and stock option.ocr.pdf	90	141	61				
sideways	Koh - 2008 - Essays on stock options expensing and stock option.ocr.pdf	91	157	69				
sideways	Koh - 2008 - Essays on stock options expensing and stock option.ocr.pdf	92	193	66				
sideways	Koh - 2008 - Essays on stock options expensing and stock option.ocr.pdf	93	95	27				
sideways	Koh - 2008 - Essays on stock options expensing and stock option.ocr.pdf	122	102	13				
sideways	Koh - 2008 - Essays on stock options expensing and stock option.ocr.pdf	125	295	245				
sideways	Koh - 2008 - Essays on stock options expensing and stock option.ocr.pdf	126	178	112				
sideways	Koh - 2008 - Essays on stock options expensing and stock option.ocr.pdf	127	191	171				
sideways	Koh - 2008 - Essays on stock options expensing and stock option.ocr.pdf	128	180	113				
sideways	Koh - 2008 - Essays on stock options expensing and stock option.ocr.pdf	129	192	172				
sideways	Koh - 2008 - Essays on stock options expensing and stock option.ocr.pdf	168	74	39				
sideways	Koh - 2008 - Essays on stock options expensing and stock option.ocr.pdf	169	49	32				
sideways	Koh - 2008 - Essays on stock options expensing and stock option.ocr.pdf	170	50	8				
sideways	Koh - 2008 - Essays on stock options expensing and stock option.ocr.pdf	171	89	20				
sideways	Koh - 2008 - Essays on stock options expensing and stock option.ocr.pdf	172	187	41				
sideways	Koh - 2008 - Essays on stock options expensing and stock option.ocr.pdf	173	122	29				
sideways	Surani et al. - AI for Scaling Legal Reform Mapping and Redacting Racial Covenants in Santa Clara County.ocr.pdf	32	900	466				
sideways	Mudge_2018_Leftism Reinvented_Harvard University Press.ocr.pdf	145	68	60				
sideways	Engstrom - 2005 - The lost origins of American fair employment law State fair employment practices bureaus and the po.ocr.pdf	239	108	11				
sideways	_1939_Former students to Board re Merriam_.ocr.pdf	2	104	15				
sideways	_1939_Former students to Board re Merriam_.ocr.pdf	3	112	31				
sideways	_1939_Former students to Board re Merriam_.ocr.pdf	5	29	9				
sideways	ERICKSON - 1952 - The Taxation of Investment Companies in the United States.ocr.pdf	377	74	12				
sideways	PANG_1971_An Optimizing Approach to Educational Planning in Singapore_University of Illinois at Urbana-Champaign.ocr.pdf	1	38	4				
sideways	1947_Corporation Tax Study Due By House Body.ocr.pdf	2	2160	429				
sideways	Phillips-Fein_Zelizer_2012_What's good for business _Oxford University Press.ocr.pdf	3	21	4				
sideways	Kremer_Maskin_1996_Wage Inequality and Segregation by Skill_National Bureau of Economic Research.ocr.pdf	31	151	20				
sideways	Kremer_Maskin_1996_Wage Inequality and Segregation by Skill_National Bureau of Economic Research.ocr.pdf	33	122	14				
sideways	Kremer_Maskin_1996_Wage Inequality and Segregation by Skill_National Bureau of Economic Research.ocr.pdf	53	153	16				
sideways	Ibson_2006_Picturing men.ocr.pdf	55	12	2				
sideways	Ibson_2006_Picturing men.ocr.pdf	169	11	3				
sideways	Ibson_2006_Picturing men.ocr.pdf	187	10	2				
sideways	Ibson_2006_Picturing men.ocr.pdf	201	12	2				
sideways	Ibson_2006_Picturing men.ocr.pdf	214	14	2				
sideways	WITTE_1978_Democracy, Authority and Alienation in Work_Yale University.ocr.pdf	363	95	11				
sideways	WITTE_1978_Democracy, Authority and Alienation in Work_Yale University.ocr.pdf	388	108	11				
sideways	Henry Morgenthau papers.ocr.pdf	142	120	18				
sideways	Zarifa_2008_Emerging Forms of Stratification in Higher Education_.ocr.pdf	90	46	5				
sideways	Zarifa_2008_Emerging Forms of Stratification in Higher Education_.ocr.pdf	159	84	10				
sideways	Zarifa_2008_Emerging Forms of Stratification in Higher Education_.ocr.pdf	163	74	9				
sideways	Zarifa_2008_Emerging Forms of Stratification in Higher Education_.ocr.pdf	165	73	8				
sideways	Doermann_1967_The market for college education in the United States.ocr.pdf	10	189	105				
sideways	DOBBS_1955_A Technique for the Development and Validation of Job Evaluation Cases_University of North Texas.ocr.pdf	222	72	11				
sideways	DOBBS_1955_A Technique for the Development and Validation of Job Evaluation Cases_University of North Texas.ocr.pdf	256	36	8				
sideways	DOBBS_1955_A Technique for the Development and Validation of Job Evaluation Cases_University of North Texas.ocr.pdf	262	43	12				
sideways	Zheng - 2003 - Six -month -one -day employee stock option reprici.ocr.pdf	61	78	11				
sideways	1958_The Anaconda Company Annual Report -- 1958.ocr.pdf	33	168	26				
sideways	Schwaller - 2026 - Silicon Valley Landscapes Architecture and the Soft Power of Big Tech.ocr.pdf	66	293	43				
sideways	Schwaller - 2026 - Silicon Valley Landscapes Architecture and the Soft Power of Big Tech.ocr.pdf	83	328	48				
sideways	Mintzberg - 1973 - The nature of managerial work.ocr.pdf	22	299	47				
sideways	Mintzberg - 1973 - The nature of managerial work.ocr.pdf	57	401	348				
sideways	Lemieux et al. - Performance Pay and Wage Inequality.ocr.pdf	30	156	23				
sideways	Lemieux et al. - Performance Pay and Wage Inequality.ocr.pdf	40	137	39				
sideways	Lemieux et al. - Performance Pay and Wage Inequality.ocr.pdf	44	304	199				
sideways	Lemieux et al. - Performance Pay and Wage Inequality.ocr.pdf	48	153	29				
jbig2-source	testdocs/book/Berle_1940_New directions in the new world,_Harper.pdf				752753	1067238	32	32
jbig2-source	testdocs/book/Eurich_Academy for Educational Development._1968_Campus 1980; the shape of the future in American higher education_Delacorte Press.pdf				1077091	1105342	33	33
jbig2-source	testdocs/book/Hayek_1978_The constitution of liberty_University of Chicago Press.pdf				24563880	37184599	574	574
jbig2-source	testdocs/book/LaVaque-Manty_2009_The Playing Fields of Eton_University of Michigan Press.pdf				8671536	11311156	81	81
jbig2-source	testdocs/book/Mintzberg - 1973 - The nature of managerial work.pdf				9836554	11865974	172	168
jbig2-source	testdocs/book/Noble_1977_America by design.pdf				17797276	22507486	422	422
jbig2-source	testdocs/book/Shows and Burton - 1972 - Microeconomics.pdf				670210	786729	21	21
jbig2-source	testdocs/book/_2010_New Materialisms_Duke University Press.pdf				1289707	1457256	22	22
jbig2-source	testdocs/bookSection/Gilroy - 2000 - Getting In.pdf				624919	627631	22	22
jbig2-source	testdocs/bookSection/Hobsbawm and Ranger - 1992 - The Invention of tradition.pdf				7295301	11664298	324	324
jbig2-source	testdocs/bookSection/Kristol_1962_SOCIAL SCIENCES AND LAW_.pdf				2727035	2795268	49	49
jbig2-source	testdocs/bookSection/Lloyd-Jones_Smith_1938_Selection and Admissions.pdf				621896	749349	24	24
jbig2-source	testdocs/bookSection/National Association for the Advancement of Colored People - 1993 - Papers of the NAACP. Pt. 15 Ser. A Segration and discrimination, complaints and responses, 1940 - 1.pdf				2589313	2531168	65	65
jbig2-source	testdocs/bookSection/Phillips-Fein_Zelizer_2012_What's good for business _Oxford University Press.pdf				1273601	1090193	30	28
jbig2-source	testdocs/bookSection/Strickland and Ambrose - 1985 - The Baby Boom, Prosperity, and the Changing Worlds.pdf				2079983	2392517	57	57
jbig2-source	testdocs/bookSection/_1945_Postwar Economic Policy and Planning_.pdf				11915582	11848934	150	150
jbig2-source	testdocs/document/2008_Hoagland oral history.pdf				1306662	379998	15	15
jbig2-source	testdocs/document/2008_McIntyre oral history.pdf				1590869	443878	18	18
jbig2-source	testdocs/document/2015_Gibbs oral history.pdf				3811654	926902	73	71
jbig2-source	testdocs/document/2017_Bunnell oral history, athletics.pdf				3492489	821556	71	69
jbig2-source	testdocs/document/Geiger oral history.pdf				5128595	1288312	101	99
jbig2-source	testdocs/document/Henry Morgenthau papers.pdf				2704879	2791130	199	199
jbig2-source	testdocs/document/Lyons oral history.pdf				1581769	2295108	115	113
jbig2-source	testdocs/document/Nogales oral history.pdf				764942	1131922	47	45
jbig2-source	testdocs/document/w5093.pdf				720482	1602775	64	64
jbig2-source	testdocs/journalArticle/Borges_The Lottery in Babylon.pdf				78826	190687	5	5
jbig2-source	testdocs/journalArticle/Eyal-Cohen - Why Is Small Business the Chief Business of Congress.pdf				1315852	2461433	60	58
jbig2-source	testdocs/journalArticle/Fisch et al. - 2019 - The New Titans of Wall Street A Theoretical Framework for Passive Investors.pdf				1752113	4426034	58	56
jbig2-source	testdocs/journalArticle/Riesman_1958_Who Will and Who Should Pay for Higher Education_The School Review.pdf				1706675	1001592	15	14
jbig2-source	testdocs/journalArticle/Robin_Stephens_1996_Against the Grain_Social Text.pdf				2372077	2392191	33	31
jbig2-source	testdocs/journalArticle/Wells_2015_A Long View of Shareholder Power.pdf				2326271	3366910	68	66
jbig2-source	testdocs/magazineArticle/Lemann, Nicholas_1977_Success In America_Washington Monthly.pdf				676009	670929	5	5
jbig2-source	testdocs/report/1957_Allied Chemical & Dye Corporation Annual Report -- 1957.pdf				2629442	1590104	119	116
jbig2-source	testdocs/report/1958_CiT Financial Corporation Annual Report -- 1958.pdf				1911340	1431335	55	55
jbig2-source	testdocs/report/1958_E.pdf				1545684	1187508	66	63
jbig2-source	testdocs/report/1958_General Foods Corporation Annual Report -- 1958.pdf				1866282	1224253	63	63
jbig2-source	testdocs/report/1958_The Anaconda Company Annual Report -- 1958.pdf				1859238	1358070	64	60
jbig2-source	testdocs/report/1958_The Goodyear Tire & Rubber Company Annual Report -- 1958.pdf				5196058	3522172	119	119
jbig2-source	testdocs/report/_1961_Fairchild Camera and Instrument Corporation Annual Report -- 1961_ProQuest Annual Reports.pdf				2798128	2232536	126	123
jbig2-source	testdocs/report/_1963_Fairchild Camera and Instrument Corporation Annual Report -- 1963_ProQuest Annual Reports.pdf				2287987	2493423	60	57
jbig2-source	testdocs/report/_1966_Fairchild Camera and Instrument Corporation Annual Report -- 1966_ProQuest Annual Reports.pdf				3738207	2382415	104	104
jbig2-source	testdocs/report/_1967_Fairchild Camera and Instrument Corporation Annual Report -- 1967_ProQuest Annual Reports.pdf				1416210	960466	40	37
jbig2-source	testdocs/report/w7787 2.pdf				316460	653122	30	30
jbig2-source	testdocs/report/w7787.pdf				316460	653122	30	30
jbig2-source	testdocs/thesis/Banks - 2006 - “The last bastion of discrimination” The New York City building trades and the struggle over affirm.pdf				11179569	14990832	403	403
jbig2-source	testdocs/thesis/Clark_The graphic rating scale at Northwestern University.pdf				4963094	4951247	110	110
jbig2-source	testdocs/thesis/Cooley - 2008 - Moving up, moving out Race and social mobility in Chicago, 1914–1972.pdf				5427963	12503968	375	375
jbig2-source	testdocs/thesis/Corson_Current practices in student guidance and personnel administration in liberal.pdf				11700139	12108337	234	234
jbig2-source	testdocs/thesis/Drumright - 2005 - A river for war, a watershed to change The Tennessee Valley Authority during World War II.pdf				10980323	11901590	240	240
jbig2-source	testdocs/thesis/Engstrom - 2005 - The lost origins of American fair employment law State fair employment practices bureaus and the po.pdf				15173824	20761540	484	484
jbig2-source	testdocs/thesis/Koh - 2008 - Essays on stock options expensing and stock option.pdf				2414097	5523464	189	189
jbig2-source	testdocs/thesis/Pianko_Diaspora Jewish nationalism and identity in America, 1914–1967.pdf				7376682	9824158	261	261
