# C28 question 4 at the `textRegionMask` seam: what it costs, in published bytes, to let the
# shape term's accepted line groups into the 1-bit stencil. 2026-08-22.
#
# 26 pages in two arms. `arm=subbar`: the 16 of the 73 sub-bar pages where `lineN >= 1` — the
# exact population the layering-seam wiring (`inkOut < 0.045 AND lineN == 0`) refuses, so the two
# prices are over the same pages. `arm=picture`: the ten picture pages of
# SHAPETERM-PICTURES-2026-08-21.tsv, where the term's false positives are.
#
# Instrument: `WIDENBYTES=1 score-shape-term <pdf> <page>`, one page per invocation, from one
# binary built at this commit. Two `Flattener.mrcLayers` calls per page differing in ONE property,
# the box list: shipped, and shipped + one synthetic box per accepted line group. Nothing in
# Sources/ was changed for it — `mrcLayers` reads `boxes` only to refuse an empty list and to
# build `textRegionMask`, so a synthetic box is exactly the word Vision would have returned.
# Bytes are stencil (jbig2) + background + foreground at the default Photo detail (Balanced).
#
# Control: `shipBytes` is byte-identical to SHAPETERM-BYTES-2026-08-21.tsv's `layered` column on
# 16 of 16 rows — a different tool (`score-text-route`) measuring the same thing.
# 31 of the 44 columns are score-shape-term's pre-existing ones: 806 shared cells over 26 of 26 rows
# reproduce SHAPETERM-73, -PICTURES, -RIM and -PICTURES-RIM with 0 differences (22 columns against the
# first two, the 9 rim columns against the last two, which are the only files that hold them). Only
# SHAPETERM-PICTURES-RIM is a column *prefix* of this file — the 73 and RIM files carry a different
# second column and four trailing label columns.
document	arm	page	w	h	otsu	inkPx	outPx	inkOut	mapFrac	stenFrac	stenD3	glyphN	glyphH	glyphRun	ccN	txtN	txtPx	txtShare	lineN	linePx	lineShare	topLine	rim1N	rim1Px	rim1Top	rim2N	rim2Px	rim2Top	rim3N	rim3Px	rim3Top	verdict	wideN	wideInkOut	stenPx	wideStenPx	shipSten	wideSten	shipBytes	wideBytes	byteDelta	shipBg	wideBg
bookSection/Broadhead - 1994 - Regionalism and the Upper Class.pdf	subbar	p3	2278	1834	165	340166	15299	0.0450	0.0450	0.0809	0.0443	4261	13	3	230	119	8531	0.5576	2	7533	0.4924	779x50+1260+211	2	7533	779x50+1260+211	2	7533	779x50+1260+211	2	7532	779x49+1260+212	ok	2	0.0208	319748	328693	43329	44538	56226	57225	+999	284x229	284x229
document/Atkinson_1939_Atkinson on firings_.pdf	subbar	p3	1935	2592	130	504651	19587	0.0388	0.0388	0.1231	0.0383	2582	20	4	50	27	8694	0.4439	3	8201	0.4187	337x54+1136+2083	3	8189	336x54+1137+2083	3	8175	336x54+1137+2083	3	8158	335x54+1138+2083	ok	3	0.0223	453198	460090	48362	49021	63806	64268	+462	241x324	241x324
document/Ford_1941_Speech_.pdf	subbar	p6	1935	2592	122	168071	945	0.0056	0.0056	0.0844	0.0061	1079	18	4	15	7	836	0.8847	1	446	0.4720	134x43+1681+199	1	446	134x43+1681+199	1	446	134x43+1681+199	1	446	134x43+1681+199	ok	1	0.0028	154394	154665	19283	19431	31137	31274	+137	241x324	241x324
document/Herbert Marks papers.pdf	subbar	p11	1700	2200	213	88758	1314	0.0148	0.0148	0.4765	0.0393	2125	5	2	38	19	732	0.5571	1	423	0.3219	134x14+627+479	1	377	134x12+627+480	2	311	52x10+627+481	1	114	43x8+627+482	ok	1	0.0096	46986	47204	14199	14265	19439	19492	+53	212x275	212x275
document/Herbert Marks papers.pdf	subbar	p12	1700	2200	213	106972	437	0.0041	0.0041	0.4701	0.0339	2752	5	2	21	13	422	0.9657	2	386	0.8833	72x10+606+911	1	145	72x8+606+912	1	94	65x6+606+913	1	64	65x4+606+914	ok	2	0.0004	57308	57528	17634	17676	23452	23484	+32	212x275	212x275
document/_1939_Former students to Board re Merriam_.pdf	subbar	p6	1935	2592	118	375072	2602	0.0069	0.0069	0.2266	0.0068	1578	21	4	32	8	2302	0.8847	1	2259	0.8682	472x53+951+2216	1	2216	472x52+951+2216	1	2174	472x51+951+2216	1	2121	472x50+951+2216	ok	1	0.0006	297328	299449	34175	34603	52626	52955	+329	241x324	241x324
document/_1939_Former students to Board re Merriam_.pdf	subbar	p9	1935	2592	126	292516	381	0.0013	0.0013	0.4121	0.0037	3176	10	3	52	7	316	0.8294	1	303	0.7953	140x12+1456+1165	0	0	-	0	0	-	0	0	-	ok	1	0.0003	175761	175954	35441	35470	50498	50517	+19	241x324	241x324
journalArticle/Jones et al_2010_The Productivity Effects of Stock Option Schemes.pdf	subbar	p2	1240	1647	160	185073	155	0.0008	0.0008	0.0008	0.0006	5166	10	2	7	5	147	0.9484	1	147	0.9484	43x9+639+829	1	133	42x8+640+830	1	119	42x7+640+831	1	100	42x6+640+832	ok	1	0.0000	222363	222543	32360	32377	38067	38065	-2	155x205	155x205
journalArticle/Jones et al_2010_The Productivity Effects of Stock Option Schemes.pdf	subbar	p5	1240	1647	162	166685	5892	0.0353	0.0353	0.0353	0.0321	4757	10	2	142	117	3954	0.6711	4	3898	0.6616	488x18+107+1188	4	3695	488x17+107+1189	4	3508	488x16+107+1190	3	3274	488x15+107+1191	ok	4	0.0116	189884	194323	30091	30625	36047	36250	+203	155x205	155x205
journalArticle/Jones et al_2010_The Productivity Effects of Stock Option Schemes.pdf	subbar	p7	1240	1647	162	162460	2225	0.0137	0.0137	0.0137	0.0134	4919	10	2	135	91	1995	0.8966	3	1897	0.8526	401x20+155+759	3	1852	401x20+155+759	3	1790	401x20+155+759	2	1669	401x20+155+759	ok	3	0.0010	191475	193890	30802	31355	36556	36925	+369	155x205	155x205
journalArticle/Scott_TK_The Scientific Selection of Salesmen.pdf	subbar	p3	1020	1257	149	180990	7462	0.0412	0.0412	0.0412	0.0297	3821	8	3	334	114	5319	0.7128	6	1796	0.2407	241x5+364+150	2	278	56x6+283+487	1	115	55x4+284+488	0	0	-	ok	6	0.0310	206695	208692	28305	28407	33911	33812	-99	127x157	127x157
magazineArticle/Merriam_1913_Clutter of Things_The Independent.pdf	subbar	p2	1808	2807	136	846117	5336	0.0063	0.0063	0.0063	0.0034	4574	19	5	74	45	4649	0.8713	5	4256	0.7976	271x11+113+417	4	2414	132x11+1482+1099	1	489	85x11+874+1660	0	0	-	ok	5	0.0012	929244	933754	72396	72537	85981	85763	-218	226x350	226x350
magazineArticle/_1958_Executive Pay_Nation's Business (pre-1986); Washington.pdf	subbar	p3	919	1357	147	186657	1624	0.0087	0.0087	0.0087	0.0064	3627	10	3	51	40	1586	0.9766	6	1574	0.9692	109x12+492+564	6	1399	108x11+493+565	3	912	101x10+500+566	3	858	101x9+500+567	ok	6	0.0001	257446	259365	33849	34029	39354	39347	-7	114x169	114x169
magazineArticle/_1958_Executive Pay_Nation's Business (pre-1986); Washington.pdf	subbar	p5	915	1369	145	189074	1540	0.0081	0.0081	0.0081	0.0054	3311	10	3	50	38	1491	0.9682	4	1491	0.9682	260x12+335+709	3	1167	259x11+335+709	3	1005	259x10+335+709	2	478	126x9+468+709	ok	4	0.0000	263661	265381	35700	35857	40549	40537	-12	114x171	114x171
magazineArticle/_1967_Yearly Increase of 15% Expected by Ampex_Boxoffice (Archive 1920-2000); New York.pdf	subbar	p1	1159	1573	163	204713	5863	0.0286	0.0286	0.0399	0.0156	6472	8	2	63	36	1089	0.1857	2	319	0.0544	113x5+459+1407	0	0	-	0	0	-	0	0	-	ok	2	0.0270	214237	214596	37552	37575	44991	44989	-2	144x196	144x196
newspaperArticle/Williams_1958_DEMOCRACY OR MERITOCRACY_The Manchester Guardian (1901-1959); Manchester (UK).pdf	subbar	p1	1997	3219	150	1155973	2708	0.0023	0.0023	0.0024	0.0012	5007	21	6	38	18	2307	0.8519	1	1780	0.6573	250x19+710+1489	1	1487	250x19+710+1489	0	0	-	0	0	-	ok	1	0.0008	1551979	1553949	111354	111457	137185	137237	+52	249x402	249x402
book/1954 - Why.pdf	picture	p4	1224	946	139	110844	5983	0.0540	0.0540	0.0757	0.0540	2468	9	2	42	12	444	0.0742	1	59	0.0099	27x17+1121+685	1	59	27x17+1121+685	1	59	27x17+1121+685	1	59	27x17+1121+685	ok	1	0.0524	110477	110716	19699	19777	67976	68106	+130	612x473	612x473
book/1954 - Why.pdf	picture	p6	1224	946	140	98348	4851	0.0493	0.0493	0.0768	0.0493	2013	9	2	20	4	357	0.0736	0	0	0.0000	-	0	0	-	0	0	-	0	0	-	ok	0	0.0493	98236	98236	17544	17544	62397	62397	+0	612x473	612x473
book/1954 - Why.pdf	picture	p7	1224	946	139	107273	7080	0.0660	0.0660	0.0908	0.0654	2255	9	2	40	12	761	0.1075	0	0	0.0000	-	0	0	-	0	0	-	0	0	-	ok	0	0.0660	106347	106347	18880	18880	65412	65412	+0	612x473	612x473
book/1954 - Why.pdf	picture	p10	1224	1584	216	1390158	1353270	0.9735	0.9735	0.9946	0.9888	7	72	14	1	0	0	0.0000	0	0	0.0000	-	0	0	-	0	0	-	0	0	-	ok	0	0.9735	7479	7479	485	485	31577	31577	+0	612x792	612x792
document/1881 - Harry Wilcox.pdf	picture	p2	3642	2449	121	272237	251186	0.9227	0.9227	0.9227	0.9203	288	5	3	1594	549	10078	0.0401	17	1694	0.0067	60x41+2771+1015	17	1692	60x41+2771+1015	17	1691	60x41+2771+1015	17	1690	60x41+2771+1015	ok	17	0.8937	28353	35838	4178	5590	346608	348686	+2078	1821x1224	1821x1224
document/1881 - Harry Wilcox.pdf	picture	p6	3807	2441	127	373358	364895	0.9773	0.9773	0.9773	0.9765	70	7	3	2082	582	10181	0.0279	11	1594	0.0044	78x33+1400+734	11	1594	78x33+1400+734	11	1594	78x33+1400+734	11	1594	78x33+1400+734	ok	11	0.9649	10067	16615	1523	2470	344246	345996	+1750	1903x1220	1903x1220
book/Riesman - 1954 - Individualism reconsidered, and other essays.pdf	picture	p2	3872	5184	107	2529134	2389079	0.9446	0.9446	0.9562	0.9448	85	48	12	8789	59	21939	0.0092	2	10438	0.0044	444x154+366+3459	2	10438	444x154+366+3459	2	10438	444x154+366+3459	2	10438	444x154+366+3459	ok	2	0.9207	110837	110837	4692	4692	559596	559596	+0	1936x2592	1936x2592
book/Ibson_2006_Picturing men.pdf	picture	p61	2100	3000	162	2369312	2254516	0.9515	0.9515	0.9686	0.9631	393	18	4	1521	22	1411	0.0006	1	477	0.0002	74x29+1396+771	1	477	74x29+1396+771	1	477	74x29+1396+771	1	477	74x29+1396+771	ok	1	0.9513	75092	75092	7468	7468	161240	161240	+0	1050x1500	1050x1500
book/Ibson_2006_Picturing men.pdf	picture	p122	1008	1440	172	361769	359906	0.9949	0.9949	0.9951	0.9947	68	9	2	4170	203	3836	0.0107	12	2032	0.0056	202x48+84+873	12	2032	202x48+84+873	12	2032	202x48+84+873	12	2032	202x48+84+873	ok	12	0.9737	2022	2528	648	796	42384	43120	+736	504x720	504x720
book/Ibson_2006_Picturing men.pdf	picture	p162	1008	1440	160	603931	602580	0.9978	0.9978	0.9978	0.9978	54	9	2	707	17	321	0.0005	0	0	0.0000	-	0	0	-	0	0	-	0	0	-	ok	0	0.9978	1615	1615	558	558	43247	43247	+0	504x720	504x720
