file	page	px	nowKB	maskKB	bgKB	fgKB	mrcKB	ratio	mrcPSNR	nowPSNR
1954 - Why.pdf	4	1224x946	269	19	35	11	66	4.06x	25.39	41.69	63
1954 - Why.pdf	6	1224x946	237	17	32	10	60	3.90x	26.23	42.37	57
Guilford_Psychometric Methods.pdf	5	928x1424	395	24	35	22	82	4.81x	22.06	37.93	53
Ibson_2006_Picturing men.pdf	88	1008x1440	235	9	36	8	54	4.33x	28.13	44.76	36
Ibson_2006_Picturing men.pdf	132	1008x1440	260	12	42	11	65	3.99x	27.29	40.28	46
Ibson_2006_Picturing men.pdf	198	1008x1440	248	9	41	9	61	4.06x	27.63	40.78	39
Riesman - 1954 - Individualism reconsidered, and other essays.pdf	9	2076x2650	710	44	203	54	302	2.35x	29.28	43.58	46
Riesman - 1954 - Individualism reconsidered, and other essays.pdf	13	1950x2592	631	37	153	46	237	2.65x	29.41	43.22	38
Riesman - 1954 - Individualism reconsidered, and other essays.pdf	19	1949x2592	673	35	154	42	232	2.90x	29.13	42.86	36
UN-OCred.pdf	21	1340x1106	293	16	61	13	91	3.20x	28.78	40.04	67
UN-OCred.pdf	31	1351x1109	306	16	56	15	89	3.42x	27.86	39.49	92
Broadhead - 1994 - Regionalism and the Upper Class.pdf	5	2278x1834	737	45	170	27	242	3.04x	29.29	40.41	78
Broadhead - 1994 - Regionalism and the Upper Class.pdf	7	2278x1834	731	44	171	26	242	3.01x	29.50	40.46	78
Broadhead - 1994 - Regionalism and the Upper Class.pdf	10	2278x1834	732	45	171	26	242	3.01x	29.43	40.46	78
Findlay_1992_Stanford Industrial Park_University of California Press.pdf	21	984x1335	188	9	40	6	57	3.31x	29.48	41.50	24
Krippner__The political economy of financial exuberance_Emerald Group Publishing Limited.pdf	14	1014x1614	201	26	73	24	124	1.62x	24.20	47.45	40
Krippner__The political economy of financial exuberance_Emerald Group Publishing Limited.pdf	21	1014x1614	217	27	75	25	128	1.69x	23.93	46.01	43
Krippner__The political economy of financial exuberance_Emerald Group Publishing Limited.pdf	31	1014x1614	230	29	75	26	130	1.76x	23.24	45.62	42
1881 - Harry Wilcox.pdf	4	4000x2626	1130	36	345	45	427	2.64x	34.53	58.35	68
1881 - Harry Wilcox.pdf	5	3897x2521	1272	41	354	58	455	2.80x	29.99	57.70	35
1881 - Harry Wilcox.pdf	7	3737x2482	1023	26	280	41	348	2.93x	33.61	60.84	30
1976 - Regis McKenna Papers - Early Career, 1965-1981.pdf	4	3024x3441	1457	27	292	46	365	3.98x	31.26	38.50	42
1976 - Regis McKenna Papers - Early Career, 1965-1981.pdf	7	3010x3397	1203	27	251	26	305	3.94x	32.94	39.97	84
Atkinson_1939_Atkinson on firings_.pdf	1	1935x2592	682	35	155	35	226	3.01x	29.91	41.97	43
Atkinson_1939_Atkinson on firings_.pdf	2	1935x2592	762	45	176	46	268	2.84x	28.41	41.23	45
Atkinson_1939_Atkinson on firings_.pdf	3	1935x2592	770	47	181	47	276	2.79x	27.76	41.06	46
Ford_1941_Speech_.pdf	3	1935x2592	731	28	168	40	237	3.07x	30.34	41.80	32
Ford_1941_Speech_.pdf	4	1935x2592	727	28	167	41	237	3.06x	30.17	41.83	32
Ford_1941_Speech_.pdf	5	1935x2592	747	30	171	42	243	3.07x	30.02	41.73	33
Herbert Marks papers.pdf	12	1700x2200	225	17	57	15	89	2.50x	34.18	46.60	40
October_2,_1960_(Page_24_of_25.pdf	1	2287x4007	1229	82	566	64	713	1.72x	25.18	47.96	245
Stanford_1891_Jane Stanford opening day speech (undelivered).pdf	1	1192x1746	303	17	64	19	101	2.99x	32.29	41.25	33
Stanford_1891_Jane Stanford opening day speech (undelivered).pdf	2	969x1419	208	13	43	12	69	3.01x	31.44	40.74	31
Stanford_1891_Jane Stanford opening day speech (undelivered).pdf	3	992x1441	231	15	47	14	77	2.98x	31.07	40.48	32
Stanford_1891_Jane Stanford opening day speech (undelivered).pdf	4	993x1438	227	14	46	14	75	3.00x	30.93	40.45	29
_1939_Former students to Board re Merriam_.pdf	7	1935x2592	748	32	186	28	246	3.03x	31.46	41.06	34
_1939_Former students to Board re Merriam_.pdf	10	1935x2592	622	18	160	14	193	3.22x	35.55	42.62	22
_1939_Former students to Board re Merriam_.pdf	14	1935x2592	755	37	175	39	251	3.00x	28.99	41.27	46
_1973_Committee Against Racism_.pdf	2	1276x1651	775	43	93	38	175	4.42x	20.62	37.71	80
_1973_Committee Against Racism_.pdf	3	1275x1650	802	46	74	38	159	5.01x	19.88	37.59	79
1944_Options picking up.pdf	1	1208x1656	553	37	90	22	150	3.67x	26.30	37.61	188
1944_Options picking up.pdf	2	1203x1652	469	24	92	16	133	3.50x	26.82	38.67	126
Albanese_1997_Senate Will Examine Stock Option Bill.pdf	1	1696x2200	650	37	100	41	180	3.60x	25.23	43.38	128
Albanese_1997_Senate Will Examine Stock Option Bill.pdf	2	1696x2200	776	46	122	48	217	3.58x	24.49	42.50	175
Har - THE NECKLACE OF KALI..pdf	1	4813x7223	6131	194	1193	321	1709	3.59x	28.43	41.16	875
Merriam_1920_Daughter of Pan_The Montanan (The Frontier).pdf	1	1935x2592	853	38	184	26	249	3.42x	29.62	39.44	97
1947_Corporation Tax Study Due By House Body.pdf	2	1244x1758	636	27	141	18	187	3.40x	21.74	37.56	322
Black_0000_The Scandal of Educational Testing.pdf	1	1932x2636	813	27	182	39	248	3.27x	27.56	42.24	100
Black_0000_The Scandal of Educational Testing.pdf	2	1020x1391	486	31	72	20	124	3.91x	21.56	37.72	235
Black_0000_The Scandal of Educational Testing.pdf	3	1020x1388	520	34	77	22	134	3.88x	20.87	37.29	286
Davis_2005_Optimism of the Will_Nation.pdf	3	717x960	206	13	32	8	55	3.75x	21.58	37.87	106
Ehrenreich_2000_Maid to order_Harper's Magazine.pdf	5	1600x2201	597	32	102	28	163	3.66x	27.26	39.74	67
Glazer_2002_Higher Ed_New Republic.pdf	1	1590x2177	849	62	155	54	272	3.12x	22.80	39.70	187
Kelly_2014_Orders of Magnitude_TLS.pdf	3	2092x2664	1331	46	179	58	284	4.67x	24.02	39.59	188
Marth_1982_Why Unions Lose At Many Companies_Nation's Business (pre-1986); Washington.pdf	1	1016x1502	463	26	77	20	124	3.73x	21.70	38.55	163
Marth_1982_Why Unions Lose At Many Companies_Nation's Business (pre-1986); Washington.pdf	2	1177x1538	588	37	86	33	156	3.76x	20.38	38.46	159
Merriam_1913_Clutter of Things_The Independent.pdf	2	1808x2807	1340	70	113	89	273	4.90x	22.02	40.05	155
_1958_Executive Pay_Nation's Business (pre-1986); Washington.pdf	3	919x1357	468	33	59	25	117	3.98x	20.13	37.57	180
_1958_Executive Pay_Nation's Business (pre-1986); Washington.pdf	4	971x1387	458	27	58	22	109	4.19x	20.23	38.01	144
_1958_Executive Pay_Nation's Business (pre-1986); Washington.pdf	5	915x1369	504	34	47	26	108	4.64x	19.55	37.40	187
_1967_Yearly Increase of 15% Expected by Ampex_Boxoffice (Archive 1920-2000); New York.pdf	1	1159x1573	502	36	69	24	130	3.86x	23.76	37.61	224
Berendzen_1981_The Soaring Lesson of America in Space_Newsday (1940-1990), Nassau ed.; Long Island, N.Y..pdf	1	1246x2011	752	47	111	34	192	3.90x	21.34	38.60	193
Gitlin_2000_How Our Crowd Got Lonely_New York Times.pdf	1	959x1281	479	38	51	21	112	4.28x	19.91	37.23	203
Williams_1958_DEMOCRACY OR MERITOCRACY_The Manchester Guardian (1901-1959); Manchester (UK).pdf	1	1997x3219	1627	108	320	143	573	2.84x	19.91	40.16	315
Zipkin_2000_Management.pdf	2	1908x2383	1609	80	170	74	324	4.96x	20.94	38.47	269
_1973_Other 67 -- No Title_Newsday (1940-1988), Nassau ed.; Long Island, N.Y..pdf	2	1296x1086	356	25	55	19	101	3.52x	21.00	39.25	197
_1973_Other 67 -- No Title_Newsday (1940-1988), Nassau ed.; Long Island, N.Y..pdf	3	1328x1134	408	27	63	21	112	3.63x	20.79	38.93	199
___ 3.pdf	1	6215x9217	8781	383	2109	294	2786	3.15x	30.84	42.42	722
___ 4.pdf	1	2383x4281	1547	96	312	126	536	2.89x	22.60	42.14	462
Doermann_1967_The market for college education in the United States.pdf	10	2652x3202	1084	48	265	59	372	2.91x	30.88	42.12	104
Doermann_1967_The market for college education in the United States.pdf	21	2658x3200	1312	80	304	75	460	2.85x	28.58	40.39	52
Schwaller - 2026 - Silicon Valley Landscapes Architecture and the Soft Power of Big Tech.pdf	151	736x952	111	6	16	6	30	3.73x	25.82	41.00	26

=== 72 picture pages ===
today: 61219 KB   MRC: 18798 KB   3.26x smaller
